time,upload_id,event,method,filename,box,top1,top1_sim,top5,likely_new,verdict,true_name,notes
2026-10-10T11:38:06,20261010-113754-2ee2f3,identify,gemini,IMG_3430.jpeg,"[164, 260, 825, 893]",Lotus,1.27,Lotus:1.27;Chopsticks:1.9;Flower:1.33;Sunflower:1.19;Shingles:1.15,1,,,"Candidate E shares an identical carapace pattern, including the distinctive radial ring of spots on the posterior central scute and identical spot configurations across all vertebral and pleural scutes."
2026-10-10T11:38:06,20261010-113754-2ee2f3,identify,best,IMG_3430.jpeg,,Chopsticks,1.9,Chopsticks:1.9;Flower:1.33;Lotus:1.27;Sunflower:1.19;Shingles:1.15,1,,,spot 3.9
2026-10-10T11:38:06,20261010-113754-2ee2f3,identify,sift,IMG_3430.jpeg,"[164, 260, 825, 893]",Chopsticks,3.9,Chopsticks:3.9;Flower:2.0;Sunflower:1.6;Shingles:1.4;Lotus:1.2,1,,,
2026-10-10T11:38:06,20261010-113754-2ee2f3,identify,combined,IMG_3430.jpeg,"[164, 260, 825, 893]",Lotus,0.504,Lotus:0.504;T104:0.364;T117:0.345;Chopsticks:0.314;T016:0.308,0,,,
2026-10-10T11:38:06,20261010-113754-2ee2f3,identify,full,IMG_3430.jpeg,,Flower_2,0.5,Flower_2:0.5;Flower:0.412;Strobe:0.366;Esther:0.36;T104:0.354,0,,,
2026-10-10T11:38:06,20261010-113754-2ee2f3,identify,crop,IMG_3430.jpeg,"[164, 260, 825, 893]",T066,0.364,T066:0.364;Cruella:0.355;Faded_Flower:0.335;T044:0.331;T104:0.313,0,,,
2026-10-10T11:38:06,20261010-113754-2ee2f3,identify,tight,IMG_3430.jpeg,"[164, 260, 825, 893]",Lotus,0.535,Lotus:0.535;Shingles:0.377;Glyph:0.332;T104:0.304;Chopsticks:0.304,0,,,
2026-10-10T11:38:58,20261010-113754-2ee2f3,feedback,,,,,,,,new_turtle,,
2026-10-10T11:43:03,20261010-114252-faf732,identify,gemini,IMG_2915.HEIC,"[250, 114, 903, 769]",Faded_Flower,2.47,Faded_Flower:2.47;Flower:0.8;T066:1.06;T117:0.83;Esther:0.85,0,,,"Candidate A shares identical central scute markings, including the distinctive paired V-shaped spots and radiating dash layout."
2026-10-10T11:43:03,20261010-114252-faf732,identify,best,IMG_2915.HEIC,,Faded_Flower,2.47,Faded_Flower:2.47;T066:1.06;Esther:0.85;T117:0.83;Flower:0.8,0,,,spot 5.9
2026-10-10T11:43:03,20261010-114252-faf732,identify,sift,IMG_2915.HEIC,"[250, 114, 903, 769]",Faded_Flower,5.9,Faded_Flower:5.9;T066:1.8;T117:0.9;Esther:0.9;Fist:0.7,0,,,
2026-10-10T11:43:03,20261010-114252-faf732,identify,combined,IMG_2915.HEIC,"[250, 114, 903, 769]",Faded_Flower,0.541,Faded_Flower:0.541;Sunflower:0.385;Flower:0.333;Shingles:0.278;Cruella:0.271,0,,,
2026-10-10T11:43:03,20261010-114252-faf732,identify,full,IMG_2915.HEIC,,Compass,0.539,Compass:0.539;Shingles:0.511;Flower:0.488;Cruella:0.468;T022_23:0.461,0,,,
2026-10-10T11:43:03,20261010-114252-faf732,identify,crop,IMG_2915.HEIC,"[250, 114, 903, 769]",Flower,0.57,Flower:0.57;Bubbles:0.448;Faded_Flower:0.426;T044:0.385;Esther:0.385,0,,,
2026-10-10T11:43:03,20261010-114252-faf732,identify,tight,IMG_2915.HEIC,"[250, 114, 903, 769]",Sunflower,0.672,Sunflower:0.672;T117:0.553;Flower:0.539;Faded_Flower:0.538;Strobe_II:0.529,0,,,
2026-10-10T11:43:16,20261010-114306-9504ec,identify,gemini,IMG_2915.HEIC,"[249, 114, 893, 770]",Faded_Flower,2.48,Faded_Flower:2.48;Flower:0.82;T066:0.92;Strobe_II:0.94;Shingles:1.26,0,,,"Candidate E displays an identical configuration of yellow markings, including the distinctive vertebral stripe and radiating costal patterns."
2026-10-10T11:43:16,20261010-114306-9504ec,identify,best,IMG_2915.HEIC,,Faded_Flower,2.48,Faded_Flower:2.48;Shingles:1.26;Strobe_II:0.94;T066:0.92;Flower:0.82,0,,,spot 6.5
2026-10-10T11:43:16,20261010-114306-9504ec,identify,sift,IMG_2915.HEIC,"[249, 114, 893, 770]",Faded_Flower,6.5,Faded_Flower:6.5;Shingles:1.8;T066:1.2;D.E.P.:0.8;Compass:0.8,0,,,
2026-10-10T11:43:16,20261010-114306-9504ec,identify,combined,IMG_2915.HEIC,"[249, 114, 893, 770]",Faded_Flower,0.461,Faded_Flower:0.461;Strobe_II:0.416;Sunflower:0.352;Strobe:0.343;T044:0.342,0,,,
2026-10-10T11:43:16,20261010-114306-9504ec,identify,full,IMG_2915.HEIC,,Compass,0.539,Compass:0.539;Shingles:0.511;Flower:0.488;Cruella:0.468;T022_23:0.461,0,,,
2026-10-10T11:43:16,20261010-114306-9504ec,identify,crop,IMG_2915.HEIC,"[249, 114, 893, 770]",T044,0.549,T044:0.549;Flower:0.475;T022_23:0.464;Jigsaw:0.463;Flower_2:0.449,0,,,
2026-10-10T11:43:16,20261010-114306-9504ec,identify,tight,IMG_2915.HEIC,"[249, 114, 893, 770]",Sunflower,0.605,Sunflower:0.605;Strobe_II:0.592;Faded_Flower:0.515;Flower:0.495;Cruella:0.486,0,,,
2026-10-10T11:45:30,20261010-114522-115cf2,identify,gemini,IMG_3310.heic,"[82, 114, 882, 895]",Faded_Flower,2.49,Faded_Flower:2.49;Flower:1.02;Cruella:0.89;Shingles:0.91;D.E.P.:1.03,0,,,Candidate D shows identical spot patterns and layout on all visible scutes as the QUERY turtle.
2026-10-10T11:45:30,20261010-114522-115cf2,identify,best,IMG_3310.heic,,Faded_Flower,2.49,Faded_Flower:2.49;D.E.P.:1.03;Flower:1.02;Shingles:0.91;Cruella:0.89,0,,,spot 8.7
2026-10-10T11:45:30,20261010-114522-115cf2,identify,sift,IMG_3310.heic,"[82, 114, 882, 895]",Faded_Flower,8.7,Faded_Flower:8.7;D.E.P.:1.2;Flower:1.0;T066:0.9;Chopsticks:0.9,0,,,
2026-10-10T11:45:30,20261010-114522-115cf2,identify,combined,IMG_3310.heic,"[82, 114, 882, 895]",T117,0.378,T117:0.378;Shingles:0.349;Cruella:0.347;Sunflower:0.341;Jigsaw:0.341,0,,,
2026-10-10T11:45:30,20261010-114522-115cf2,identify,full,IMG_3310.heic,,T117,0.581,T117:0.581;Shingles:0.552;Cruella:0.518;Flower_2:0.5;Jigsaw:0.493,0,,,
2026-10-10T11:45:30,20261010-114522-115cf2,identify,crop,IMG_3310.heic,"[82, 114, 882, 895]",T117,0.635,T117:0.635;Cruella:0.608;Shingles:0.602;Flower_2:0.521;Compass:0.468,0,,,
2026-10-10T11:45:30,20261010-114522-115cf2,identify,tight,IMG_3310.heic,"[82, 114, 882, 895]",Flower,0.54,Flower:0.54;Cruella:0.516;T117:0.51;Shingles:0.49;Sunflower:0.469,0,,,
2026-10-10T11:46:15,20261010-114606-8acf49,identify,gemini,IMG_3321.heic,"[95, 68, 915, 903]",Faded_Flower,1.54,Faded_Flower:1.54;Flower:0.65;Sunflower:0.57;Cruella:0.8;D.E.P.:0.57,1,,,Candidate E displays an identical yellow spot and dash layout across all vertebral and costal scutes.
2026-10-10T11:46:15,20261010-114606-8acf49,identify,best,IMG_3321.heic,,Faded_Flower,1.54,Faded_Flower:1.54;Cruella:0.8;Flower:0.65;D.E.P.:0.57;Sunflower:0.57,1,,,spot 2.0
2026-10-10T11:46:15,20261010-114606-8acf49,identify,sift,IMG_3321.heic,"[95, 68, 915, 903]",Faded_Flower,2.0,Faded_Flower:2.0;Bubbles:0.7;T039_70:0.5;D.E.P.:0.4;T066:0.4,1,,,
2026-10-10T11:46:15,20261010-114606-8acf49,identify,combined,IMG_3321.heic,"[95, 68, 915, 903]",Cruella,0.487,Cruella:0.487;Faded_Flower:0.443;Flower:0.431;Jigsaw:0.375;Sunflower:0.359,0,,,
2026-10-10T11:46:15,20261010-114606-8acf49,identify,full,IMG_3321.heic,,Cruella,0.621,Cruella:0.621;Flower_2:0.581;Flower:0.569;Shingles:0.473;Jigsaw:0.451,0,,,
2026-10-10T11:46:15,20261010-114606-8acf49,identify,crop,IMG_3321.heic,"[95, 68, 915, 903]",Cruella,0.512,Cruella:0.512;Flower_2:0.495;Flower:0.431;Compass:0.412;Jigsaw:0.401,0,,,
2026-10-10T11:46:15,20261010-114606-8acf49,identify,tight,IMG_3321.heic,"[95, 68, 915, 903]",Cruella,0.656,Cruella:0.656;Flower:0.644;Sunflower:0.579;Faded_Flower:0.576;T103x:0.48,0,,,
2026-10-10T11:50:19,20261010-115009-9542e7,identify,gemini,IMG_2946.HEIC,"[108, 62, 850, 794]",Shingles,1.37,Shingles:1.37;Esther:0.93;T117:1.17;Faded_Flower:0.93;Cruella:1.21,1,,,"Candidate C matches the query precisely in the vertebral dot ring pattern, central keel line, and the circular scute scar on the left side."
2026-10-10T11:50:19,20261010-115009-9542e7,identify,best,IMG_2946.HEIC,,Shingles,1.37,Shingles:1.37;Cruella:1.21;T117:1.17;Faded_Flower:0.93;Esther:0.93,1,,,spot 1.5
2026-10-10T11:50:19,20261010-115009-9542e7,identify,sift,IMG_2946.HEIC,"[108, 62, 850, 794]",T117,1.5,T117:1.5;Shingles:1.5;Cruella:1.1;Faded_Flower:1.1;Esther:1.0,1,,,
2026-10-10T11:50:19,20261010-115009-9542e7,identify,combined,IMG_2946.HEIC,"[108, 62, 850, 794]",Cruella,0.468,Cruella:0.468;Shingles:0.457;Flower:0.366;Strobe:0.362;T026:0.334,0,,,
2026-10-10T11:50:19,20261010-115009-9542e7,identify,full,IMG_2946.HEIC,,Esther,0.424,Esther:0.424;T117:0.372;T044:0.372;T022_23:0.365;Rooster_II:0.357,0,,,
2026-10-10T11:50:19,20261010-115009-9542e7,identify,crop,IMG_2946.HEIC,"[108, 62, 850, 794]",Shingles,0.513,Shingles:0.513;Flower:0.502;Cruella:0.423;T117:0.415;Bubbles:0.392,0,,,
2026-10-10T11:50:19,20261010-115009-9542e7,identify,tight,IMG_2946.HEIC,"[108, 62, 850, 794]",Sunflower,0.642,Sunflower:0.642;Cruella:0.562;Shingles:0.531;Flower:0.519;Flower_2:0.505,0,,,
2026-10-10T11:52:07,20261010-115154-75d49f,identify,gemini,IMG_3188.HEIC,"[90, 218, 770, 897]",Sunflower,1.88,Sunflower:1.88;Flower:2.31;Cruella:0.88;T117:1.3;Shingles:1.05,1,,,"Candidate A matches the query's distinct radial scute spot patterns and central vertebral mark perfectly, appearing identical when wet."
2026-10-10T11:52:07,20261010-115154-75d49f,identify,best,IMG_3188.HEIC,,Flower,2.31,Flower:2.31;Sunflower:1.88;T117:1.3;Shingles:1.05;Cruella:0.88,0,,,spot 4.8
2026-10-10T11:52:07,20261010-115154-75d49f,identify,sift,IMG_3188.HEIC,"[90, 218, 770, 897]",Flower,4.8,Flower:4.8;Sunflower:2.5;T117:1.3;Shingles:1.2;Rooster:0.8,0,,,
2026-10-10T11:52:07,20261010-115154-75d49f,identify,combined,IMG_3188.HEIC,"[90, 218, 770, 897]",Sunflower,0.645,Sunflower:0.645;Flower:0.547;T117:0.462;Cruella:0.438;Jigsaw:0.361,0,,,
2026-10-10T11:52:07,20261010-115154-75d49f,identify,full,IMG_3188.HEIC,,Sunflower,0.783,Sunflower:0.783;Flower:0.625;Jigsaw:0.549;Strobe:0.511;T117:0.509,0,,,
2026-10-10T11:52:07,20261010-115154-75d49f,identify,crop,IMG_3188.HEIC,"[90, 218, 770, 897]",Sunflower,0.771,Sunflower:0.771;Flower:0.699;Jigsaw:0.551;Cruella:0.546;T117:0.544,0,,,
2026-10-10T11:52:07,20261010-115154-75d49f,identify,tight,IMG_3188.HEIC,"[90, 218, 770, 897]",Sunflower,0.69,Sunflower:0.69;Jigsaw:0.604;Flower:0.589;T117:0.553;Cruella:0.511,0,,,
2026-10-10T11:53:11,20261010-115304-f0aeec,identify,gemini,IMG_3206.HEIC,"[270, 169, 909, 762]",Flower,1.76,Flower:1.76;Sunflower:0.72;Compass:0.6;Jigsaw:0.75;Cruella:0.63,1,,,Candidate E displays identical spot arrangements and radiating mark shapes across all vertebral and costal scutes.
2026-10-10T11:53:11,20261010-115304-f0aeec,identify,best,IMG_3206.HEIC,,Flower,1.76,Flower:1.76;Jigsaw:0.75;Sunflower:0.72;Cruella:0.63;Compass:0.6,1,,,spot 3.1
2026-10-10T11:53:11,20261010-115304-f0aeec,identify,sift,IMG_3206.HEIC,"[270, 169, 909, 762]",Flower,3.1,Flower:3.1;Jigsaw:0.5;Bubbles:0.4;T039_70:0.4;Shingles:0.3,1,,,
2026-10-10T11:53:11,20261010-115304-f0aeec,identify,combined,IMG_3206.HEIC,"[270, 169, 909, 762]",Sunflower,0.464,Sunflower:0.464;T117:0.411;Cruella:0.399;Faded_Flower:0.375;Compass:0.345,0,,,
2026-10-10T11:53:11,20261010-115304-f0aeec,identify,full,IMG_3206.HEIC,,Sunflower,0.701,Sunflower:0.701;Cruella:0.496;Jigsaw:0.476;T026:0.474;T039_70:0.467,0,,,
2026-10-10T11:53:11,20261010-115304-f0aeec,identify,crop,IMG_3206.HEIC,"[270, 169, 909, 762]",Sunflower,0.574,Sunflower:0.574;Flower:0.454;Cruella:0.453;Jigsaw:0.396;T117:0.394,0,,,
2026-10-10T11:53:11,20261010-115304-f0aeec,identify,tight,IMG_3206.HEIC,"[270, 169, 909, 762]",Cruella,0.627,Cruella:0.627;Spikey:0.548;Flower:0.539;Sunflower:0.518;T117:0.511,0,,,
2026-10-10T11:53:37,20261010-115327-494099,identify,gemini,IMG_3216.HEIC,"[298, 335, 715, 689]",Flower,1.78,Flower:1.78;T117:0.7;Sunflower:0.91;Cruella:0.79;Compass:0.68,1,,,Candidate E matches the QUERY perfectly in both the vertebral ring spot clusters and the lateral scute stripe/blotch patterns.
2026-10-10T11:53:37,20261010-115327-494099,identify,best,IMG_3216.HEIC,,Flower,1.78,Flower:1.78;Sunflower:0.91;Cruella:0.79;T117:0.7;Compass:0.68,1,,,spot 3.0
2026-10-10T11:53:37,20261010-115327-494099,identify,sift,IMG_3216.HEIC,"[298, 335, 715, 689]",Flower,3.0,Flower:3.0;Sunflower:0.6;T103x:0.6;Cruella:0.6;T117:0.4,1,,,
2026-10-10T11:53:37,20261010-115327-494099,identify,combined,IMG_3216.HEIC,"[298, 335, 715, 689]",Sunflower,0.425,Sunflower:0.425;Compass:0.415;Flower:0.392;Cruella:0.339;T117:0.334,0,,,
2026-10-10T11:53:37,20261010-115327-494099,identify,full,IMG_3216.HEIC,,Jigsaw,0.625,Jigsaw:0.625;Sunflower:0.552;Cruella:0.477;Compass:0.477;Flower:0.475,0,,,
2026-10-10T11:53:37,20261010-115327-494099,identify,crop,IMG_3216.HEIC,"[298, 335, 715, 689]",Sunflower,0.58,Sunflower:0.58;Jigsaw:0.537;Flower:0.483;Compass:0.441;Cruella:0.428,0,,,
2026-10-10T11:53:37,20261010-115327-494099,identify,tight,IMG_3216.HEIC,"[298, 335, 715, 689]",Compass,0.609,Compass:0.609;Spikey:0.598;Sunflower:0.575;Flower:0.573;Jigsaw:0.551,0,,,
2026-10-10T11:54:02,20261010-115354-e84069,identify,gemini,IMG_3479.HEIC,"[193, 219, 960, 856]",Spikey,1.62,Spikey:1.62;Compass:0.82;Cruella:0.88;T117:0.94;Shingles:0.94,1,,,Candidate A displays the identical yellow mark shapes and radiating stripe layouts across all visible vertebral and pleural scutes as the QUERY.
2026-10-10T11:54:02,20261010-115354-e84069,identify,best,IMG_3479.HEIC,,Spikey,1.62,Spikey:1.62;T117:0.94;Shingles:0.94;Cruella:0.88;Compass:0.82,1,,,spot 2.0
2026-10-10T11:54:02,20261010-115354-e84069,identify,sift,IMG_3479.HEIC,"[193, 219, 960, 856]",Spikey,2.0,Spikey:2.0;Shingles:0.9;Cruella:0.8;Bubbles:0.7;T066:0.7,1,,,
2026-10-10T11:54:02,20261010-115354-e84069,identify,combined,IMG_3479.HEIC,"[193, 219, 960, 856]",Spikey,0.521,Spikey:0.521;Compass:0.509;T117:0.485;T122:0.429;Cruella:0.321,0,,,
2026-10-10T11:54:02,20261010-115354-e84069,identify,full,IMG_3479.HEIC,,Compass,0.516,Compass:0.516;Spikey:0.486;Shingles:0.458;Cruella:0.455;Flower:0.453,0,,,
2026-10-10T11:54:02,20261010-115354-e84069,identify,crop,IMG_3479.HEIC,"[193, 219, 960, 856]",Compass,0.578,Compass:0.578;T117:0.566;Cruella:0.477;Spikey:0.445;Flower_2:0.435,0,,,
2026-10-10T11:54:02,20261010-115354-e84069,identify,tight,IMG_3479.HEIC,"[193, 219, 960, 856]",Spikey,0.741,Spikey:0.741;Cruella:0.558;T122:0.548;T117:0.526;T103x:0.506,0,,,
2026-10-10T11:56:13,20261010-115604-920515,identify,gemini,IMG_3330.heic,"[133, 62, 720, 903]",Compass,2.09,Compass:2.09;Rooster_II:0.73;Spikey:0.71;T066:0.75;T122:0.67,0,,,"Candidate D shows identical scute shapes and marking patterns, including the distinct central vertical line and surrounding yellow arrangements."
2026-10-10T11:56:13,20261010-115604-920515,identify,best,IMG_3330.heic,,Compass,2.09,Compass:2.09;T066:0.75;Rooster_II:0.73;Spikey:0.71;T122:0.67,0,,,spot 4.3
2026-10-10T11:56:13,20261010-115604-920515,identify,sift,IMG_3330.heic,"[133, 62, 720, 903]",Compass,4.3,Compass:4.3;Rooster_II:0.7;T066:0.6;T117:0.5;Flower:0.5,0,,,
2026-10-10T11:56:13,20261010-115604-920515,identify,combined,IMG_3330.heic,"[133, 62, 720, 903]",T122,0.466,T122:0.466;Spikey:0.429;Compass:0.418;Emoji:0.39;Cruella:0.323,0,,,
2026-10-10T11:56:13,20261010-115604-920515,identify,full,IMG_3330.heic,,Compass,0.541,Compass:0.541;Sunflower:0.501;Flower_2:0.479;T122:0.472;Cruella:0.424,0,,,
2026-10-10T11:56:13,20261010-115604-920515,identify,crop,IMG_3330.heic,"[133, 62, 720, 903]",Compass,0.712,Compass:0.712;Flower_2:0.559;Cruella:0.468;T117:0.412;T122:0.409,0,,,
2026-10-10T11:56:13,20261010-115604-920515,identify,tight,IMG_3330.heic,"[133, 62, 720, 903]",T122,0.561,T122:0.561;D.E.P.:0.555;Compass:0.494;Strobe_II:0.493;Cruella:0.455,0,,,
2026-10-10T11:57:23,20261010-115709-ec0fe3,identify,gemini,IMG_3215.HEIC,"[426, 313, 735, 575]",Flower_2,0.61,Flower_2:0.61;Flower:1.32;T117:0.67;Sunflower:0.7;Compass:0.71,1,,,"Candidate E matches the query perfectly in every scute pattern, including the distinctive flower-like rings of yellow dots on the pleural scutes and paired dots along the vertebral scutes."
2026-10-10T11:57:23,20261010-115709-ec0fe3,identify,best,IMG_3215.HEIC,,Flower,1.32,Flower:1.32;Compass:0.71;Sunflower:0.7;T117:0.67;Flower_2:0.61,1,,,spot 1.6
2026-10-10T11:57:23,20261010-115709-ec0fe3,identify,sift,IMG_3215.HEIC,"[426, 313, 735, 575]",Flower,1.6,Flower:1.6;T066:0.6;T117:0.4;Fist:0.4;Compass:0.4,1,,,
2026-10-10T11:57:23,20261010-115709-ec0fe3,identify,combined,IMG_3215.HEIC,"[426, 313, 735, 575]",Flower_2,0.44,Flower_2:0.44;Sunflower:0.396;Compass:0.393;Flower:0.379;T117:0.324,0,,,
2026-10-10T11:57:23,20261010-115709-ec0fe3,identify,full,IMG_3215.HEIC,,T117,0.549,T117:0.549;Sunflower:0.516;Jigsaw:0.487;Flower:0.471;Strobe:0.429,0,,,
2026-10-10T11:57:23,20261010-115709-ec0fe3,identify,crop,IMG_3215.HEIC,"[426, 313, 735, 575]",Jigsaw,0.603,Jigsaw:0.603;Flower_2:0.585;T117:0.478;Sunflower:0.467;D.E.P.:0.436,0,,,
2026-10-10T11:57:23,20261010-115709-ec0fe3,identify,tight,IMG_3215.HEIC,"[426, 313, 735, 575]",Flower,0.681,Flower:0.681;Jigsaw:0.623;Compass:0.614;Sunflower:0.612;Flower_2:0.553,0,,,
2026-10-10T11:58:55,20261010-115843-647816,identify,gemini,IMG_3210.HEIC,"[356, 283, 773, 831]",Flower,1.09,Flower:1.09;T117:0.76;Jigsaw:0.83;Cruella:0.98;Shingles:0.81,1,,,Candidate B matches the unique spot and line configurations across all central vertebral and pleural scutes.
2026-10-10T11:58:55,20261010-115843-647816,identify,best,IMG_3210.HEIC,,Flower,1.09,Flower:1.09;Cruella:0.98;Jigsaw:0.83;Shingles:0.81;T117:0.76,1,,,spot 0.6
2026-10-10T11:58:55,20261010-115843-647816,identify,sift,IMG_3210.HEIC,"[356, 283, 773, 831]",Cruella,0.8,Cruella:0.8;Flower:0.6;Chopsticks:0.6;Bubbles:0.5;Shingles:0.5,1,,,
2026-10-10T11:58:55,20261010-115843-647816,identify,combined,IMG_3210.HEIC,"[356, 283, 773, 831]",Flower,0.612,Flower:0.612;T117:0.507;Jigsaw:0.493;Shingles:0.433;Compass:0.416,0,,,
2026-10-10T11:58:55,20261010-115843-647816,identify,full,IMG_3210.HEIC,,Flower,0.668,Flower:0.668;Cruella:0.646;Sunflower:0.642;T117:0.613;Compass:0.606,0,,,
2026-10-10T11:58:55,20261010-115843-647816,identify,crop,IMG_3210.HEIC,"[356, 283, 773, 831]",Flower,0.76,Flower:0.76;Cruella:0.644;Sunflower:0.571;Compass:0.535;T117:0.534,0,,,
2026-10-10T11:58:55,20261010-115843-647816,identify,tight,IMG_3210.HEIC,"[356, 283, 773, 831]",Flower,0.602,Flower:0.602;T117:0.579;Compass:0.571;Sunflower:0.52;Cruella:0.515,0,,,
2026-10-10T11:59:28,20261010-115920-2f39b8,identify,gemini,IMG_3210.HEIC,"[358, 281, 775, 831]",Flower,0.94,Flower:0.94;Cruella:0.74;T117:0.93;Shingles:0.77;Bubbles:0.89,1,,,Candidate B (photo 3) matches the QUERY in exact vertebral and pleural scute dot configurations and shell texture.
2026-10-10T11:59:28,20261010-115920-2f39b8,identify,best,IMG_3210.HEIC,,Flower,0.94,Flower:0.94;T117:0.93;Bubbles:0.89;Shingles:0.77;Cruella:0.74,1,,,spot 0.5
2026-10-10T11:59:28,20261010-115920-2f39b8,identify,sift,IMG_3210.HEIC,"[358, 281, 775, 831]",Bubbles,1.0,Bubbles:1.0;Strobe_II:0.5;Flower:0.5;T117:0.4;T045:0.4,1,,,
2026-10-10T11:59:28,20261010-115920-2f39b8,identify,combined,IMG_3210.HEIC,"[358, 281, 775, 831]",T117,0.565,T117:0.565;Flower:0.563;Shingles:0.483;Cruella:0.417;Jigsaw:0.387,0,,,
2026-10-10T11:59:28,20261010-115920-2f39b8,identify,full,IMG_3210.HEIC,,Flower,0.668,Flower:0.668;Cruella:0.646;Sunflower:0.642;T117:0.613;Compass:0.606,0,,,
2026-10-10T11:59:28,20261010-115920-2f39b8,identify,crop,IMG_3210.HEIC,"[358, 281, 775, 831]",Flower,0.704,Flower:0.704;Cruella:0.585;Sunflower:0.566;T117:0.563;Compass:0.504,0,,,
2026-10-10T11:59:28,20261010-115920-2f39b8,identify,tight,IMG_3210.HEIC,"[358, 281, 775, 831]",Compass,0.544,Compass:0.544;T117:0.535;Sunflower:0.529;Flower:0.524;Cruella:0.428,0,,,
2026-10-10T12:01:13,20261010-120104-dcbe05,identify,gemini,IMG_7448.jpg,"[63, 100, 903, 920]",Jazzy,1.61,Jazzy:1.61;Sunflower:0.67;Glyph:0.59;T117:0.61;Shingles:0.6,1,,,"Candidate C matches the QUERY turtle identically in the specific shape, orientation, and placement of all yellow radiating spots across every visible vertebral and costal scute."
2026-10-10T12:01:13,20261010-120104-dcbe05,identify,best,IMG_7448.jpg,,Jazzy,1.61,Jazzy:1.61;Sunflower:0.67;T117:0.61;Shingles:0.6;Glyph:0.59,1,,,spot 2.6
2026-10-10T12:01:13,20261010-120104-dcbe05,identify,sift,IMG_7448.jpg,"[63, 100, 903, 920]",Jazzy,2.6,Jazzy:2.6;Chopsticks:0.4;Glyph:0.4;Aztec:0.4;Spikey:0.4,1,,,
2026-10-10T12:01:13,20261010-120104-dcbe05,identify,combined,IMG_7448.jpg,"[63, 100, 903, 920]",T117,0.368,T117:0.368;Shingles:0.356;Jazzy:0.337;Sunflower:0.329;Fist:0.328,0,,,
2026-10-10T12:01:13,20261010-120104-dcbe05,identify,full,IMG_7448.jpg,,T117,0.524,T117:0.524;Sunflower:0.496;T026:0.454;Cruella:0.423;T122:0.42,0,,,
2026-10-10T12:01:13,20261010-120104-dcbe05,identify,crop,IMG_7448.jpg,"[63, 100, 903, 920]",Sunflower,0.596,Sunflower:0.596;T026:0.455;T117:0.407;Glyph:0.372;Shingles:0.37,0,,,
2026-10-10T12:01:13,20261010-120104-dcbe05,identify,tight,IMG_7448.jpg,"[63, 100, 903, 920]",Fist,0.689,Fist:0.689;T104:0.67;D.E.P.:0.657;T117:0.645;Lotus:0.628,0,,,
2026-10-10T12:02:15,20261010-120204-dd0090,identify,gemini,IMG_7563.JPEG,"[390, 360, 560, 691]",Jazzy,0.83,Jazzy:0.83;Shingles:0.65;T117:0.7;Jigsaw:0.79;Cruella:0.91,1,,,"Candidate C matches the QUERY turtle perfectly in scute ring/starburst spot patterns, growth ring textures, and vertebral keel markings."
2026-10-10T12:02:15,20261010-120204-dd0090,identify,best,IMG_7563.JPEG,,Cruella,0.91,Cruella:0.91;Jazzy:0.83;Jigsaw:0.79;T117:0.7;Shingles:0.65,1,,,spot 0.8
2026-10-10T12:02:15,20261010-120204-dd0090,identify,sift,IMG_7563.JPEG,"[390, 360, 560, 691]",Cruella,0.8,Cruella:0.8;Jigsaw:0.8;Shingles:0.6;T066:0.5;T117:0.5,1,,,
2026-10-10T12:02:15,20261010-120204-dd0090,identify,combined,IMG_7563.JPEG,"[390, 360, 560, 691]",Jazzy,0.441,Jazzy:0.441;Sunflower:0.344;Cruella:0.328;T117:0.315;D.E.P.:0.258,0,,,
2026-10-10T12:02:15,20261010-120204-dd0090,identify,full,IMG_7563.JPEG,,T117,0.543,T117:0.543;T026:0.514;T122:0.51;Sunflower:0.433;Jigsaw:0.421,0,,,
2026-10-10T12:02:15,20261010-120204-dd0090,identify,crop,IMG_7563.JPEG,"[390, 360, 560, 691]",Esther,0.582,Esther:0.582;Cruella:0.521;Jazzy:0.509;Lotus:0.437;Jigsaw:0.395,0,,,
2026-10-10T12:02:15,20261010-120204-dd0090,identify,tight,IMG_7563.JPEG,"[390, 360, 560, 691]",Jazzy,0.635,Jazzy:0.635;T117:0.509;Rooster_II:0.485;Emoji:0.47;Cruella:0.469,0,,,
2026-10-10T12:03:55,20261010-120348-f84e3d,identify,gemini,IMG_3478.HEIC,"[240, 309, 786, 842]",Spikey,1.26,Spikey:1.26;Compass:0.82;Cruella:0.82;D.E.P.:0.79;Jigsaw:0.86,1,,,"Candidate C perfectly matches the query turtle's unique scute markings, including the vertical radiating stripes on the middle costal scute and the star-shaped pattern on the posterior costal scute."
2026-10-10T12:03:55,20261010-120348-f84e3d,identify,best,IMG_3478.HEIC,,Spikey,1.26,Spikey:1.26;Jigsaw:0.86;Compass:0.82;Cruella:0.82;D.E.P.:0.79,1,,,spot 1.2
2026-10-10T12:03:55,20261010-120348-f84e3d,identify,sift,IMG_3478.HEIC,"[240, 309, 786, 842]",Spikey,1.2,Spikey:1.2;Chopsticks:0.9;Jigsaw:0.8;Flower:0.6;T066:0.6,1,,,
2026-10-10T12:03:55,20261010-120348-f84e3d,identify,combined,IMG_3478.HEIC,"[240, 309, 786, 842]",T117,0.498,T117:0.498;Spikey:0.451;Cruella:0.446;Compass:0.437;Shingles:0.386,0,,,
2026-10-10T12:03:55,20261010-120348-f84e3d,identify,full,IMG_3478.HEIC,,Compass,0.672,Compass:0.672;Shingles:0.503;Flower_2:0.469;Cruella:0.405;T117:0.369,0,,,
2026-10-10T12:03:55,20261010-120348-f84e3d,identify,crop,IMG_3478.HEIC,"[240, 309, 786, 842]",T117,0.544,T117:0.544;Compass:0.53;Cruella:0.489;Shingles:0.452;Spikey:0.435,0,,,
2026-10-10T12:03:55,20261010-120348-f84e3d,identify,tight,IMG_3478.HEIC,"[240, 309, 786, 842]",Cruella,0.621,Cruella:0.621;Spikey:0.604;T122:0.584;Sunflower:0.57;Compass:0.489,0,,,
2026-10-10T12:04:40,20261010-120431-724e88,identify,gemini,IMG_7675.JPG,"[403, 228, 711, 550]",Aztec,0.54,Aztec:0.54;Esther:0.69;Chopsticks:0.57;Cruella:0.56;D.E.P.:0.55,1,,,"Candidate C matches the query precisely across all scute marking shapes, including the distinct inverted-V pattern on the anterior costal scute and the vertical bar arrangement."
2026-10-10T12:04:40,20261010-120431-724e88,identify,best,IMG_7675.JPG,,Esther,0.69,Esther:0.69;Chopsticks:0.57;Cruella:0.56;D.E.P.:0.55;Aztec:0.54,1,,,spot 0.5
2026-10-10T12:04:40,20261010-120431-724e88,identify,sift,IMG_7675.JPG,"[403, 228, 711, 550]",Esther,0.5,Esther:0.5;Chopsticks:0.4;Flower:0.4;Wishbone:0.4;T103x:0.4,1,,,
2026-10-10T12:04:40,20261010-120431-724e88,identify,combined,IMG_7675.JPG,"[403, 228, 711, 550]",Aztec,0.353,Aztec:0.353;Jazzy:0.334;Jigsaw:0.332;D.E.P.:0.331;Cruella:0.327,1,,,
2026-10-10T12:04:40,20261010-120431-724e88,identify,full,IMG_7675.JPG,,Cruella,0.485,Cruella:0.485;T104:0.461;T117:0.459;T122:0.382;Shingles:0.356,0,,,
2026-10-10T12:04:40,20261010-120431-724e88,identify,crop,IMG_7675.JPG,"[403, 228, 711, 550]",Jazzy,0.59,Jazzy:0.59;Cruella:0.522;Jigsaw:0.498;Aztec:0.427;Compass:0.423,0,,,
2026-10-10T12:04:40,20261010-120431-724e88,identify,tight,IMG_7675.JPG,"[403, 228, 711, 550]",Compass,0.622,Compass:0.622;Rooster_II:0.578;Aztec:0.508;Jigsaw:0.506;Cruella:0.506,0,,,
2026-10-10T12:05:21,20261010-120513-426e48,identify,gemini,IMG_2903.HEIC,"[168, 137, 712, 868]",Bubbles,0.88,Bubbles:0.88;Shingles:0.85;D.E.P.:1.01;T117:0.91;Compass:0.96,1,,,Candidate C matches the query turtle's distinct orange spot layout and dual vertical streaks on the middle costal scute.
2026-10-10T12:05:21,20261010-120513-426e48,identify,best,IMG_2903.HEIC,,D.E.P.,1.01,D.E.P.:1.01;Compass:0.96;T117:0.91;Bubbles:0.88;Shingles:0.85,1,,,spot 0.9
2026-10-10T12:05:21,20261010-120513-426e48,identify,sift,IMG_2903.HEIC,"[168, 137, 712, 868]",Compass,1.1,Compass:1.1;Lotus:0.9;D.E.P.:0.9;Flower:0.9;T117:0.9,1,,,
2026-10-10T12:05:21,20261010-120513-426e48,identify,combined,IMG_2903.HEIC,"[168, 137, 712, 868]",Bubbles,0.498,Bubbles:0.498;Shingles:0.469;Rooster_II:0.419;D.E.P.:0.362;Wishbone:0.358,0,,,
2026-10-10T12:05:21,20261010-120513-426e48,identify,full,IMG_2903.HEIC,,Cruella,0.679,Cruella:0.679;T045:0.645;Rooster_II:0.637;Wishbone:0.621;Compass:0.608,0,,,
2026-10-10T12:05:21,20261010-120513-426e48,identify,crop,IMG_2903.HEIC,"[168, 137, 712, 868]",Shingles,0.587,Shingles:0.587;Wishbone:0.549;Rooster_II:0.517;Cruella:0.514;T104:0.503,0,,,
2026-10-10T12:05:21,20261010-120513-426e48,identify,tight,IMG_2903.HEIC,"[168, 137, 712, 868]",Emoji,0.623,Emoji:0.623;Bubbles:0.598;Shingles:0.536;T047x:0.5;Glyph:0.486,0,,,
2026-10-10T12:05:48,20261010-120538-cc9c02,identify,gemini,IMG_2940.HEIC,"[239, 275, 712, 742]",Shingles,1.23,Shingles:1.23;T117:0.89;Flower:0.92;D.E.P.:0.74;Cruella:0.82,1,,,Candidate A shows an exact match in the distinctive cluster of yellow dots on the central vertebral scute and keel stripe details.
2026-10-10T12:05:48,20261010-120538-cc9c02,identify,best,IMG_2940.HEIC,,Shingles,1.23,Shingles:1.23;Flower:0.92;T117:0.89;Cruella:0.82;D.E.P.:0.74,1,,,spot 1.1
2026-10-10T12:05:48,20261010-120538-cc9c02,identify,sift,IMG_2940.HEIC,"[239, 275, 712, 742]",Shingles,1.1,Shingles:1.1;T117:1.0;Flower:0.8;Lotus:0.7;Esther:0.7,1,,,
2026-10-10T12:05:48,20261010-120538-cc9c02,identify,combined,IMG_2940.HEIC,"[239, 275, 712, 742]",Shingles,0.472,Shingles:0.472;D.E.P.:0.43;Cruella:0.376;Flower_2:0.343;Flower:0.329,0,,,
2026-10-10T12:05:48,20261010-120538-cc9c02,identify,full,IMG_2940.HEIC,,Flower_2,0.642,Flower_2:0.642;Shingles:0.592;T117:0.588;Flower:0.585;Cruella:0.57,0,,,
2026-10-10T12:05:48,20261010-120538-cc9c02,identify,crop,IMG_2940.HEIC,"[239, 275, 712, 742]",Flower_2,0.545,Flower_2:0.545;Shingles:0.543;Flower:0.505;T117:0.476;Cruella:0.468,0,,,
2026-10-10T12:05:48,20261010-120538-cc9c02,identify,tight,IMG_2940.HEIC,"[239, 275, 712, 742]",Cruella,0.543,Cruella:0.543;Spikey:0.498;Shingles:0.491;D.E.P.:0.451;T103x:0.441,0,,,
2026-10-10T12:07:51,20261010-120538-cc9c02,feedback,,,,,,,,known,Shingles,
2026-10-10T12:08:25,20261010-120814-088e42,identify,gemini,IMG_3477.HEIC,"[428, 303, 894, 762]",Cruella,0.86,Cruella:0.86;T117:0.82;Compass:0.77;Jigsaw:0.74;Aztec:0.75,1,,,"Candidate E matches the Query perfectly in vertebral line markings, costal pattern shapes, and shell scute details when accounting for orientation."
2026-10-10T12:08:25,20261010-120814-088e42,identify,best,IMG_3477.HEIC,,Cruella,0.86,Cruella:0.86;T117:0.82;Compass:0.77;Aztec:0.75;Jigsaw:0.74,1,,,spot 0.5
2026-10-10T12:08:25,20261010-120814-088e42,identify,sift,IMG_3477.HEIC,"[428, 303, 894, 762]",T039_70,0.7,T039_70:0.7;Cruella:0.5;Flower:0.5;T117:0.5;D.E.P.:0.5,1,,,
2026-10-10T12:08:25,20261010-120814-088e42,identify,combined,IMG_3477.HEIC,"[428, 303, 894, 762]",Cruella,0.439,Cruella:0.439;Aztec:0.436;T117:0.427;Compass:0.376;Jigsaw:0.34,0,,,
2026-10-10T12:08:25,20261010-120814-088e42,identify,full,IMG_3477.HEIC,,T117,0.619,T117:0.619;Cruella:0.619;Jigsaw:0.613;Shingles:0.58;Flower_2:0.531,0,,,
2026-10-10T12:08:25,20261010-120814-088e42,identify,crop,IMG_3477.HEIC,"[428, 303, 894, 762]",Aztec,0.543,Aztec:0.543;T117:0.53;Compass:0.502;Cruella:0.485;Jigsaw:0.46,0,,,
2026-10-10T12:08:25,20261010-120814-088e42,identify,tight,IMG_3477.HEIC,"[428, 303, 894, 762]",T122,0.584,T122:0.584;T117:0.58;Compass:0.578;Spikey:0.525;Flower:0.522,0,,,
2026-10-10T12:22:33,20261010-122229-5e37f7,identify,best,IMG_0795.JPG,,Cruella,0.77,Cruella:0.77;T117:0.7;Flower:0.66;T039_70:0.62;Shingles:0.6,1,,,spot 0.3
2026-10-10T12:22:33,20261010-122229-5e37f7,identify,sift,IMG_0795.JPG,"[784, 273, 850, 364]",Flower,0.7,Flower:0.7;T117:0.5;Shingles:0.5;Chopsticks:0.4;T039_70:0.4,1,,,
2026-10-10T12:22:33,20261010-122229-5e37f7,identify,combined,IMG_0795.JPG,"[784, 273, 850, 364]",Cruella,0.478,Cruella:0.478;Jigsaw:0.357;Jazzy:0.354;Esther:0.347;D.E.P.:0.337,0,,,
2026-10-10T12:22:33,20261010-122229-5e37f7,identify,full,IMG_0795.JPG,,Shingles,0.428,Shingles:0.428;T039_70:0.386;D.E.P.:0.381;T104:0.295;Lotus:0.287,0,,,
2026-10-10T12:22:33,20261010-122229-5e37f7,identify,crop,IMG_0795.JPG,"[784, 273, 850, 364]",Jazzy,0.622,Jazzy:0.622;Cruella:0.61;Esther:0.571;Flower:0.509;T104:0.444,0,,,
2026-10-10T12:22:33,20261010-122229-5e37f7,identify,tight,IMG_0795.JPG,"[784, 273, 850, 364]",Cruella,0.662,Cruella:0.662;Jigsaw:0.621;Esther:0.548;Jazzy:0.45;T117:0.414,0,,,
2026-10-10T12:22:37,20261010-122233-1cc06a,identify,best,IMG_0796.JPG,,T045,0.8,T045:0.8;Compass:0.74;T117:0.7;Cruella:0.66;T039_70:0.66,1,,,spot 0.6
2026-10-10T12:22:37,20261010-122233-1cc06a,identify,sift,IMG_0796.JPG,"[375, 396, 563, 614]",T045,0.6,T045:0.6;Compass:0.6;T117:0.6;T039_70:0.5;Shingles:0.5,1,,,
2026-10-10T12:22:37,20261010-122233-1cc06a,identify,combined,IMG_0796.JPG,"[375, 396, 563, 614]",Jazzy,0.376,Jazzy:0.376;Cruella:0.342;Chopsticks:0.304;T104:0.301;D.E.P.:0.3,0,,,
2026-10-10T12:22:37,20261010-122233-1cc06a,identify,full,IMG_0796.JPG,,Flower_2,0.528,Flower_2:0.528;T117:0.509;Cruella:0.495;Shingles:0.394;Jigsaw:0.334,0,,,
2026-10-10T12:22:37,20261010-122233-1cc06a,identify,crop,IMG_0796.JPG,"[375, 396, 563, 614]",Jazzy,0.606,Jazzy:0.606;D.E.P.:0.425;Cruella:0.413;Compass:0.374;Jigsaw:0.356,0,,,
2026-10-10T12:22:37,20261010-122233-1cc06a,identify,tight,IMG_0796.JPG,"[375, 396, 563, 614]",Rooster_II,0.564,Rooster_II:0.564;Cruella:0.562;Jazzy:0.503;Glyph:0.478;Compass:0.43,0,,,
2026-10-10T12:22:41,20261010-122237-f78783,identify,best,IMG_1307.JPEG,,Cruella,0.89,Cruella:0.89;Compass:0.81;Rooster_II:0.74;Spikey:0.63;Jigsaw:0.63,1,,,spot 0.6
2026-10-10T12:22:41,20261010-122237-f78783,identify,sift,IMG_1307.JPEG,"[336, 233, 674, 599]",Cruella,0.6,Cruella:0.6;T066:0.5;Bubbles:0.5;Fist:0.5;Shingles:0.5,1,,,
2026-10-10T12:22:41,20261010-122237-f78783,identify,combined,IMG_1307.JPEG,"[336, 233, 674, 599]",Compass,0.448,Compass:0.448;Cruella:0.416;Rooster_II:0.37;Spikey:0.362;Rooster:0.342,0,,,
2026-10-10T12:22:41,20261010-122237-f78783,identify,full,IMG_1307.JPEG,,Jigsaw,0.507,Jigsaw:0.507;T117:0.481;Sunflower:0.477;Flower:0.422;Compass:0.361,0,,,
2026-10-10T12:22:41,20261010-122237-f78783,identify,crop,IMG_1307.JPEG,"[336, 233, 674, 599]",Cruella,0.642,Cruella:0.642;Jigsaw:0.537;Compass:0.488;Sunflower:0.471;Flower:0.44,0,,,
2026-10-10T12:22:41,20261010-122237-f78783,identify,tight,IMG_1307.JPEG,"[336, 233, 674, 599]",Compass,0.677,Compass:0.677;Strobe:0.552;Spikey:0.516;Aztec:0.502;D.E.P.:0.501,0,,,
2026-10-10T12:22:43,20261010-122241-706cad,identify,best,IMG_1308.jpg,,Compass,0.75,Compass:0.75;Cruella:0.74;T117:0.71;Sunflower:0.62;Rooster:0.61,1,,,spot 0.4
2026-10-10T12:22:43,20261010-122241-706cad,identify,sift,IMG_1308.jpg,"[146, 126, 824, 788]",T066,0.4,T066:0.4;Compass:0.4;Bubbles:0.3;T022_23:0.3;Emoji:0.3,1,,,
2026-10-10T12:22:43,20261010-122241-706cad,identify,combined,IMG_1308.jpg,"[146, 126, 824, 788]",Cruella,0.51,Cruella:0.51;T117:0.485;Sunflower:0.454;Compass:0.428;Aztec:0.409,0,,,
2026-10-10T12:22:43,20261010-122241-706cad,identify,full,IMG_1308.jpg,,Sunflower,0.59,Sunflower:0.59;Cruella:0.585;Compass:0.571;Jigsaw:0.471;Flower:0.468,0,,,
2026-10-10T12:22:43,20261010-122241-706cad,identify,crop,IMG_1308.jpg,"[146, 126, 824, 788]",Jigsaw,0.55,Jigsaw:0.55;Cruella:0.538;Sunflower:0.536;Compass:0.475;T117:0.461,0,,,
2026-10-10T12:22:43,20261010-122241-706cad,identify,tight,IMG_1308.jpg,"[146, 126, 824, 788]",Compass,0.687,Compass:0.687;Sunflower:0.621;T117:0.613;Rooster:0.593;Cruella:0.551,0,,,
2026-10-10T12:22:46,20261010-122243-035a63,identify,best,IMG_1309.jpg,,T117,0.92,T117:0.92;Flower:0.8;Cruella:0.76;Spikey:0.74;Jigsaw:0.67,1,,,spot 0.7
2026-10-10T12:22:46,20261010-122243-035a63,identify,sift,IMG_1309.jpg,"[63, 102, 731, 911]",T117,0.7,T117:0.7;Flower:0.6;Esther:0.6;T039_70:0.5;Chopsticks:0.4,1,,,
2026-10-10T12:22:46,20261010-122243-035a63,identify,combined,IMG_1309.jpg,"[63, 102, 731, 911]",T117,0.414,T117:0.414;Cruella:0.411;Spikey:0.392;T122:0.371;Aztec:0.363,0,,,
2026-10-10T12:22:46,20261010-122243-035a63,identify,full,IMG_1309.jpg,,T117,0.548,T117:0.548;Cruella:0.492;Compass:0.48;Shingles:0.463;Sunflower:0.442,0,,,
2026-10-10T12:22:46,20261010-122243-035a63,identify,crop,IMG_1309.jpg,"[63, 102, 731, 911]",Cruella,0.495,Cruella:0.495;Compass:0.457;T117:0.451;Jigsaw:0.382;Sunflower:0.346,0,,,
2026-10-10T12:22:46,20261010-122243-035a63,identify,tight,IMG_1309.jpg,"[63, 102, 731, 911]",Spikey,0.681,Spikey:0.681;T122:0.529;Strobe_II:0.511;Cruella:0.503;Compass:0.476,0,,,
2026-10-10T12:22:49,20261010-122246-4eaa8d,identify,best,IMG_1310.JPEG,,T066,0.8,T066:0.8;T117:0.68;Shingles:0.62;Jigsaw:0.6;Cruella:0.56,1,,,spot 0.6
2026-10-10T12:22:49,20261010-122246-4eaa8d,identify,sift,IMG_1310.JPEG,"[609, 502, 655, 542]",T066,0.6,T066:0.6;Shingles:0.5;T117:0.4;Fist:0.4;Jigsaw:0.4,1,,,
2026-10-10T12:22:49,20261010-122246-4eaa8d,identify,combined,IMG_1310.JPEG,"[609, 502, 655, 542]",Esther,0.351,Esther:0.351;T066:0.347;Cruella:0.334;T117:0.331;Jigsaw:0.299,1,,,
2026-10-10T12:22:49,20261010-122246-4eaa8d,identify,full,IMG_1310.JPEG,,Lotus,0.404,Lotus:0.404;T117:0.343;Esther:0.292;Sunflower:0.291;T026:0.279,0,,,
2026-10-10T12:22:49,20261010-122246-4eaa8d,identify,crop,IMG_1310.JPEG,"[609, 502, 655, 542]",Esther,0.427,Esther:0.427;Cruella:0.387;Shingles:0.365;T039_70:0.365;Lotus:0.353,0,,,
2026-10-10T12:22:49,20261010-122246-4eaa8d,identify,tight,IMG_1310.JPEG,"[609, 502, 655, 542]",Jigsaw,0.555,Jigsaw:0.555;Cruella:0.551;T117:0.464;Esther:0.422;T039_70:0.344,0,,,
2026-10-10T12:22:53,20261010-122249-11c82c,identify,best,IMG_1311.JPEG,,Cruella,0.96,Cruella:0.96;Shingles:0.91;T066:0.8;Sunflower:0.77;Rooster_II:0.74,1,,,spot 0.6
2026-10-10T12:22:53,20261010-122249-11c82c,identify,sift,IMG_1311.JPEG,"[363, 370, 735, 608]",T066,1.0,T066:1.0;Shingles:0.9;Faded_Flower:0.6;Sunflower:0.6;T039_70:0.6,1,,,
2026-10-10T12:22:53,20261010-122249-11c82c,identify,combined,IMG_1311.JPEG,"[363, 370, 735, 608]",Cruella,0.513,Cruella:0.513;Jigsaw:0.34;Aztec:0.336;Compass:0.325;Rooster_II:0.32,0,,,
2026-10-10T12:22:53,20261010-122249-11c82c,identify,full,IMG_1311.JPEG,,Jigsaw,0.54,Jigsaw:0.54;Flower:0.468;T117:0.461;Sunflower:0.442;Cruella:0.437,0,,,
2026-10-10T12:22:53,20261010-122249-11c82c,identify,crop,IMG_1311.JPEG,"[363, 370, 735, 608]",Cruella,0.585,Cruella:0.585;Sunflower:0.558;Compass:0.456;Jigsaw:0.444;Flower:0.419,0,,,
2026-10-10T12:22:53,20261010-122249-11c82c,identify,tight,IMG_1311.JPEG,"[363, 370, 735, 608]",Cruella,0.577,Cruella:0.577;Compass:0.505;Aztec:0.504;Spikey:0.469;Chopsticks:0.45,0,,,
2026-10-10T12:22:55,20261010-122253-e0cd06,identify,best,IMG_2774.HEIC,,Cruella,1.12,Cruella:1.12;Esther:0.64;Jigsaw:0.59;T117:0.59;T039_70:0.57,1,,,spot 0.8
2026-10-10T12:22:55,20261010-122253-e0cd06,identify,sift,IMG_2774.HEIC,"[566, 417, 600, 477]",Cruella,0.8,Cruella:0.8;T117:0.5;T122:0.5;T022_23:0.4;Strobe_II:0.4,1,,,
2026-10-10T12:22:55,20261010-122253-e0cd06,identify,combined,IMG_2774.HEIC,"[566, 417, 600, 477]",Cruella,0.541,Cruella:0.541;Esther:0.457;Jigsaw:0.323;T039_70:0.302;Compass:0.276,0,,,
2026-10-10T12:22:55,20261010-122253-e0cd06,identify,full,IMG_2774.HEIC,,T117,0.389,T117:0.389;Shingles:0.354;Cruella:0.337;Lotus:0.318;T039_70:0.29,0,,,
2026-10-10T12:22:55,20261010-122253-e0cd06,identify,crop,IMG_2774.HEIC,"[566, 417, 600, 477]",Esther,0.675,Esther:0.675;Cruella:0.634;Jazzy:0.499;Flower:0.435;Shingles:0.434,0,,,
2026-10-10T12:22:55,20261010-122253-e0cd06,identify,tight,IMG_2774.HEIC,"[566, 417, 600, 477]",Cruella,0.71,Cruella:0.71;Jigsaw:0.602;Esther:0.556;Lotus:0.516;T039_70:0.458,0,,,
2026-10-10T12:22:58,20261010-122255-75b3ec,identify,best,IMG_2775.heic,,Shingles,0.78,Shingles:0.78;Compass:0.73;Cruella:0.72;Bubbles:0.7;Jigsaw:0.65,1,,,spot 0.6
2026-10-10T12:22:58,20261010-122255-75b3ec,identify,sift,IMG_2775.heic,"[301, 310, 715, 736]",Jigsaw,0.6,Jigsaw:0.6;Shingles:0.6;T117:0.5;Bubbles:0.5;Wishbone:0.4,1,,,
2026-10-10T12:22:58,20261010-122255-75b3ec,identify,combined,IMG_2775.heic,"[301, 310, 715, 736]",Compass,0.506,Compass:0.506;Cruella:0.401;Stilts:0.356;Shingles:0.319;T045:0.305,0,,,
2026-10-10T12:22:58,20261010-122255-75b3ec,identify,full,IMG_2775.heic,,Flower_2,0.631,Flower_2:0.631;Cruella:0.559;Shingles:0.521;D.E.P.:0.45;T117:0.442,0,,,
2026-10-10T12:22:58,20261010-122255-75b3ec,identify,crop,IMG_2775.heic,"[301, 310, 715, 736]",D.E.P.,0.502,D.E.P.:0.502;Cruella:0.392;Jazzy:0.379;Stilts:0.371;Aztec:0.337,0,,,
2026-10-10T12:22:58,20261010-122255-75b3ec,identify,tight,IMG_2775.heic,"[301, 310, 715, 736]",Compass,0.497,Compass:0.497;Rooster_II:0.452;D.E.P.:0.432;Jazzy:0.397;Shingles:0.39,0,,,
2026-10-10T12:23:00,20261010-122258-b439ca,identify,best,IMG_2776.heic,,Cruella,0.79,Cruella:0.79;Compass:0.71;D.E.P.:0.7;Chopsticks:0.59;Emoji:0.55,1,,,spot 0.5
2026-10-10T12:23:00,20261010-122258-b439ca,identify,sift,IMG_2776.heic,"[144, 235, 772, 870]",Cruella,0.5,Cruella:0.5;Sunflower:0.3;Bubbles:0.3;Shingles:0.3;Lotus:0.3,1,,,
2026-10-10T12:23:00,20261010-122258-b439ca,identify,combined,IMG_2776.heic,"[144, 235, 772, 870]",Compass,0.474,Compass:0.474;D.E.P.:0.457;Cruella:0.357;Chopsticks:0.346;Glyph:0.343,0,,,
2026-10-10T12:23:00,20261010-122258-b439ca,identify,full,IMG_2776.heic,,D.E.P.,0.525,D.E.P.:0.525;Compass:0.504;Flower_2:0.43;Cruella:0.365;T122:0.341,0,,,
2026-10-10T12:23:00,20261010-122258-b439ca,identify,crop,IMG_2776.heic,"[144, 235, 772, 870]",Stilts,0.45,Stilts:0.45;D.E.P.:0.45;Cruella:0.441;Strobe_II:0.433;Compass:0.372,0,,,
2026-10-10T12:23:00,20261010-122258-b439ca,identify,tight,IMG_2776.heic,"[144, 235, 772, 870]",D.E.P.,0.522,D.E.P.:0.522;Glyph:0.52;Sunflower:0.5;Wishbone:0.489;Jazzy:0.474,0,,,
2026-10-10T12:23:03,20261010-122300-86ba9e,identify,best,IMG_2777.HEIC,,Spikey,0.89,Spikey:0.89;Cruella:0.74;Compass:0.7;D.E.P.:0.65;T039_70:0.63,1,,,spot 1.2
2026-10-10T12:23:03,20261010-122300-86ba9e,identify,sift,IMG_2777.HEIC,"[291, 255, 750, 755]",Spikey,1.2,Spikey:1.2;Flower:0.5;Glyph:0.5;Jazzy:0.5;Shingles:0.5,1,,,
2026-10-10T12:23:03,20261010-122300-86ba9e,identify,combined,IMG_2777.HEIC,"[291, 255, 750, 755]",Cruella,0.416,Cruella:0.416;Compass:0.377;Emoji:0.326;D.E.P.:0.321;T039_70:0.303,0,,,
2026-10-10T12:23:03,20261010-122300-86ba9e,identify,full,IMG_2777.HEIC,,Flower_2,0.584,Flower_2:0.584;Cruella:0.538;Shingles:0.426;T117:0.411;Flower:0.409,0,,,
2026-10-10T12:23:03,20261010-122300-86ba9e,identify,crop,IMG_2777.HEIC,"[291, 255, 750, 755]",Cruella,0.596,Cruella:0.596;Aztec:0.424;Sunflower:0.4;Flower_2:0.389;Compass:0.338,0,,,
2026-10-10T12:23:03,20261010-122300-86ba9e,identify,tight,IMG_2777.HEIC,"[291, 255, 750, 755]",Cruella,0.491,Cruella:0.491;Rooster_II:0.454;T117:0.409;T122:0.407;D.E.P.:0.379,0,,,
2026-10-10T12:23:05,20261010-122303-9b6110,identify,best,IMG_2778.HEIC,,Shingles,0.87,Shingles:0.87;T117:0.81;T045:0.81;T039_70:0.72;Rooster_II:0.68,1,,,spot 0.6
2026-10-10T12:23:05,20261010-122303-9b6110,identify,sift,IMG_2778.HEIC,"[203, 130, 734, 723]",T039_70,0.8,T039_70:0.8;T117:0.7;Shingles:0.6;T045:0.6;Rooster_II:0.6,1,,,
2026-10-10T12:23:05,20261010-122303-9b6110,identify,combined,IMG_2778.HEIC,"[203, 130, 734, 723]",Shingles,0.412,Shingles:0.412;Cruella:0.381;Compass:0.349;T045:0.349;D.E.P.:0.311,0,,,
2026-10-10T12:23:05,20261010-122303-9b6110,identify,full,IMG_2778.HEIC,,Flower_2,0.647,Flower_2:0.647;Cruella:0.584;Compass:0.432;Flower:0.425;T117:0.418,0,,,
2026-10-10T12:23:05,20261010-122303-9b6110,identify,crop,IMG_2778.HEIC,"[203, 130, 734, 723]",Cruella,0.533,Cruella:0.533;Flower_2:0.514;Shingles:0.459;Aztec:0.446;Sunflower:0.438,0,,,
2026-10-10T12:23:05,20261010-122303-9b6110,identify,tight,IMG_2778.HEIC,"[203, 130, 734, 723]",Wishbone,0.574,Wishbone:0.574;Compass:0.551;T045:0.537;Flower_2:0.522;T122:0.494,0,,,
2026-10-10T12:23:17,20261010-122305-17876d,identify,best,IMG_2779.HEIC,,Shingles,0.87,Shingles:0.87;Cruella:0.74;T045:0.62;Rooster_II:0.62;Compass:0.59,1,,,spot 0.9
2026-10-10T12:23:17,20261010-122305-17876d,identify,sift,IMG_2779.HEIC,"[176, 178, 756, 796]",Shingles,0.9,Shingles:0.9;Jigsaw:0.6;T117:0.5;Esther:0.5;T066:0.4,1,,,
2026-10-10T12:23:17,20261010-122305-17876d,identify,combined,IMG_2779.HEIC,"[176, 178, 756, 796]",Cruella,0.441,Cruella:0.441;T045:0.43;Compass:0.318;Bubbles:0.294;Rooster_II:0.293,0,,,
2026-10-10T12:23:17,20261010-122305-17876d,identify,full,IMG_2779.HEIC,,Flower_2,0.601,Flower_2:0.601;Cruella:0.58;Flower:0.41;T117:0.41;Jigsaw:0.378,0,,,
2026-10-10T12:23:17,20261010-122305-17876d,identify,crop,IMG_2779.HEIC,"[176, 178, 756, 796]",Cruella,0.641,Cruella:0.641;Flower_2:0.495;Sunflower:0.491;Aztec:0.421;Shingles:0.356,0,,,
2026-10-10T12:23:17,20261010-122305-17876d,identify,tight,IMG_2779.HEIC,"[176, 178, 756, 796]",T045,0.577,T045:0.577;Wishbone:0.503;Compass:0.474;Rooster:0.453;Spikey:0.447,0,,,
2026-10-10T12:23:20,20261010-122317-70fad9,identify,best,IMG_2780.HEIC,,Cruella,0.88,Cruella:0.88;D.E.P.:0.76;Emoji:0.7;T122:0.61;Glyph:0.58,1,,,spot 0.4
2026-10-10T12:23:20,20261010-122317-70fad9,identify,sift,IMG_2780.HEIC,"[108, 351, 575, 750]",Wishbone,0.6,Wishbone:0.6;T117:0.5;Glyph:0.5;Cruella:0.4;T104:0.4,1,,,
2026-10-10T12:23:20,20261010-122317-70fad9,identify,combined,IMG_2780.HEIC,"[108, 351, 575, 750]",Cruella,0.512,Cruella:0.512;Emoji:0.5;D.E.P.:0.435;T122:0.362;T045:0.32,0,,,
2026-10-10T12:23:20,20261010-122317-70fad9,identify,full,IMG_2780.HEIC,,Flower_2,0.525,Flower_2:0.525;Cruella:0.501;Compass:0.452;Rooster:0.327;T117:0.311,0,,,
2026-10-10T12:23:20,20261010-122317-70fad9,identify,crop,IMG_2780.HEIC,"[108, 351, 575, 750]",Cruella,0.514,Cruella:0.514;Emoji:0.451;Compass:0.414;Flower_2:0.374;D.E.P.:0.349,0,,,
2026-10-10T12:23:20,20261010-122317-70fad9,identify,tight,IMG_2780.HEIC,"[108, 351, 575, 750]",Emoji,0.63,Emoji:0.63;Cruella:0.6;Rooster_II:0.573;Sunflower:0.535;Glyph:0.524,0,,,
2026-10-10T12:23:23,20261010-122320-78e246,identify,best,IMG_2781.HEIC,,Chopsticks,0.87,Chopsticks:0.87;D.E.P.:0.83;Cruella:0.73;T045:0.71;Spikey:0.69,1,,,spot 0.9
2026-10-10T12:23:23,20261010-122320-78e246,identify,sift,IMG_2781.HEIC,"[108, 172, 835, 719]",Chopsticks,0.9,Chopsticks:0.9;Cruella:0.5;Spikey:0.5;Jigsaw:0.5;T045:0.4,1,,,
2026-10-10T12:23:23,20261010-122320-78e246,identify,combined,IMG_2781.HEIC,"[108, 172, 835, 719]",D.E.P.,0.598,D.E.P.:0.598;Emoji:0.428;T122:0.426;Flower_2:0.382;T045:0.349,0,,,
2026-10-10T12:23:23,20261010-122320-78e246,identify,full,IMG_2781.HEIC,,Cruella,0.689,Cruella:0.689;Flower_2:0.51;Shingles:0.446;D.E.P.:0.391;T117:0.365,0,,,
2026-10-10T12:23:23,20261010-122320-78e246,identify,crop,IMG_2781.HEIC,"[108, 172, 835, 719]",Flower_2,0.483,Flower_2:0.483;Cruella:0.479;D.E.P.:0.443;Emoji:0.404;Shingles:0.35,0,,,
2026-10-10T12:23:23,20261010-122320-78e246,identify,tight,IMG_2781.HEIC,"[108, 172, 835, 719]",D.E.P.,0.698,D.E.P.:0.698;Emoji:0.674;T122:0.654;Flower_2:0.608;T045:0.595,0,,,
2026-10-10T12:23:40,20261010-122323-a9f20a,identify,best,IMG_2782.HEIC,,Cruella,0.75,Cruella:0.75;Lotus:0.68;Esther:0.67;Shingles:0.57;Jigsaw:0.55,1,,,spot 0.4
2026-10-10T12:23:40,20261010-122323-a9f20a,identify,sift,IMG_2782.HEIC,"[841, 137, 881, 219]",Wishbone,0.4,Wishbone:0.4;Spikey:0.4;Cruella:0.4;Sunflower:0.3;Shingles:0.3,1,,,
2026-10-10T12:23:40,20261010-122323-a9f20a,identify,combined,IMG_2782.HEIC,"[841, 137, 881, 219]",Esther,0.445,Esther:0.445;Lotus:0.431;Cruella:0.427;Bubbles:0.325;Jigsaw:0.316,0,,,
2026-10-10T12:23:40,20261010-122323-a9f20a,identify,full,IMG_2782.HEIC,,D.E.P.,0.412,D.E.P.:0.412;Shingles:0.4;T117:0.346;Cruella:0.334;T039_70:0.326,0,,,
2026-10-10T12:23:40,20261010-122323-a9f20a,identify,crop,IMG_2782.HEIC,"[841, 137, 881, 219]",Cruella,0.637,Cruella:0.637;Esther:0.609;Jazzy:0.557;Jigsaw:0.477;Lotus:0.433,0,,,
2026-10-10T12:23:40,20261010-122323-a9f20a,identify,tight,IMG_2782.HEIC,"[841, 137, 881, 219]",Lotus,0.565,Lotus:0.565;Esther:0.519;Jigsaw:0.491;Cruella:0.478;T047x:0.415,0,,,
2026-10-10T12:23:44,20261010-122340-e90604,identify,best,IMG_2868.HEIC,,Chopsticks,1.37,Chopsticks:1.37;Sunflower:1.17;Flower:1.12;T045:1.06;Shingles:1.03,1,,,spot 2.2
2026-10-10T12:23:44,20261010-122340-e90604,identify,sift,IMG_2868.HEIC,"[419, 203, 892, 686]",Chopsticks,2.2,Chopsticks:2.2;Flower:1.8;Sunflower:1.6;Shingles:1.4;T045:1.2,1,,,
2026-10-10T12:23:44,20261010-122340-e90604,identify,combined,IMG_2868.HEIC,"[419, 203, 892, 686]",Rooster_II,0.46,Rooster_II:0.46;T122:0.371;Wishbone:0.346;Emoji:0.327;Compass:0.322,0,,,
2026-10-10T12:23:44,20261010-122340-e90604,identify,full,IMG_2868.HEIC,,Cruella,0.355,Cruella:0.355;Rooster:0.329;Rooster_II:0.293;T104:0.292;D.E.P.:0.285,0,,,
2026-10-10T12:23:44,20261010-122340-e90604,identify,crop,IMG_2868.HEIC,"[419, 203, 892, 686]",Rooster_II,0.466,Rooster_II:0.466;T045:0.394;Wishbone:0.39;Cruella:0.384;Emoji:0.365,0,,,
2026-10-10T12:23:44,20261010-122340-e90604,identify,tight,IMG_2868.HEIC,"[419, 203, 892, 686]",T122,0.58,T122:0.58;Spikey:0.516;Compass:0.51;Emoji:0.509;Rooster_II:0.503,0,,,
2026-10-10T12:23:47,20261010-122344-364fa6,identify,best,IMG_2869.HEIC,,Cruella,0.99,Cruella:0.99;Shingles:0.98;Compass:0.96;D.E.P.:0.85;Bubbles:0.83,1,,,spot 0.7
2026-10-10T12:23:47,20261010-122344-364fa6,identify,sift,IMG_2869.HEIC,"[215, 146, 778, 957]",Compass,0.9,Compass:0.9;T066:0.9;Jigsaw:0.9;Spikey:0.7;Sunflower:0.7,1,,,
2026-10-10T12:23:47,20261010-122344-364fa6,identify,combined,IMG_2869.HEIC,"[215, 146, 778, 957]",D.E.P.,0.471,D.E.P.:0.471;Cruella:0.468;Bubbles:0.454;Shingles:0.451;Rooster:0.449,0,,,
2026-10-10T12:23:47,20261010-122344-364fa6,identify,full,IMG_2869.HEIC,,Rooster_II,0.665,Rooster_II:0.665;T045:0.604;Cruella:0.575;T104:0.542;Bubbles:0.517,0,,,
2026-10-10T12:23:47,20261010-122344-364fa6,identify,crop,IMG_2869.HEIC,"[215, 146, 778, 957]",Cruella,0.653,Cruella:0.653;Rooster:0.614;D.E.P.:0.574;Rooster_II:0.535;Bubbles:0.53,0,,,
2026-10-10T12:23:47,20261010-122344-364fa6,identify,tight,IMG_2869.HEIC,"[215, 146, 778, 957]",Wishbone,0.634,Wishbone:0.634;Rooster_II:0.631;Bubbles:0.606;D.E.P.:0.532;T117:0.531,0,,,
2026-10-10T12:23:50,20261010-122347-9f800d,identify,best,IMG_2870.HEIC,,Cruella,1.25,Cruella:1.25;T117:1.07;Compass:1.06;Spikey:1.05;Shingles:0.99,1,,,spot 1.3
2026-10-10T12:23:50,20261010-122347-9f800d,identify,sift,IMG_2870.HEIC,"[188, 153, 737, 908]",Cruella,1.3,Cruella:1.3;Lotus:1.3;Jigsaw:1.3;Spikey:1.3;Compass:1.1,1,,,
2026-10-10T12:23:50,20261010-122347-9f800d,identify,combined,IMG_2870.HEIC,"[188, 153, 737, 908]",Rooster_II,0.435,Rooster_II:0.435;Cruella:0.404;Bubbles:0.403;Shingles:0.403;Rooster:0.394,0,,,
2026-10-10T12:23:50,20261010-122347-9f800d,identify,full,IMG_2870.HEIC,,Rooster_II,0.669,Rooster_II:0.669;T045:0.569;Cruella:0.566;Fist:0.515;Bubbles:0.503,0,,,
2026-10-10T12:23:50,20261010-122347-9f800d,identify,crop,IMG_2870.HEIC,"[188, 153, 737, 908]",Cruella,0.576,Cruella:0.576;Bubbles:0.565;Rooster:0.528;D.E.P.:0.505;Rooster_II:0.485,0,,,
2026-10-10T12:23:50,20261010-122347-9f800d,identify,tight,IMG_2870.HEIC,"[188, 153, 737, 908]",Wishbone,0.641,Wishbone:0.641;D.E.P.:0.607;Shingles:0.581;T122:0.567;Compass:0.531,0,,,
2026-10-10T12:23:52,20261010-122350-d56ed7,identify,best,IMG_2871.HEIC,,Chopsticks,1.13,Chopsticks:1.13;Jigsaw:1.03;Cruella:1.0;Flower:0.87;Shingles:0.84,1,,,spot 1.3
2026-10-10T12:23:52,20261010-122350-d56ed7,identify,sift,IMG_2871.HEIC,"[192, 286, 723, 822]",Jigsaw,1.6,Jigsaw:1.6;Chopsticks:1.3;Cruella:0.8;Shingles:0.7;Flower:0.7,1,,,
2026-10-10T12:23:52,20261010-122350-d56ed7,identify,combined,IMG_2871.HEIC,"[192, 286, 723, 822]",Emoji,0.546,Emoji:0.546;T122:0.462;Cruella:0.427;D.E.P.:0.395;Bubbles:0.382,0,,,
2026-10-10T12:23:52,20261010-122350-d56ed7,identify,full,IMG_2871.HEIC,,Fist,0.569,Fist:0.569;Compass:0.506;Rooster_II:0.493;Cruella:0.489;T045:0.459,0,,,
2026-10-10T12:23:52,20261010-122350-d56ed7,identify,crop,IMG_2871.HEIC,"[192, 286, 723, 822]",Fist,0.599,Fist:0.599;T045:0.593;Compass:0.589;Cruella:0.56;Flower:0.556,0,,,
2026-10-10T12:23:52,20261010-122350-d56ed7,identify,tight,IMG_2871.HEIC,"[192, 286, 723, 822]",Emoji,0.61,Emoji:0.61;Flower_2:0.545;T122:0.541;D.E.P.:0.5;Rooster_II:0.439,0,,,
2026-10-10T12:23:54,20261010-122352-f2e78e,identify,best,IMG_2872.HEIC,,Rooster_II,0.76,Rooster_II:0.76;Shingles:0.74;T122:0.7;Compass:0.67;D.E.P.:0.62,1,,,spot 0.2
2026-10-10T12:23:54,20261010-122352-f2e78e,identify,sift,IMG_2872.HEIC,"[621, 335, 758, 581]",Spikey,0.7,Spikey:0.7;T122:0.5;D.E.P.:0.4;T117:0.4;Compass:0.4,1,,,
2026-10-10T12:23:54,20261010-122352-f2e78e,identify,combined,IMG_2872.HEIC,"[621, 335, 758, 581]",Rooster_II,0.555,Rooster_II:0.555;Shingles:0.408;Cruella:0.358;Chopsticks:0.337;Compass:0.333,0,,,
2026-10-10T12:23:54,20261010-122352-f2e78e,identify,full,IMG_2872.HEIC,,Shingles,0.559,Shingles:0.559;Wishbone:0.47;T045:0.456;Esther:0.446;Cruella:0.442,0,,,
2026-10-10T12:23:54,20261010-122352-f2e78e,identify,crop,IMG_2872.HEIC,"[621, 335, 758, 581]",Chopsticks,0.637,Chopsticks:0.637;Compass:0.618;Cruella:0.587;Fist:0.58;Wishbone:0.539,0,,,
2026-10-10T12:23:54,20261010-122352-f2e78e,identify,tight,IMG_2872.HEIC,"[621, 335, 758, 581]",Rooster_II,0.677,Rooster_II:0.677;Compass:0.53;Cruella:0.525;D.E.P.:0.476;Chopsticks:0.435,0,,,
2026-10-10T12:23:56,20261010-122354-6229c4,identify,best,IMG_2873.HEIC,,D.E.P.,0.95,D.E.P.:0.95;Emoji:0.91;Cruella:0.82;Bubbles:0.77;Shingles:0.73,1,,,spot 0.5
2026-10-10T12:23:56,20261010-122354-6229c4,identify,sift,IMG_2873.HEIC,"[193, 110, 789, 831]",Flower,0.7,Flower:0.7;Spikey:0.5;T066:0.5;T039_70:0.5;Compass:0.5,1,,,
2026-10-10T12:23:56,20261010-122354-6229c4,identify,combined,IMG_2873.HEIC,"[193, 110, 789, 831]",D.E.P.,0.579,D.E.P.:0.579;Emoji:0.532;Rooster_II:0.466;Cruella:0.441;Bubbles:0.39,0,,,
2026-10-10T12:23:56,20261010-122354-6229c4,identify,full,IMG_2873.HEIC,,Shingles,0.661,Shingles:0.661;T045:0.586;Bubbles:0.562;T104:0.545;D.E.P.:0.544,0,,,
2026-10-10T12:23:56,20261010-122354-6229c4,identify,crop,IMG_2873.HEIC,"[193, 110, 789, 831]",Rooster_II,0.533,Rooster_II:0.533;Shingles:0.524;D.E.P.:0.506;Bubbles:0.495;Cruella:0.468,0,,,
2026-10-10T12:23:56,20261010-122354-6229c4,identify,tight,IMG_2873.HEIC,"[193, 110, 789, 831]",D.E.P.,0.682,D.E.P.:0.682;Bubbles:0.658;T122:0.616;Cruella:0.559;Emoji:0.553,0,,,
2026-10-10T12:23:58,20261010-122356-5ec9a0,identify,best,IMG_2874.HEIC,,Rooster_II,0.9,Rooster_II:0.9;Cruella:0.89;T122:0.88;Lotus:0.88;T026:0.83,1,,,spot 0.5
2026-10-10T12:23:58,20261010-122356-5ec9a0,identify,sift,IMG_2874.HEIC,"[278, 161, 782, 765]",Lotus,1.0,Lotus:1.0;Chopsticks:0.8;T026:0.8;Compass:0.8;T122:0.8,1,,,
2026-10-10T12:23:58,20261010-122356-5ec9a0,identify,combined,IMG_2874.HEIC,"[278, 161, 782, 765]",Emoji,0.549,Emoji:0.549;Rooster_II:0.491;Cruella:0.485;D.E.P.:0.403;Bubbles:0.384,0,,,
2026-10-10T12:23:58,20261010-122356-5ec9a0,identify,full,IMG_2874.HEIC,,T045,0.59,T045:0.59;Rooster_II:0.587;Shingles:0.571;Bubbles:0.554;T104:0.551,0,,,
2026-10-10T12:23:58,20261010-122356-5ec9a0,identify,crop,IMG_2874.HEIC,"[278, 161, 782, 765]",Shingles,0.567,Shingles:0.567;Bubbles:0.546;Rooster_II:0.542;Wishbone:0.523;Cruella:0.503,0,,,
2026-10-10T12:23:58,20261010-122356-5ec9a0,identify,tight,IMG_2874.HEIC,"[278, 161, 782, 765]",D.E.P.,0.656,D.E.P.:0.656;Emoji:0.639;Rooster_II:0.629;Shingles:0.521;Bubbles:0.476,0,,,
2026-10-10T12:24:00,20261010-122358-c1b4b2,identify,best,IMG_2875.HEIC,,Cruella,1.06,Cruella:1.06;Shingles:0.9;Compass:0.87;T039_70:0.78;Rooster_II:0.77,1,,,spot 1.0
2026-10-10T12:24:00,20261010-122358-c1b4b2,identify,sift,IMG_2875.HEIC,"[671, 515, 757, 715]",Cruella,1.0,Cruella:1.0;T039_70:1.0;T044:0.8;Compass:0.8;Shingles:0.8,1,,,
2026-10-10T12:24:00,20261010-122358-c1b4b2,identify,combined,IMG_2875.HEIC,"[671, 515, 757, 715]",Rooster_II,0.401,Rooster_II:0.401;Cruella:0.377;D.E.P.:0.337;Shingles:0.324;T045:0.321,0,,,
2026-10-10T12:24:00,20261010-122358-c1b4b2,identify,full,IMG_2875.HEIC,,Chopsticks,0.541,Chopsticks:0.541;Shingles:0.499;T045:0.499;Cruella:0.421;Flower:0.392,0,,,
2026-10-10T12:24:00,20261010-122358-c1b4b2,identify,crop,IMG_2875.HEIC,"[671, 515, 757, 715]",Jazzy,0.531,Jazzy:0.531;Compass:0.526;Cruella:0.486;Chopsticks:0.474;Wishbone:0.463,0,,,
2026-10-10T12:24:00,20261010-122358-c1b4b2,identify,tight,IMG_2875.HEIC,"[671, 515, 757, 715]",Rooster_II,0.638,Rooster_II:0.638;Cruella:0.526;D.E.P.:0.491;Jazzy:0.489;T045:0.457,0,,,
2026-10-10T12:24:02,20261010-122400-79874e,identify,best,IMG_2876.HEIC,,Rooster_II,1.18,Rooster_II:1.18;Shingles:0.99;Jigsaw:0.94;T117:0.93;D.E.P.:0.91,1,,,spot 0.8
2026-10-10T12:24:02,20261010-122400-79874e,identify,sift,IMG_2876.HEIC,"[724, 574, 820, 777]",Jigsaw,1.1,Jigsaw:1.1;D.E.P.:0.9;T117:0.9;Shingles:0.9;Rooster_II:0.8,1,,,
2026-10-10T12:24:02,20261010-122400-79874e,identify,combined,IMG_2876.HEIC,"[724, 574, 820, 777]",Rooster_II,0.604,Rooster_II:0.604;T066:0.365;Shingles:0.355;T022_23:0.331;T104:0.33,0,,,
2026-10-10T12:24:02,20261010-122400-79874e,identify,full,IMG_2876.HEIC,,T045,0.541,T045:0.541;Chopsticks:0.526;Shingles:0.481;Flower:0.393;T117:0.376,0,,,
2026-10-10T12:24:02,20261010-122400-79874e,identify,crop,IMG_2876.HEIC,"[724, 574, 820, 777]",Chopsticks,0.587,Chopsticks:0.587;Cruella:0.576;T045:0.565;Compass:0.558;Wishbone:0.516,0,,,
2026-10-10T12:24:02,20261010-122400-79874e,identify,tight,IMG_2876.HEIC,"[724, 574, 820, 777]",Rooster_II,0.661,Rooster_II:0.661;Cruella:0.588;Jazzy:0.522;Compass:0.484;D.E.P.:0.442,0,,,
2026-10-10T12:24:04,20261010-122402-c5871e,identify,best,IMG_2878.HEIC,,Cruella,0.92,Cruella:0.92;Rooster_II:0.91;D.E.P.:0.89;T066:0.88;Bubbles:0.88,1,,,spot 0.8
2026-10-10T12:24:04,20261010-122402-c5871e,identify,sift,IMG_2878.HEIC,"[342, 407, 523, 831]",Lotus,1.0,Lotus:1.0;Jigsaw:1.0;Cruella:0.8;Bubbles:0.8;D.E.P.:0.8,1,,,
2026-10-10T12:24:04,20261010-122402-c5871e,identify,combined,IMG_2878.HEIC,"[342, 407, 523, 831]",Rooster_II,0.504,Rooster_II:0.504;Compass:0.428;Wishbone:0.427;Shingles:0.41;T045:0.393,0,,,
2026-10-10T12:24:04,20261010-122402-c5871e,identify,full,IMG_2878.HEIC,,T045,0.587,T045:0.587;Chopsticks:0.542;Rooster_II:0.516;Shingles:0.463;Cruella:0.456,0,,,
2026-10-10T12:24:04,20261010-122402-c5871e,identify,crop,IMG_2878.HEIC,"[342, 407, 523, 831]",Compass,0.678,Compass:0.678;Cruella:0.638;Chopsticks:0.634;Wishbone:0.626;Fist:0.586,0,,,
2026-10-10T12:24:04,20261010-122402-c5871e,identify,tight,IMG_2878.HEIC,"[342, 407, 523, 831]",Rooster_II,0.651,Rooster_II:0.651;Wishbone:0.608;Cruella:0.591;Compass:0.542;Shingles:0.499,0,,,
2026-10-10T12:24:07,20261010-122404-4bfdc3,identify,best,IMG_2879.HEIC,,T066,1.49,T066:1.49;Cruella:1.45;Shingles:1.34;Bubbles:1.33;Compass:1.2,1,,,spot 2.2
2026-10-10T12:24:07,20261010-122404-4bfdc3,identify,sift,IMG_2879.HEIC,"[304, 300, 725, 934]",T066,2.2,T066:2.2;T117:1.8;Cruella:1.8;Compass:1.5;Jigsaw:1.5,1,,,
2026-10-10T12:24:07,20261010-122404-4bfdc3,identify,combined,IMG_2879.HEIC,"[304, 300, 725, 934]",Emoji,0.499,Emoji:0.499;D.E.P.:0.482;Shingles:0.434;Bubbles:0.428;Cruella:0.414,0,,,
2026-10-10T12:24:07,20261010-122404-4bfdc3,identify,full,IMG_2879.HEIC,,Cruella,0.636,Cruella:0.636;T066:0.625;Bubbles:0.609;Compass:0.504;Rooster_II:0.445,0,,,
2026-10-10T12:24:07,20261010-122404-4bfdc3,identify,crop,IMG_2879.HEIC,"[304, 300, 725, 934]",Cruella,0.683,Cruella:0.683;T066:0.533;Shingles:0.498;Compass:0.467;Bubbles:0.429,0,,,
2026-10-10T12:24:07,20261010-122404-4bfdc3,identify,tight,IMG_2879.HEIC,"[304, 300, 725, 934]",T066,0.489,T066:0.489;D.E.P.:0.348;Rooster_II:0.342;Shingles:0.338;Emoji:0.323,0,,,
2026-10-10T12:24:09,20261010-122407-3ccb29,identify,best,IMG_2880.HEIC,,Shingles,1.16,Shingles:1.16;Esther:1.11;Chopsticks:1.09;Compass:1.08;Cruella:1.08,1,,,spot 1.1
2026-10-10T12:24:09,20261010-122407-3ccb29,identify,sift,IMG_2880.HEIC,"[488, 663, 582, 807]",Esther,1.4,Esther:1.4;Rooster:1.1;Shingles:1.1;T039_70:1.1;Compass:1.1,1,,,
2026-10-10T12:24:09,20261010-122407-3ccb29,identify,combined,IMG_2880.HEIC,"[488, 663, 582, 807]",Shingles,0.403,Shingles:0.403;Emoji:0.374;D.E.P.:0.348;Chopsticks:0.335;Compass:0.326,0,,,
2026-10-10T12:24:09,20261010-122407-3ccb29,identify,full,IMG_2880.HEIC,,Shingles,0.536,Shingles:0.536;Flower:0.372;T117:0.372;Chopsticks:0.37;T045:0.353,0,,,
2026-10-10T12:24:09,20261010-122407-3ccb29,identify,crop,IMG_2880.HEIC,"[488, 663, 582, 807]",T104,0.634,T104:0.634;Shingles:0.631;Rooster_II:0.492;Cruella:0.483;Esther:0.435,0,,,
2026-10-10T12:24:09,20261010-122407-3ccb29,identify,tight,IMG_2880.HEIC,"[488, 663, 582, 807]",Shingles,0.461,Shingles:0.461;Esther:0.457;Rooster_II:0.429;Glyph:0.427;Cruella:0.399,0,,,
2026-10-10T12:24:12,20261010-122409-2fd084,identify,best,IMG_2881.HEIC,,Cruella,1.43,Cruella:1.43;Compass:1.15;Jigsaw:1.08;Shingles:1.04;Esther:1.04,1,,,spot 2.0
2026-10-10T12:24:12,20261010-122409-2fd084,identify,sift,IMG_2881.HEIC,"[504, 672, 600, 818]",Cruella,2.0,Cruella:2.0;Jigsaw:1.7;Compass:1.4;Esther:1.1;Faded_Flower:1.1,1,,,
2026-10-10T12:24:12,20261010-122409-2fd084,identify,combined,IMG_2881.HEIC,"[504, 672, 600, 818]",Shingles,0.428,Shingles:0.428;D.E.P.:0.418;Cruella:0.34;Rooster_II:0.33;Wishbone:0.31,0,,,
2026-10-10T12:24:12,20261010-122409-2fd084,identify,full,IMG_2881.HEIC,,Shingles,0.482,Shingles:0.482;Flower:0.381;Cruella:0.367;Esther:0.346;T045:0.341,0,,,
2026-10-10T12:24:12,20261010-122409-2fd084,identify,crop,IMG_2881.HEIC,"[504, 672, 600, 818]",Shingles,0.672,Shingles:0.672;Cruella:0.538;T104:0.518;Lotus:0.408;Esther:0.4,0,,,
2026-10-10T12:24:12,20261010-122409-2fd084,identify,tight,IMG_2881.HEIC,"[504, 672, 600, 818]",Jazzy,0.425,Jazzy:0.425;Rooster_II:0.425;Cruella:0.401;Esther:0.399;Shingles:0.394,0,,,
2026-10-10T12:24:15,20261010-122412-1ab4a1,identify,best,IMG_2882.HEIC,,Compass,1.48,Compass:1.48;Shingles:1.27;Esther:1.26;Lotus:1.26;Cruella:1.17,1,,,spot 2.5
2026-10-10T12:24:15,20261010-122412-1ab4a1,identify,sift,IMG_2882.HEIC,"[483, 659, 574, 804]",Compass,2.5,Compass:2.5;Lotus:1.8;Esther:1.8;T122:1.5;Jigsaw:1.5,1,,,
2026-10-10T12:24:15,20261010-122412-1ab4a1,identify,combined,IMG_2882.HEIC,"[483, 659, 574, 804]",Shingles,0.368,Shingles:0.368;Cruella:0.356;Chopsticks:0.347;Rooster_II:0.319;D.E.P.:0.314,0,,,
2026-10-10T12:24:15,20261010-122412-1ab4a1,identify,full,IMG_2882.HEIC,,Shingles,0.491,Shingles:0.491;Flower:0.348;Cruella:0.334;Chopsticks:0.326;T045:0.315,0,,,
2026-10-10T12:24:15,20261010-122412-1ab4a1,identify,crop,IMG_2882.HEIC,"[483, 659, 574, 804]",Shingles,0.586,Shingles:0.586;Cruella:0.538;Jazzy:0.476;T104:0.436;Wishbone:0.415,0,,,
2026-10-10T12:24:15,20261010-122412-1ab4a1,identify,tight,IMG_2882.HEIC,"[483, 659, 574, 804]",Cruella,0.588,Cruella:0.588;Esther:0.517;T117:0.505;Shingles:0.386;Lotus:0.377,0,,,
2026-10-10T12:24:17,20261010-122415-61dd3b,identify,best,IMG_2883.HEIC,,Esther,1.44,Esther:1.44;Cruella:1.21;Spikey:1.2;Lotus:1.13;Compass:1.12,1,,,spot 2.3
2026-10-10T12:24:17,20261010-122415-61dd3b,identify,sift,IMG_2883.HEIC,"[634, 219, 715, 423]",Esther,2.3,Esther:2.3;T044:1.7;Spikey:1.7;Lotus:1.7;Jigsaw:1.3,1,,,
2026-10-10T12:24:17,20261010-122415-61dd3b,identify,combined,IMG_2883.HEIC,"[634, 219, 715, 423]",Shingles,0.387,Shingles:0.387;D.E.P.:0.38;Cruella:0.365;Jazzy:0.289;Compass:0.276,0,,,
2026-10-10T12:24:17,20261010-122415-61dd3b,identify,full,IMG_2883.HEIC,,Shingles,0.407,Shingles:0.407;T117:0.372;Cruella:0.369;Flower:0.366;Compass:0.357,0,,,
2026-10-10T12:24:17,20261010-122415-61dd3b,identify,crop,IMG_2883.HEIC,"[634, 219, 715, 423]",Jazzy,0.543,Jazzy:0.543;Cruella:0.504;Shingles:0.478;Compass:0.397;Jigsaw:0.384,0,,,
2026-10-10T12:24:17,20261010-122415-61dd3b,identify,tight,IMG_2883.HEIC,"[634, 219, 715, 423]",Cruella,0.566,Cruella:0.566;Esther:0.554;Shingles:0.419;Jigsaw:0.396;T117:0.394,0,,,
2026-10-10T12:24:20,20261010-122417-5fddef,identify,best,IMG_2884.HEIC,,D.E.P.,0.91,D.E.P.:0.91;Shingles:0.86;Bubbles:0.83;Cruella:0.71;Rooster_II:0.7,1,,,spot 0.7
2026-10-10T12:24:20,20261010-122417-5fddef,identify,sift,IMG_2884.HEIC,"[640, 97, 808, 301]",Bubbles,0.9,Bubbles:0.9;D.E.P.:0.7;Sunflower:0.7;Flower:0.6;Shingles:0.6,1,,,
2026-10-10T12:24:20,20261010-122417-5fddef,identify,combined,IMG_2884.HEIC,"[640, 97, 808, 301]",Compass,0.445,Compass:0.445;Shingles:0.394;D.E.P.:0.386;Cruella:0.384;T066:0.336,0,,,
2026-10-10T12:24:20,20261010-122417-5fddef,identify,full,IMG_2884.HEIC,,Flower,0.406,Flower:0.406;Compass:0.402;Cruella:0.384;Shingles:0.375;Esther:0.372,0,,,
2026-10-10T12:24:20,20261010-122417-5fddef,identify,crop,IMG_2884.HEIC,"[640, 97, 808, 301]",Compass,0.499,Compass:0.499;T117:0.491;Cruella:0.472;Jazzy:0.434;Wishbone:0.43,0,,,
2026-10-10T12:24:20,20261010-122417-5fddef,identify,tight,IMG_2884.HEIC,"[640, 97, 808, 301]",Rooster_II,0.61,Rooster_II:0.61;Compass:0.559;D.E.P.:0.516;Cruella:0.436;Jazzy:0.368,0,,,
2026-10-10T12:24:24,20261010-122420-65d636,identify,best,IMG_2885.HEIC,,D.E.P.,1.1,D.E.P.:1.1;Cruella:0.89;Chopsticks:0.89;Flower:0.84;Faded_Flower:0.82,1,,,spot 1.2
2026-10-10T12:24:24,20261010-122420-65d636,identify,sift,IMG_2885.HEIC,"[546, 427, 874, 622]",Faded_Flower,1.3,Faded_Flower:1.3;D.E.P.:1.2;Chopsticks:1.1;Flower:1.0;Jigsaw:1.0,1,,,
2026-10-10T12:24:24,20261010-122420-65d636,identify,combined,IMG_2885.HEIC,"[546, 427, 874, 622]",Cruella,0.474,Cruella:0.474;T122:0.346;Flower_2:0.34;Emoji:0.321;D.E.P.:0.306,0,,,
2026-10-10T12:24:24,20261010-122420-65d636,identify,full,IMG_2885.HEIC,,Cruella,0.311,Cruella:0.311;T104:0.29;Shingles:0.23;Jazzy:0.224;T039_70:0.215,1,,,
2026-10-10T12:24:24,20261010-122420-65d636,identify,crop,IMG_2885.HEIC,"[546, 427, 874, 622]",Cruella,0.566,Cruella:0.566;Flower_2:0.452;Shingles:0.444;T122:0.39;Compass:0.38,0,,,
2026-10-10T12:24:24,20261010-122420-65d636,identify,tight,IMG_2885.HEIC,"[546, 427, 874, 622]",Cruella,0.442,Cruella:0.442;Flower_2:0.423;D.E.P.:0.402;Bubbles:0.401;Spikey:0.339,0,,,
2026-10-10T12:24:27,20261010-122424-c0f2b3,identify,best,IMG_2886.heic,,Cruella,1.0,Cruella:1.0;T117:0.87;T066:0.79;Lotus:0.76;Bubbles:0.76,1,,,spot 0.6
2026-10-10T12:24:27,20261010-122424-c0f2b3,identify,sift,IMG_2886.heic,"[75, 431, 350, 621]",T117,1.2,T117:1.2;Lotus:1.1;Shingles:0.9;T066:0.8;Jigsaw:0.8,1,,,
2026-10-10T12:24:27,20261010-122424-c0f2b3,identify,combined,IMG_2886.heic,"[75, 431, 350, 621]",Cruella,0.5,Cruella:0.5;D.E.P.:0.375;Emoji:0.352;Flower_2:0.292;T122:0.281,0,,,
2026-10-10T12:24:27,20261010-122424-c0f2b3,identify,full,IMG_2886.heic,,Cruella,0.318,Cruella:0.318;T104:0.306;Shingles:0.257;Emoji:0.248;Jigsaw:0.228,0,,,
2026-10-10T12:24:27,20261010-122424-c0f2b3,identify,crop,IMG_2886.heic,"[75, 431, 350, 621]",Jazzy,0.589,Jazzy:0.589;Cruella:0.555;Compass:0.519;Jigsaw:0.437;Shingles:0.434,0,,,
2026-10-10T12:24:27,20261010-122424-c0f2b3,identify,tight,IMG_2886.heic,"[75, 431, 350, 621]",Cruella,0.66,Cruella:0.66;Flower_2:0.588;Rooster_II:0.559;Emoji:0.513;Jazzy:0.48,0,,,
2026-10-10T12:24:30,20261010-122427-7989a8,identify,best,IMG_2887.HEIC,,Shingles,0.9,Shingles:0.9;Flower:0.86;Compass:0.8;Cruella:0.79;Rooster_II:0.75,1,,,spot 0.9
2026-10-10T12:24:30,20261010-122427-7989a8,identify,sift,IMG_2887.HEIC,"[469, 442, 676, 616]",Shingles,0.9,Shingles:0.9;Compass:0.6;Flower:0.6;Rooster_II:0.6;Cruella:0.6,1,,,
2026-10-10T12:24:30,20261010-122427-7989a8,identify,combined,IMG_2887.HEIC,"[469, 442, 676, 616]",D.E.P.,0.395,D.E.P.:0.395;Flower:0.389;Flower_2:0.339;Chopsticks:0.335;Cruella:0.329,0,,,
2026-10-10T12:24:30,20261010-122427-7989a8,identify,full,IMG_2887.HEIC,,Cruella,0.351,Cruella:0.351;T117:0.32;Lotus:0.283;T104:0.273;Flower:0.228,0,,,
2026-10-10T12:24:30,20261010-122427-7989a8,identify,crop,IMG_2887.HEIC,"[469, 442, 676, 616]",Cruella,0.633,Cruella:0.633;Compass:0.497;Chopsticks:0.465;Flower:0.462;Shingles:0.461,0,,,
2026-10-10T12:24:30,20261010-122427-7989a8,identify,tight,IMG_2887.HEIC,"[469, 442, 676, 616]",Strobe,0.656,Strobe:0.656;Sunflower:0.602;Compass:0.557;Flower_2:0.549;Jigsaw:0.511,0,,,
2026-10-10T12:24:33,20261010-122430-02b10f,identify,best,IMG_2888.HEIC,,Compass,0.8,Compass:0.8;Esther:0.74;Cruella:0.69;T117:0.68;Chopsticks:0.67,1,,,spot 0.2
2026-10-10T12:24:33,20261010-122430-02b10f,identify,sift,IMG_2888.HEIC,"[267, 269, 764, 777]",Esther,0.6,Esther:0.6;T117:0.6;Jigsaw:0.5;Chopsticks:0.4;Rooster:0.4,1,,,
2026-10-10T12:24:33,20261010-122430-02b10f,identify,combined,IMG_2888.HEIC,"[267, 269, 764, 777]",Compass,0.589,Compass:0.589;Bubbles:0.384;Cruella:0.351;Sunflower:0.332;Chopsticks:0.309,0,,,
2026-10-10T12:24:33,20261010-122430-02b10f,identify,full,IMG_2888.HEIC,,Cruella,0.456,Cruella:0.456;Compass:0.402;T122:0.359;Flower_2:0.354;Bubbles:0.323,0,,,
2026-10-10T12:24:33,20261010-122430-02b10f,identify,crop,IMG_2888.HEIC,"[267, 269, 764, 777]",Compass,0.591,Compass:0.591;Cruella:0.572;Sunflower:0.562;T117:0.529;Flower:0.484,0,,,
2026-10-10T12:24:33,20261010-122430-02b10f,identify,tight,IMG_2888.HEIC,"[267, 269, 764, 777]",D.E.P.,0.574,D.E.P.:0.574;Compass:0.565;Spikey:0.476;Chopsticks:0.459;Cruella:0.44,0,,,
2026-10-10T12:24:36,20261010-122433-424d0b,identify,best,IMG_2889.HEIC,,Jigsaw,0.9,Jigsaw:0.9;Compass:0.89;Cruella:0.89;T039_70:0.88;Sunflower:0.84,1,,,spot 1.1
2026-10-10T12:24:36,20261010-122433-424d0b,identify,sift,IMG_2889.HEIC,"[151, 219, 764, 856]",T039_70,1.2,T039_70:1.2;Jigsaw:1.1;Sunflower:0.9;T066:0.8;T104:0.6,1,,,
2026-10-10T12:24:36,20261010-122433-424d0b,identify,combined,IMG_2889.HEIC,"[151, 219, 764, 856]",Cruella,0.483,Cruella:0.483;Compass:0.405;Emoji:0.358;T122:0.353;Rooster:0.335,0,,,
2026-10-10T12:24:36,20261010-122433-424d0b,identify,full,IMG_2889.HEIC,,Cruella,0.61,Cruella:0.61;Compass:0.565;T122:0.437;T117:0.434;Sunflower:0.354,0,,,
2026-10-10T12:24:36,20261010-122433-424d0b,identify,crop,IMG_2889.HEIC,"[151, 219, 764, 856]",Cruella,0.61,Cruella:0.61;Compass:0.543;Sunflower:0.525;T117:0.491;Shingles:0.434,0,,,
2026-10-10T12:24:36,20261010-122433-424d0b,identify,tight,IMG_2889.HEIC,"[151, 219, 764, 856]",D.E.P.,0.597,D.E.P.:0.597;Cruella:0.554;Flower_2:0.548;Compass:0.536;Rooster:0.47,0,,,
2026-10-10T12:24:38,20261010-122436-df45e6,identify,best,IMG_2890.HEIC,,Compass,0.92,Compass:0.92;T117:0.82;Cruella:0.78;Shingles:0.77;Rooster:0.75,1,,,spot 0.8
2026-10-10T12:24:38,20261010-122436-df45e6,identify,sift,IMG_2890.HEIC,"[428, 107, 1000, 856]",Compass,0.8,Compass:0.8;T117:0.7;T039_70:0.7;Jigsaw:0.7;Spikey:0.5,1,,,
2026-10-10T12:24:38,20261010-122436-df45e6,identify,combined,IMG_2890.HEIC,"[428, 107, 1000, 856]",Cruella,0.374,Cruella:0.374;Shingles:0.368;Rooster:0.346;Emoji:0.344;Bubbles:0.335,0,,,
2026-10-10T12:24:38,20261010-122436-df45e6,identify,full,IMG_2890.HEIC,,Cruella,0.564,Cruella:0.564;Compass:0.449;T117:0.341;T122:0.293;Sunflower:0.268,0,,,
2026-10-10T12:24:38,20261010-122436-df45e6,identify,crop,IMG_2890.HEIC,"[428, 107, 1000, 856]",Cruella,0.539,Cruella:0.539;Shingles:0.506;Flower_2:0.45;Compass:0.415;Flower:0.407,0,,,
2026-10-10T12:24:38,20261010-122436-df45e6,identify,tight,IMG_2890.HEIC,"[428, 107, 1000, 856]",D.E.P.,0.556,D.E.P.:0.556;Rooster_II:0.525;Strobe_II:0.496;T122:0.495;Compass:0.487,0,,,
2026-10-10T12:24:43,20261010-122438-366e34,identify,best,IMG_2891.HEIC,,Cruella,0.91,Cruella:0.91;D.E.P.:0.75;Chopsticks:0.74;Compass:0.73;Sunflower:0.67,1,,,spot 0.4
2026-10-10T12:24:43,20261010-122438-366e34,identify,sift,IMG_2891.HEIC,"[284, 39, 930, 807]",Chopsticks,0.7,Chopsticks:0.7;Faded_Flower:0.6;Sunflower:0.6;D.E.P.:0.6;Compass:0.4,1,,,
2026-10-10T12:24:43,20261010-122438-366e34,identify,combined,IMG_2891.HEIC,"[284, 39, 930, 807]",Cruella,0.538,Cruella:0.538;Emoji:0.407;Bubbles:0.386;Compass:0.363;Shingles:0.359,0,,,
2026-10-10T12:24:43,20261010-122438-366e34,identify,full,IMG_2891.HEIC,,Cruella,0.537,Cruella:0.537;Compass:0.511;Sunflower:0.37;T117:0.365;T122:0.359,0,,,
2026-10-10T12:24:43,20261010-122438-366e34,identify,crop,IMG_2891.HEIC,"[284, 39, 930, 807]",Cruella,0.498,Cruella:0.498;Shingles:0.464;Compass:0.449;T117:0.436;Sunflower:0.415,0,,,
2026-10-10T12:24:43,20261010-122438-366e34,identify,tight,IMG_2891.HEIC,"[284, 39, 930, 807]",Cruella,0.598,Cruella:0.598;T122:0.552;D.E.P.:0.546;Emoji:0.494;Spikey:0.474,0,,,
2026-10-10T12:24:46,20261010-122443-a11086,identify,best,IMG_2892.HEIC,,Cruella,0.73,Cruella:0.73;Chopsticks:0.68;Lotus:0.67;Jigsaw:0.66;Esther:0.66,1,,,spot 0.4
2026-10-10T12:24:46,20261010-122443-a11086,identify,sift,IMG_2892.HEIC,"[546, 735, 634, 881]",Faded_Flower,0.8,Faded_Flower:0.8;Esther:0.7;Chopsticks:0.7;Jigsaw:0.6;T066:0.6,1,,,
2026-10-10T12:24:46,20261010-122443-a11086,identify,combined,IMG_2892.HEIC,"[546, 735, 634, 881]",Cruella,0.406,Cruella:0.406;T117:0.358;Glyph:0.311;Lotus:0.272;Sunflower:0.246,0,,,
2026-10-10T12:24:46,20261010-122443-a11086,identify,full,IMG_2892.HEIC,,Lotus,0.38,Lotus:0.38;Shingles:0.372;T039_70:0.322;Cruella:0.291;T117:0.282,0,,,
2026-10-10T12:24:46,20261010-122443-a11086,identify,crop,IMG_2892.HEIC,"[546, 735, 634, 881]",Flower_2,0.561,Flower_2:0.561;Cruella:0.554;T117:0.535;Jigsaw:0.441;Flower:0.415,0,,,
2026-10-10T12:24:46,20261010-122443-a11086,identify,tight,IMG_2892.HEIC,"[546, 735, 634, 881]",Cruella,0.548,Cruella:0.548;T117:0.473;Shingles:0.4;Rooster_II:0.36;Esther:0.347,0,,,
2026-10-10T12:24:50,20261010-122446-761624,identify,best,IMG_2893.HEIC,,Shingles,1.15,Shingles:1.15;Compass:0.96;Sunflower:0.79;Bubbles:0.78;Flower:0.75,1,,,spot 1.4
2026-10-10T12:24:50,20261010-122446-761624,identify,sift,IMG_2893.HEIC,"[410, 263, 835, 692]",Shingles,1.4,Shingles:1.4;Compass:0.8;Sunflower:0.7;Flower:0.7;Chopsticks:0.6,1,,,
2026-10-10T12:24:50,20261010-122446-761624,identify,combined,IMG_2893.HEIC,"[410, 263, 835, 692]",Compass,0.383,Compass:0.383;Bubbles:0.376;T122:0.363;Rooster_II:0.345;Cruella:0.324,0,,,
2026-10-10T12:24:50,20261010-122446-761624,identify,full,IMG_2893.HEIC,,Cruella,0.423,Cruella:0.423;T122:0.374;Compass:0.363;Rooster_II:0.333;Rooster:0.328,0,,,
2026-10-10T12:24:50,20261010-122446-761624,identify,crop,IMG_2893.HEIC,"[410, 263, 835, 692]",Flower,0.464,Flower:0.464;Wishbone:0.449;Rooster_II:0.438;Cruella:0.43;Fist:0.429,0,,,
2026-10-10T12:24:50,20261010-122446-761624,identify,tight,IMG_2893.HEIC,"[410, 263, 835, 692]",D.E.P.,0.49,D.E.P.:0.49;Compass:0.467;T122:0.446;Cruella:0.392;Fist:0.387,0,,,
2026-10-10T12:24:52,20261010-122450-661f3c,identify,best,IMG_2894.HEIC,,Rooster,0.97,Rooster:0.97;Rooster_II:0.94;Cruella:0.94;Chopsticks:0.91;Shingles:0.85,1,,,spot 0.6
2026-10-10T12:24:52,20261010-122450-661f3c,identify,sift,IMG_2894.HEIC,"[203, 68, 779, 897]",Chopsticks,1.2,Chopsticks:1.2;Sunflower:0.8;T039_70:0.8;Cruella:0.6;T022_23:0.6,1,,,
2026-10-10T12:24:52,20261010-122450-661f3c,identify,combined,IMG_2894.HEIC,"[203, 68, 779, 897]",Bubbles,0.53,Bubbles:0.53;Rooster:0.484;Rooster_II:0.459;Cruella:0.457;D.E.P.:0.408,0,,,
2026-10-10T12:24:52,20261010-122450-661f3c,identify,full,IMG_2894.HEIC,,Fist,0.674,Fist:0.674;Cruella:0.662;Bubbles:0.645;Rooster_II:0.638;T045:0.637,0,,,
2026-10-10T12:24:52,20261010-122450-661f3c,identify,crop,IMG_2894.HEIC,"[203, 68, 779, 897]",Rooster,0.619,Rooster:0.619;Cruella:0.614;Wishbone:0.576;Bubbles:0.558;T045:0.547,0,,,
2026-10-10T12:24:52,20261010-122450-661f3c,identify,tight,IMG_2894.HEIC,"[203, 68, 779, 897]",Rooster_II,0.628,Rooster_II:0.628;Wishbone:0.598;Bubbles:0.509;D.E.P.:0.49;T045:0.485,0,,,
2026-10-10T12:24:54,20261010-122452-18602a,identify,best,IMG_2895.HEIC,,D.E.P.,0.96,D.E.P.:0.96;Bubbles:0.68;T122:0.67;Cruella:0.66;Emoji:0.66,1,,,spot 0.4
2026-10-10T12:24:54,20261010-122452-18602a,identify,sift,IMG_2895.HEIC,"[174, 52, 792, 920]",D.E.P.,0.4,D.E.P.:0.4;Flower:0.4;T117:0.4;T122:0.4;Chopsticks:0.4,1,,,
2026-10-10T12:24:54,20261010-122452-18602a,identify,combined,IMG_2895.HEIC,"[174, 52, 792, 920]",D.E.P.,0.609,D.E.P.:0.609;Bubbles:0.494;Shingles:0.375;Rooster_II:0.36;T122:0.319,0,,,
2026-10-10T12:24:54,20261010-122452-18602a,identify,full,IMG_2895.HEIC,,Rooster_II,0.595,Rooster_II:0.595;Fist:0.569;Cruella:0.564;Bubbles:0.545;T045:0.532,0,,,
2026-10-10T12:24:54,20261010-122452-18602a,identify,crop,IMG_2895.HEIC,"[174, 52, 792, 920]",Bubbles,0.586,Bubbles:0.586;D.E.P.:0.543;Cruella:0.526;Rooster:0.468;T104:0.457,0,,,
2026-10-10T12:24:54,20261010-122452-18602a,identify,tight,IMG_2895.HEIC,"[174, 52, 792, 920]",D.E.P.,0.616,D.E.P.:0.616;Bubbles:0.609;Wishbone:0.573;Rooster_II:0.558;T122:0.535,0,,,
2026-10-10T12:24:56,20261010-122454-020be8,identify,best,IMG_2896.HEIC,,T039_70,1.1,T039_70:1.1;D.E.P.:0.93;T066:0.92;Rooster_II:0.85;Bubbles:0.79,1,,,spot 1.4
2026-10-10T12:24:56,20261010-122454-020be8,identify,sift,IMG_2896.HEIC,"[337, 76, 863, 927]",T039_70,1.4,T039_70:1.4;T066:1.1;Jigsaw:0.9;Glyph:0.7;Faded_Flower:0.7,1,,,
2026-10-10T12:24:56,20261010-122454-020be8,identify,combined,IMG_2896.HEIC,"[337, 76, 863, 927]",Emoji,0.513,Emoji:0.513;D.E.P.:0.494;Bubbles:0.48;T122:0.451;Cruella:0.403,0,,,
2026-10-10T12:24:56,20261010-122454-020be8,identify,full,IMG_2896.HEIC,,Fist,0.624,Fist:0.624;Faded_Flower:0.6;Bubbles:0.577;T066:0.561;T022_23:0.555,0,,,
2026-10-10T12:24:56,20261010-122454-020be8,identify,crop,IMG_2896.HEIC,"[337, 76, 863, 927]",Bubbles,0.576,Bubbles:0.576;D.E.P.:0.55;Rooster_II:0.525;Shingles:0.469;Cruella:0.463,0,,,
2026-10-10T12:24:56,20261010-122454-020be8,identify,tight,IMG_2896.HEIC,"[337, 76, 863, 927]",D.E.P.,0.595,D.E.P.:0.595;Bubbles:0.58;T122:0.575;Cruella:0.54;Emoji:0.527,0,,,
2026-10-10T12:24:59,20261010-122456-f65b4a,identify,best,IMG_2897.HEIC,,T122,0.76,T122:0.76;Cruella:0.74;Shingles:0.73;D.E.P.:0.72;Rooster_II:0.71,1,,,spot 0.3
2026-10-10T12:24:59,20261010-122456-f65b4a,identify,sift,IMG_2897.HEIC,"[236, 74, 752, 864]",Shingles,0.6,Shingles:0.6;T066:0.6;T117:0.5;T045:0.4;T104:0.4,1,,,
2026-10-10T12:24:59,20261010-122456-f65b4a,identify,combined,IMG_2897.HEIC,"[236, 74, 752, 864]",T122,0.464,T122:0.464;Cruella:0.446;Rooster_II:0.381;D.E.P.:0.377;Emoji:0.374,0,,,
2026-10-10T12:24:59,20261010-122456-f65b4a,identify,full,IMG_2897.HEIC,,Fist,0.682,Fist:0.682;Cruella:0.638;Compass:0.633;Rooster_II:0.631;Flower:0.576,0,,,
2026-10-10T12:24:59,20261010-122456-f65b4a,identify,crop,IMG_2897.HEIC,"[236, 74, 752, 864]",Cruella,0.651,Cruella:0.651;Compass:0.636;Fist:0.617;Rooster_II:0.582;Wishbone:0.548,0,,,
2026-10-10T12:24:59,20261010-122456-f65b4a,identify,tight,IMG_2897.HEIC,"[236, 74, 752, 864]",D.E.P.,0.502,D.E.P.:0.502;Chopsticks:0.487;Rooster_II:0.478;Cruella:0.429;T122:0.415,0,,,
2026-10-10T12:25:01,20261010-122459-ffec9d,identify,best,IMG_2898.HEIC,,T039_70,0.86,T039_70:0.86;Chopsticks:0.82;D.E.P.:0.82;Shingles:0.82;Cruella:0.81,1,,,spot 1.2
2026-10-10T12:25:01,20261010-122459-ffec9d,identify,sift,IMG_2898.HEIC,"[182, 92, 731, 871]",T039_70,1.2,T039_70:1.2;Chopsticks:0.9;Shingles:0.7;T117:0.7;T022_23:0.7,1,,,
2026-10-10T12:25:01,20261010-122459-ffec9d,identify,combined,IMG_2898.HEIC,"[182, 92, 731, 871]",T122,0.538,T122:0.538;Emoji:0.481;Flower:0.426;Bubbles:0.413;Fist:0.398,0,,,
2026-10-10T12:25:01,20261010-122459-ffec9d,identify,full,IMG_2898.HEIC,,Fist,0.616,Fist:0.616;Compass:0.614;Cruella:0.587;Rooster_II:0.552;Flower:0.524,0,,,
2026-10-10T12:25:01,20261010-122459-ffec9d,identify,crop,IMG_2898.HEIC,"[182, 92, 731, 871]",Flower,0.667,Flower:0.667;Cruella:0.65;Fist:0.581;Compass:0.565;Bubbles:0.546,0,,,
2026-10-10T12:25:01,20261010-122459-ffec9d,identify,tight,IMG_2898.HEIC,"[182, 92, 731, 871]",T122,0.658,T122:0.658;Emoji:0.628;Flower_2:0.526;D.E.P.:0.522;Bubbles:0.453,0,,,
2026-10-10T12:25:04,20261010-122501-248a82,identify,best,IMG_2899.HEIC,,Shingles,1.29,Shingles:1.29;D.E.P.:1.1;Rooster_II:0.96;Bubbles:0.95;Faded_Flower:0.94,1,,,spot 0.9
2026-10-10T12:25:04,20261010-122501-248a82,identify,sift,IMG_2899.HEIC,"[108, 107, 930, 963]",Bubbles,1.1,Bubbles:1.1;Shingles:0.9;D.E.P.:0.8;Strobe_II:0.7;Faded_Flower:0.7,1,,,
2026-10-10T12:25:04,20261010-122501-248a82,identify,combined,IMG_2899.HEIC,"[108, 107, 930, 963]",Rooster_II,0.691,Rooster_II:0.691;Shingles:0.652;D.E.P.:0.522;Faded_Flower:0.434;T039_70:0.358,0,,,
2026-10-10T12:25:04,20261010-122501-248a82,identify,full,IMG_2899.HEIC,,Shingles,0.808,Shingles:0.808;T104:0.769;D.E.P.:0.737;T039_70:0.651;Rooster_II:0.651,0,,,
2026-10-10T12:25:04,20261010-122501-248a82,identify,crop,IMG_2899.HEIC,"[108, 107, 930, 963]",Rooster_II,0.797,Rooster_II:0.797;Shingles:0.787;T104:0.731;D.E.P.:0.683;T039_70:0.6,0,,,
2026-10-10T12:25:04,20261010-122501-248a82,identify,tight,IMG_2899.HEIC,"[108, 107, 930, 963]",Shingles,0.766,Shingles:0.766;D.E.P.:0.739;Rooster_II:0.723;Faded_Flower:0.697;T039_70:0.649,0,,,
2026-10-10T12:25:06,20261010-122504-9283eb,identify,best,IMG_2900.HEIC,,Shingles,1.32,Shingles:1.32;D.E.P.:0.93;Rooster_II:0.89;Faded_Flower:0.78;T039_70:0.7,1,,,spot 0.9
2026-10-10T12:25:06,20261010-122504-9283eb,identify,sift,IMG_2900.HEIC,"[124, 72, 933, 917]",Shingles,0.9,Shingles:0.9;Bubbles:0.7;T117:0.6;T066:0.6;T103x:0.6,1,,,
2026-10-10T12:25:06,20261010-122504-9283eb,identify,combined,IMG_2900.HEIC,"[124, 72, 933, 917]",Shingles,0.683,Shingles:0.683;Rooster_II:0.683;D.E.P.:0.569;T039_70:0.465;Faded_Flower:0.445,0,,,
2026-10-10T12:25:06,20261010-122504-9283eb,identify,full,IMG_2900.HEIC,,Shingles,0.801,Shingles:0.801;T104:0.766;D.E.P.:0.734;Rooster_II:0.674;T039_70:0.653,0,,,
2026-10-10T12:25:06,20261010-122504-9283eb,identify,crop,IMG_2900.HEIC,"[124, 72, 933, 917]",Shingles,0.791,Shingles:0.791;Rooster_II:0.788;D.E.P.:0.723;T104:0.718;T039_70:0.681,0,,,
2026-10-10T12:25:06,20261010-122504-9283eb,identify,tight,IMG_2900.HEIC,"[124, 72, 933, 917]",D.E.P.,0.752,D.E.P.:0.752;Shingles:0.739;Rooster_II:0.729;Faded_Flower:0.726;T039_70:0.705,0,,,
2026-10-10T12:25:09,20261010-122506-302bdd,identify,best,IMG_2901.HEIC,,T117,0.82,T117:0.82;Cruella:0.81;Rooster_II:0.78;D.E.P.:0.75;Compass:0.72,1,,,spot 0.8
2026-10-10T12:25:09,20261010-122506-302bdd,identify,sift,IMG_2901.HEIC,"[121, 42, 917, 825]",T117,0.8,T117:0.8;Spikey:0.5;Cruella:0.5;Aztec:0.5;Flower:0.5,1,,,
2026-10-10T12:25:09,20261010-122506-302bdd,identify,combined,IMG_2901.HEIC,"[121, 42, 917, 825]",D.E.P.,0.417,D.E.P.:0.417;Compass:0.411;Rooster_II:0.409;Bubbles:0.407;Cruella:0.405,0,,,
2026-10-10T12:25:09,20261010-122506-302bdd,identify,full,IMG_2901.HEIC,,Cruella,0.697,Cruella:0.697;Compass:0.663;Fist:0.645;Bubbles:0.642;Rooster_II:0.628,0,,,
2026-10-10T12:25:09,20261010-122506-302bdd,identify,crop,IMG_2901.HEIC,"[121, 42, 917, 825]",Cruella,0.718,Cruella:0.718;Bubbles:0.596;Flower:0.595;Compass:0.524;Rooster_II:0.502,0,,,
2026-10-10T12:25:09,20261010-122506-302bdd,identify,tight,IMG_2901.HEIC,"[121, 42, 917, 825]",D.E.P.,0.705,D.E.P.:0.705;Sunflower:0.615;Rooster_II:0.591;Cruella:0.582;T122:0.571,0,,,
2026-10-10T12:25:11,20261010-122509-c30ea6,identify,best,IMG_2902.HEIC,,T117,1.08,T117:1.08;Cruella:0.91;D.E.P.:0.89;Esther:0.81;Emoji:0.81,1,,,spot 1.1
2026-10-10T12:25:11,20261010-122509-c30ea6,identify,sift,IMG_2902.HEIC,"[240, 91, 861, 831]",T117,1.1,T117:1.1;T122:0.7;Cruella:0.7;Compass:0.7;Emoji:0.7,1,,,
2026-10-10T12:25:11,20261010-122509-c30ea6,identify,combined,IMG_2902.HEIC,"[240, 91, 861, 831]",Bubbles,0.401,Bubbles:0.401;Cruella:0.398;D.E.P.:0.387;Shingles:0.368;T117:0.333,0,,,
2026-10-10T12:25:11,20261010-122509-c30ea6,identify,full,IMG_2902.HEIC,,Cruella,0.702,Cruella:0.702;Rooster_II:0.607;Bubbles:0.601;T045:0.578;Compass:0.559,0,,,
2026-10-10T12:25:11,20261010-122509-c30ea6,identify,crop,IMG_2902.HEIC,"[240, 91, 861, 831]",Cruella,0.615,Cruella:0.615;Bubbles:0.512;Compass:0.492;Rooster_II:0.471;Flower:0.447,0,,,
2026-10-10T12:25:11,20261010-122509-c30ea6,identify,tight,IMG_2902.HEIC,"[240, 91, 861, 831]",D.E.P.,0.575,D.E.P.:0.575;Bubbles:0.534;Emoji:0.506;Cruella:0.482;T117:0.443,0,,,
2026-10-10T12:25:14,20261010-122511-3d5776,identify,best,IMG_2904.HEIC,,Esther,1.02,Esther:1.02;Compass:0.99;Chopsticks:0.98;Shingles:0.85;Lotus:0.83,1,,,spot 0.8
2026-10-10T12:25:14,20261010-122511-3d5776,identify,sift,IMG_2904.HEIC,"[355, 335, 638, 715]",Chopsticks,1.7,Chopsticks:1.7;Compass:0.9;Esther:0.8;T066:0.7;Lotus:0.6,1,,,
2026-10-10T12:25:14,20261010-122511-3d5776,identify,combined,IMG_2904.HEIC,"[355, 335, 638, 715]",Esther,0.428,Esther:0.428;Shingles:0.403;Lotus:0.376;Compass:0.36;D.E.P.:0.294,0,,,
2026-10-10T12:25:14,20261010-122511-3d5776,identify,full,IMG_2904.HEIC,,Lotus,0.428,Lotus:0.428;Shingles:0.425;Cruella:0.401;T117:0.392;D.E.P.:0.359,0,,,
2026-10-10T12:25:14,20261010-122511-3d5776,identify,crop,IMG_2904.HEIC,"[355, 335, 638, 715]",Lotus,0.515,Lotus:0.515;Esther:0.435;Shingles:0.406;T117:0.312;T104:0.312,0,,,
2026-10-10T12:25:14,20261010-122511-3d5776,identify,tight,IMG_2904.HEIC,"[355, 335, 638, 715]",Jigsaw,0.465,Jigsaw:0.465;Esther:0.461;Lotus:0.42;Cruella:0.386;Shingles:0.338,0,,,
2026-10-10T12:25:17,20261010-122514-1947b7,identify,best,IMG_2905.HEIC,,Bubbles,1.14,Bubbles:1.14;T117:0.9;Shingles:0.79;T103x:0.79;T122:0.71,1,,,spot 1.0
2026-10-10T12:25:17,20261010-122514-1947b7,identify,sift,IMG_2905.HEIC,"[406, 237, 783, 642]",T103x,1.1,T103x:1.1;Bubbles:1.0;T117:0.9;Shingles:0.8;T122:0.8,1,,,
2026-10-10T12:25:17,20261010-122514-1947b7,identify,combined,IMG_2905.HEIC,"[406, 237, 783, 642]",Bubbles,0.454,Bubbles:0.454;Flower_2:0.376;T104:0.356;Lotus:0.347;Strobe:0.332,0,,,
2026-10-10T12:25:17,20261010-122514-1947b7,identify,full,IMG_2905.HEIC,,Strobe,0.338,Strobe:0.338;Shingles:0.317;T122:0.289;Rooster:0.265;T104:0.265,0,,,
2026-10-10T12:25:17,20261010-122514-1947b7,identify,crop,IMG_2905.HEIC,"[406, 237, 783, 642]",T104,0.509,T104:0.509;Flower:0.497;Bubbles:0.449;T044:0.434;Shingles:0.419,0,,,
2026-10-10T12:25:17,20261010-122514-1947b7,identify,tight,IMG_2905.HEIC,"[406, 237, 783, 642]",Bubbles,0.525,Bubbles:0.525;Emoji:0.521;Glyph:0.48;D.E.P.:0.462;Flower_2:0.383,0,,,
2026-10-10T12:25:19,20261010-122517-a47ff0,identify,best,IMG_2906.HEIC,,D.E.P.,1.37,D.E.P.:1.37;Jigsaw:1.36;T117:1.11;Shingles:1.1;Flower:0.99,1,,,spot 1.3
2026-10-10T12:25:19,20261010-122517-a47ff0,identify,sift,IMG_2906.HEIC,"[194, 91, 698, 794]",Jigsaw,2.6,Jigsaw:2.6;D.E.P.:1.3;Flower:1.3;T039_70:1.3;T117:1.3,1,,,
2026-10-10T12:25:19,20261010-122517-a47ff0,identify,combined,IMG_2906.HEIC,"[194, 91, 698, 794]",Bubbles,0.659,Bubbles:0.659;D.E.P.:0.541;Shingles:0.42;T117:0.28;T066:0.279,0,,,
2026-10-10T12:25:19,20261010-122517-a47ff0,identify,full,IMG_2906.HEIC,,Bubbles,0.684,Bubbles:0.684;T104:0.586;Rooster:0.465;T066:0.446;Shingles:0.445,0,,,
2026-10-10T12:25:19,20261010-122517-a47ff0,identify,crop,IMG_2906.HEIC,"[194, 91, 698, 794]",Bubbles,0.681,Bubbles:0.681;D.E.P.:0.521;Shingles:0.511;T104:0.439;T066:0.438,0,,,
2026-10-10T12:25:19,20261010-122517-a47ff0,identify,tight,IMG_2906.HEIC,"[194, 91, 698, 794]",Bubbles,0.721,Bubbles:0.721;T047x:0.64;Emoji:0.625;Shingles:0.606;D.E.P.:0.581,0,,,
2026-10-10T12:25:20,20261010-122519-305d46,identify,best,IMG_2907.HEIC,,Sunflower,1.25,Sunflower:1.25;Shingles:1.13;Emoji:0.96;Bubbles:0.88;D.E.P.:0.88,1,,,spot 1.9
2026-10-10T12:25:20,20261010-122519-305d46,identify,sift,IMG_2907.HEIC,"[198, 166, 747, 912]",Sunflower,1.9,Sunflower:1.9;Jigsaw:1.4;Emoji:1.1;Aztec:1.1;T039_70:1.1,1,,,
2026-10-10T12:25:20,20261010-122519-305d46,identify,combined,IMG_2907.HEIC,"[198, 166, 747, 912]",Bubbles,0.641,Bubbles:0.641;D.E.P.:0.445;Shingles:0.399;T066:0.286;Flower:0.284,0,,,
2026-10-10T12:25:20,20261010-122519-305d46,identify,full,IMG_2907.HEIC,,Bubbles,0.726,Bubbles:0.726;T104:0.581;T066:0.532;T045:0.527;Shingles:0.507,0,,,
2026-10-10T12:25:20,20261010-122519-305d46,identify,crop,IMG_2907.HEIC,"[198, 166, 747, 912]",Bubbles,0.693,Bubbles:0.693;D.E.P.:0.565;Shingles:0.477;Flower:0.435;T066:0.42,0,,,
2026-10-10T12:25:20,20261010-122519-305d46,identify,tight,IMG_2907.HEIC,"[198, 166, 747, 912]",Bubbles,0.658,Bubbles:0.658;T117:0.582;Shingles:0.552;Emoji:0.544;D.E.P.:0.534,0,,,
2026-10-10T12:25:27,20261010-122525-28bb26,identify,best,IMG_2909.HEIC,,Shingles,1.33,Shingles:1.33;T039_70:1.2;Jigsaw:1.09;Cruella:1.07;D.E.P.:1.05,1,,,spot 1.5
2026-10-10T12:25:27,20261010-122525-28bb26,identify,sift,IMG_2909.HEIC,"[287, 211, 701, 781]",Jigsaw,1.9,Jigsaw:1.9;T039_70:1.9;Aztec:1.5;Shingles:1.5;T117:1.1,1,,,
2026-10-10T12:25:27,20261010-122525-28bb26,identify,combined,IMG_2909.HEIC,"[287, 211, 701, 781]",D.E.P.,0.498,D.E.P.:0.498;Bubbles:0.474;Shingles:0.414;Emoji:0.409;Cruella:0.32,0,,,
2026-10-10T12:25:27,20261010-122525-28bb26,identify,full,IMG_2909.HEIC,,Bubbles,0.615,Bubbles:0.615;T104:0.58;Shingles:0.551;T066:0.454;T045:0.428,0,,,
2026-10-10T12:25:27,20261010-122525-28bb26,identify,crop,IMG_2909.HEIC,"[287, 211, 701, 781]",Bubbles,0.711,Bubbles:0.711;Shingles:0.598;T104:0.573;D.E.P.:0.502;T066:0.484,0,,,
2026-10-10T12:25:27,20261010-122525-28bb26,identify,tight,IMG_2909.HEIC,"[287, 211, 701, 781]",D.E.P.,0.615,D.E.P.:0.615;Emoji:0.587;Bubbles:0.543;Shingles:0.518;Rooster_II:0.51,0,,,
2026-10-10T12:25:29,20261010-122527-5a6fb7,identify,best,IMG_2910.HEIC,,Shingles,1.14,Shingles:1.14;Bubbles:0.91;Cruella:0.84;Lotus:0.83;D.E.P.:0.8,1,,,spot 0.9
2026-10-10T12:25:29,20261010-122527-5a6fb7,identify,sift,IMG_2910.HEIC,"[266, 235, 644, 822]",T026,0.9,T026:0.9;Strobe:0.9;Shingles:0.9;Stilts:0.6;Compass:0.6,1,,,
2026-10-10T12:25:29,20261010-122527-5a6fb7,identify,combined,IMG_2910.HEIC,"[266, 235, 644, 822]",Shingles,0.485,Shingles:0.485;Bubbles:0.431;Cruella:0.352;Lotus:0.344;T104:0.343,0,,,
2026-10-10T12:25:29,20261010-122527-5a6fb7,identify,full,IMG_2910.HEIC,,Shingles,0.639,Shingles:0.639;T104:0.547;Bubbles:0.482;Esther:0.429;Lotus:0.421,0,,,
2026-10-10T12:25:29,20261010-122527-5a6fb7,identify,crop,IMG_2910.HEIC,"[266, 235, 644, 822]",T104,0.633,T104:0.633;Shingles:0.609;Esther:0.515;Bubbles:0.5;Rooster_II:0.481,0,,,
2026-10-10T12:25:29,20261010-122527-5a6fb7,identify,tight,IMG_2910.HEIC,"[266, 235, 644, 822]",Shingles,0.718,Shingles:0.718;Rooster_II:0.558;Cruella:0.543;D.E.P.:0.539;Esther:0.534,0,,,
2026-10-10T12:25:31,20261010-122529-fdf188,identify,best,IMG_2911.HEIC,,Cruella,0.88,Cruella:0.88;Flower:0.72;Jigsaw:0.7;T066:0.67;T117:0.59,1,,,spot 0.4
2026-10-10T12:25:31,20261010-122529-fdf188,identify,sift,IMG_2911.HEIC,"[561, 412, 680, 656]",Spikey,0.6,Spikey:0.6;T066:0.6;Flower:0.6;T117:0.4;T104:0.4,1,,,
2026-10-10T12:25:31,20261010-122529-fdf188,identify,combined,IMG_2911.HEIC,"[561, 412, 680, 656]",Cruella,0.556,Cruella:0.556;Jigsaw:0.384;Jazzy:0.38;Flower:0.252;D.E.P.:0.248,0,,,
2026-10-10T12:25:31,20261010-122529-fdf188,identify,full,IMG_2911.HEIC,,T045,0.551,T045:0.551;Shingles:0.524;Chopsticks:0.511;Flower:0.485;Esther:0.452,0,,,
2026-10-10T12:25:31,20261010-122529-fdf188,identify,crop,IMG_2911.HEIC,"[561, 412, 680, 656]",Cruella,0.652,Cruella:0.652;Jigsaw:0.547;Jazzy:0.521;Compass:0.404;Esther:0.348,0,,,
2026-10-10T12:25:31,20261010-122529-fdf188,identify,tight,IMG_2911.HEIC,"[561, 412, 680, 656]",Jazzy,0.512,Jazzy:0.512;Cruella:0.486;Rooster_II:0.48;Jigsaw:0.468;Compass:0.468,0,,,
2026-10-10T12:25:35,20261010-122531-08939d,identify,best,IMG_2912.HEIC,,Faded_Flower,2.86,Faded_Flower:2.86;Shingles:0.97;Cruella:0.77;T117:0.77;Sunflower:0.72,0,,,spot 10.9
2026-10-10T12:25:35,20261010-122531-08939d,identify,sift,IMG_2912.HEIC,"[200, 196, 775, 781]",Faded_Flower,10.9,Faded_Flower:10.9;Shingles:1.2;T066:0.6;Cruella:0.6;Rooster_II:0.5,0,,,
2026-10-10T12:25:35,20261010-122531-08939d,identify,combined,IMG_2912.HEIC,"[200, 196, 775, 781]",T117,0.44,T117:0.44;Jigsaw:0.381;Faded_Flower:0.38;Sunflower:0.357;Flower:0.332,0,,,
2026-10-10T12:25:35,20261010-122531-08939d,identify,full,IMG_2912.HEIC,,Flower,0.573,Flower:0.573;Cruella:0.483;Shingles:0.479;T117:0.471;T045:0.442,0,,,
2026-10-10T12:25:35,20261010-122531-08939d,identify,crop,IMG_2912.HEIC,"[200, 196, 775, 781]",Fist,0.595,Fist:0.595;T044:0.593;Faded_Flower:0.574;Flower:0.551;T045:0.544,0,,,
2026-10-10T12:25:35,20261010-122531-08939d,identify,tight,IMG_2912.HEIC,"[200, 196, 775, 781]",Sunflower,0.521,Sunflower:0.521;Compass:0.516;T039_70:0.504;T117:0.456;Chopsticks:0.428,0,,,
2026-10-10T12:25:38,20261010-122535-9366fd,identify,best,IMG_2913.HEIC,,Faded_Flower,2.86,Faded_Flower:2.86;Flower:0.75;Cruella:0.75;Esther:0.72;Sunflower:0.62,0,,,spot 10.2
2026-10-10T12:25:38,20261010-122535-9366fd,identify,sift,IMG_2913.HEIC,"[198, 194, 764, 843]",Faded_Flower,10.2,Faded_Flower:10.2;Compass:0.5;D.E.P.:0.5;Flower:0.5;Esther:0.4,0,,,
2026-10-10T12:25:38,20261010-122535-9366fd,identify,combined,IMG_2913.HEIC,"[198, 194, 764, 843]",Faded_Flower,0.441,Faded_Flower:0.441;Cruella:0.416;T045:0.41;Esther:0.368;Flower:0.329,0,,,
2026-10-10T12:25:38,20261010-122535-9366fd,identify,full,IMG_2913.HEIC,,T045,0.635,T045:0.635;Rooster_II:0.585;Esther:0.567;Flower:0.56;Chopsticks:0.538,0,,,
2026-10-10T12:25:38,20261010-122535-9366fd,identify,crop,IMG_2913.HEIC,"[198, 194, 764, 843]",Cruella,0.665,Cruella:0.665;Esther:0.66;Flower:0.607;Chopsticks:0.606;T045:0.593,0,,,
2026-10-10T12:25:38,20261010-122535-9366fd,identify,tight,IMG_2913.HEIC,"[198, 194, 764, 843]",Cruella,0.532,Cruella:0.532;Compass:0.481;T045:0.47;Faded_Flower:0.451;Rooster_II:0.419,0,,,
2026-10-10T12:25:40,20261010-122538-318e9b,identify,best,IMG_2914.HEIC,,Faded_Flower,2.7,Faded_Flower:2.7;Cruella:0.94;Shingles:0.91;Jigsaw:0.9;Compass:0.9,0,,,spot 9.0
2026-10-10T12:25:40,20261010-122538-318e9b,identify,sift,IMG_2914.HEIC,"[230, 252, 735, 858]",Faded_Flower,9.0,Faded_Flower:9.0;T066:1.5;Compass:1.0;Cruella:0.8;Esther:0.8,0,,,
2026-10-10T12:25:40,20261010-122538-318e9b,identify,combined,IMG_2914.HEIC,"[230, 252, 735, 858]",Shingles,0.419,Shingles:0.419;Jigsaw:0.408;Faded_Flower:0.403;Cruella:0.353;Flower:0.312,0,,,
2026-10-10T12:25:40,20261010-122538-318e9b,identify,full,IMG_2914.HEIC,,Compass,0.582,Compass:0.582;Flower:0.558;Cruella:0.545;T045:0.493;Esther:0.488,0,,,
2026-10-10T12:25:40,20261010-122538-318e9b,identify,crop,IMG_2914.HEIC,"[230, 252, 735, 858]",Faded_Flower,0.596,Faded_Flower:0.596;Flower:0.575;Esther:0.552;T044:0.54;Cruella:0.523,0,,,
2026-10-10T12:25:40,20261010-122538-318e9b,identify,tight,IMG_2914.HEIC,"[230, 252, 735, 858]",Cruella,0.53,Cruella:0.53;Chopsticks:0.416;Faded_Flower:0.4;Flower:0.379;T026:0.37,0,,,
2026-10-10T12:25:43,20261010-122540-61a300,identify,best,IMG_2916.HEIC,,Faded_Flower,2.02,Faded_Flower:2.02;Sunflower:0.87;Cruella:0.73;Flower:0.67;T117:0.64,0,,,spot 4.1
2026-10-10T12:25:43,20261010-122540-61a300,identify,sift,IMG_2916.HEIC,"[168, 169, 762, 853]",Faded_Flower,4.1,Faded_Flower:4.1;T066:0.7;Sunflower:0.6;Stilts:0.6;Flower:0.5,0,,,
2026-10-10T12:25:43,20261010-122540-61a300,identify,combined,IMG_2916.HEIC,"[168, 169, 762, 853]",Cruella,0.408,Cruella:0.408;Strobe_II:0.396;Faded_Flower:0.395;Sunflower:0.379;Esther:0.349,0,,,
2026-10-10T12:25:43,20261010-122540-61a300,identify,full,IMG_2916.HEIC,,Cruella,0.668,Cruella:0.668;Compass:0.596;T044:0.564;Esther:0.561;Fist:0.552,0,,,
2026-10-10T12:25:43,20261010-122540-61a300,identify,crop,IMG_2916.HEIC,"[168, 169, 762, 853]",Flower,0.578,Flower:0.578;T117:0.56;Strobe_II:0.504;Faded_Flower:0.49;Esther:0.486,0,,,
2026-10-10T12:25:43,20261010-122540-61a300,identify,tight,IMG_2916.HEIC,"[168, 169, 762, 853]",Sunflower,0.603,Sunflower:0.603;Strobe_II:0.568;Compass:0.487;Cruella:0.486;D.E.P.:0.478,0,,,
2026-10-10T12:25:45,20261010-122543-349dd6,identify,best,IMG_2917.HEIC,,Faded_Flower,1.96,Faded_Flower:1.96;Sunflower:0.63;Cruella:0.62;Compass:0.6;Flower:0.58,1,,,spot 3.3
2026-10-10T12:25:45,20261010-122543-349dd6,identify,sift,IMG_2917.HEIC,"[178, 160, 775, 843]",Faded_Flower,3.3,Faded_Flower:3.3;Compass:0.5;T104:0.4;T103x:0.4;Flower_2:0.4,1,,,
2026-10-10T12:25:45,20261010-122543-349dd6,identify,combined,IMG_2917.HEIC,"[178, 160, 775, 843]",Faded_Flower,0.509,Faded_Flower:0.509;Strobe_II:0.396;Fist:0.334;Flower:0.325;Sunflower:0.314,0,,,
2026-10-10T12:25:45,20261010-122543-349dd6,identify,full,IMG_2917.HEIC,,Cruella,0.675,Cruella:0.675;Compass:0.641;Esther:0.613;T022_23:0.555;Fist:0.554,0,,,
2026-10-10T12:25:45,20261010-122543-349dd6,identify,crop,IMG_2917.HEIC,"[178, 160, 775, 843]",Faded_Flower,0.58,Faded_Flower:0.58;Flower:0.574;Esther:0.51;T117:0.505;Cruella:0.484,0,,,
2026-10-10T12:25:45,20261010-122543-349dd6,identify,tight,IMG_2917.HEIC,"[178, 160, 775, 843]",Strobe_II,0.599,Strobe_II:0.599;Sunflower:0.489;Compass:0.47;Flower:0.449;Cruella:0.427,0,,,
2026-10-10T12:25:49,20261010-122545-5ec34e,identify,best,IMG_2918.HEIC,,Faded_Flower,2.22,Faded_Flower:2.22;Flower:1.01;Shingles:0.93;T066:0.91;T117:0.88,0,,,spot 4.7
2026-10-10T12:25:49,20261010-122545-5ec34e,identify,sift,IMG_2918.HEIC,"[336, 126, 966, 755]",Faded_Flower,4.7,Faded_Flower:4.7;T066:1.0;Shingles:1.0;T117:0.9;Wishbone:0.8,0,,,
2026-10-10T12:25:49,20261010-122545-5ec34e,identify,combined,IMG_2918.HEIC,"[336, 126, 966, 755]",Flower,0.522,Flower:0.522;Faded_Flower:0.475;Sunflower:0.475;T044:0.377;Compass:0.362,0,,,
2026-10-10T12:25:49,20261010-122545-5ec34e,identify,full,IMG_2918.HEIC,,Flower,0.594,Flower:0.594;T117:0.508;Esther:0.473;Cruella:0.448;Compass:0.444,0,,,
2026-10-10T12:25:49,20261010-122545-5ec34e,identify,crop,IMG_2918.HEIC,"[336, 126, 966, 755]",Flower,0.632,Flower:0.632;T117:0.57;Strobe_II:0.528;T044:0.495;Faded_Flower:0.47,0,,,
2026-10-10T12:25:49,20261010-122545-5ec34e,identify,tight,IMG_2918.HEIC,"[336, 126, 966, 755]",Flower,0.572,Flower:0.572;Jigsaw:0.512;Sunflower:0.495;Strobe:0.489;Compass:0.484,0,,,
2026-10-10T12:25:51,20261010-122549-f70557,identify,best,IMG_2919.HEIC,,Faded_Flower,1.52,Faded_Flower:1.52;Jigsaw:0.73;T117:0.69;Compass:0.68;Esther:0.66,1,,,spot 2.6
2026-10-10T12:25:51,20261010-122549-f70557,identify,sift,IMG_2919.HEIC,"[261, 269, 746, 856]",Faded_Flower,2.6,Faded_Flower:2.6;Jigsaw:0.6;T039_70:0.5;Compass:0.5;Sunflower:0.5,1,,,
2026-10-10T12:25:51,20261010-122549-f70557,identify,combined,IMG_2919.HEIC,"[261, 269, 746, 856]",Esther,0.434,Esther:0.434;T117:0.427;T044:0.311;Flower:0.294;Strobe_II:0.286,0,,,
2026-10-10T12:25:51,20261010-122549-f70557,identify,full,IMG_2919.HEIC,,Esther,0.68,Esther:0.68;Compass:0.657;Cruella:0.622;Chopsticks:0.604;T045:0.575,0,,,
2026-10-10T12:25:51,20261010-122549-f70557,identify,crop,IMG_2919.HEIC,"[261, 269, 746, 856]",Esther,0.639,Esther:0.639;Fist:0.623;Compass:0.594;Flower:0.581;T044:0.574,0,,,
2026-10-10T12:25:51,20261010-122549-f70557,identify,tight,IMG_2919.HEIC,"[261, 269, 746, 856]",Cruella,0.492,Cruella:0.492;Chopsticks:0.471;Strobe_II:0.459;D.E.P.:0.438;Compass:0.419,0,,,
2026-10-10T12:25:55,20261010-122551-13512e,identify,best,IMG_2920.HEIC,,Chopsticks,1.06,Chopsticks:1.06;Compass:1.05;Shingles:1.01;T066:0.94;Bubbles:0.93,1,,,spot 1.3
2026-10-10T12:25:55,20261010-122551-13512e,identify,sift,IMG_2920.HEIC,"[351, 529, 486, 695]",Bubbles,1.3,Bubbles:1.3;Chopsticks:1.3;Compass:1.1;Shingles:0.9;T066:0.9,1,,,
2026-10-10T12:25:55,20261010-122551-13512e,identify,combined,IMG_2920.HEIC,"[351, 529, 486, 695]",Rooster_II,0.364,Rooster_II:0.364;T117:0.351;Cruella:0.347;T039_70:0.343;Shingles:0.34,1,,,
2026-10-10T12:25:55,20261010-122551-13512e,identify,full,IMG_2920.HEIC,,Cruella,0.592,Cruella:0.592;T117:0.582;Shingles:0.549;Flower_2:0.495;T104:0.422,0,,,
2026-10-10T12:25:55,20261010-122551-13512e,identify,crop,IMG_2920.HEIC,"[351, 529, 486, 695]",Cruella,0.546,Cruella:0.546;Shingles:0.516;Jigsaw:0.445;Compass:0.423;Jazzy:0.393,0,,,
2026-10-10T12:25:55,20261010-122551-13512e,identify,tight,IMG_2920.HEIC,"[351, 529, 486, 695]",Rooster_II,0.467,Rooster_II:0.467;Cruella:0.434;Compass:0.358;Aztec:0.356;Jigsaw:0.34,0,,,
2026-10-10T12:26:02,20261010-122555-d0ba08,identify,best,IMG_2921.HEIC,,D.E.P.,1.11,D.E.P.:1.11;Rooster_II:1.03;Chopsticks:0.99;Esther:0.97;Shingles:0.92,1,,,spot 1.4
2026-10-10T12:26:02,20261010-122555-d0ba08,identify,sift,IMG_2921.HEIC,"[286, 381, 621, 650]",D.E.P.,1.4,D.E.P.:1.4;Chopsticks:1.1;Esther:1.0;Bubbles:1.0;Flower:1.0,1,,,
2026-10-10T12:26:02,20261010-122555-d0ba08,identify,combined,IMG_2921.HEIC,"[286, 381, 621, 650]",Cruella,0.405,Cruella:0.405;T039_70:0.385;Rooster_II:0.385;T122:0.381;Shingles:0.371,0,,,
2026-10-10T12:26:02,20261010-122555-d0ba08,identify,full,IMG_2921.HEIC,,Cruella,0.53,Cruella:0.53;Flower_2:0.496;T117:0.46;Shingles:0.446;T104:0.415,0,,,
2026-10-10T12:26:02,20261010-122555-d0ba08,identify,crop,IMG_2921.HEIC,"[286, 381, 621, 650]",Shingles,0.435,Shingles:0.435;Cruella:0.416;Rooster_II:0.384;T066:0.362;Chopsticks:0.359,0,,,
2026-10-10T12:26:02,20261010-122555-d0ba08,identify,tight,IMG_2921.HEIC,"[286, 381, 621, 650]",Compass,0.494,Compass:0.494;T122:0.444;Rooster_II:0.414;Aztec:0.392;Rooster:0.351,0,,,
2026-10-10T12:26:06,20261010-122602-4461ec,identify,best,IMG_2922.HEIC,,Sunflower,1.07,Sunflower:1.07;Shingles:1.03;T117:0.87;Flower:0.83;T122:0.8,1,,,spot 1.4
2026-10-10T12:26:06,20261010-122602-4461ec,identify,sift,IMG_2922.HEIC,"[421, 196, 958, 703]",Sunflower,1.4,Sunflower:1.4;Shingles:1.4;T117:1.0;Flower:0.9;Jigsaw:0.9,1,,,
2026-10-10T12:26:06,20261010-122602-4461ec,identify,combined,IMG_2922.HEIC,"[421, 196, 958, 703]",Rooster_II,0.46,Rooster_II:0.46;T122:0.446;Aztec:0.406;Cruella:0.324;T045:0.308,0,,,
2026-10-10T12:26:06,20261010-122602-4461ec,identify,full,IMG_2922.HEIC,,Cruella,0.372,Cruella:0.372;Rooster:0.335;Rooster_II:0.314;T066:0.312;T122:0.302,0,,,
2026-10-10T12:26:06,20261010-122602-4461ec,identify,crop,IMG_2922.HEIC,"[421, 196, 958, 703]",Rooster_II,0.494,Rooster_II:0.494;Cruella:0.458;Wishbone:0.408;Flower:0.408;Fist:0.395,0,,,
2026-10-10T12:26:06,20261010-122602-4461ec,identify,tight,IMG_2922.HEIC,"[421, 196, 958, 703]",T122,0.664,T122:0.664;Rooster_II:0.658;Cruella:0.647;Compass:0.539;Flower_2:0.53,0,,,
2026-10-10T12:26:08,20261010-122606-df2ae9,identify,best,IMG_2923.HEIC,,T039_70,0.89,T039_70:0.89;Bubbles:0.67;Cruella:0.65;Rooster:0.62;Aztec:0.57,1,,,spot 0.7
2026-10-10T12:26:08,20261010-122606-df2ae9,identify,sift,IMG_2923.HEIC,"[168, 66, 786, 765]",T039_70,0.7,T039_70:0.7;Bubbles:0.5;Compass:0.4;T117:0.4;Shingles:0.3,1,,,
2026-10-10T12:26:08,20261010-122606-df2ae9,identify,combined,IMG_2923.HEIC,"[168, 66, 786, 765]",Rooster,0.49,Rooster:0.49;Aztec:0.448;Cruella:0.41;T039_70:0.358;Rooster_II:0.31,0,,,
2026-10-10T12:26:08,20261010-122606-df2ae9,identify,full,IMG_2923.HEIC,,Esther,0.359,Esther:0.359;Rooster:0.342;Cruella:0.34;Fist:0.331;T117:0.306,0,,,
2026-10-10T12:26:08,20261010-122606-df2ae9,identify,crop,IMG_2923.HEIC,"[168, 66, 786, 765]",Cruella,0.503,Cruella:0.503;Rooster:0.388;Fist:0.361;Rooster_II:0.351;Wishbone:0.347,0,,,
2026-10-10T12:26:08,20261010-122606-df2ae9,identify,tight,IMG_2923.HEIC,"[168, 66, 786, 765]",Cruella,0.589,Cruella:0.589;Rooster:0.519;T022_23:0.468;Aztec:0.447;Compass:0.43,0,,,
2026-10-10T12:26:11,20261010-122608-d0909a,identify,best,IMG_2924.HEIC,,Cruella,0.8,Cruella:0.8;Rooster_II:0.73;T117:0.67;Aztec:0.65;Shingles:0.65,1,,,spot 0.3
2026-10-10T12:26:11,20261010-122608-d0909a,identify,sift,IMG_2924.HEIC,"[148, 120, 866, 869]",T117,0.7,T117:0.7;Aztec:0.5;Shingles:0.5;Rooster_II:0.5;D.E.P.:0.4,1,,,
2026-10-10T12:26:11,20261010-122608-d0909a,identify,combined,IMG_2924.HEIC,"[148, 120, 866, 869]",Cruella,0.554,Cruella:0.554;Compass:0.384;Rooster_II:0.359;T122:0.328;T066:0.289,0,,,
2026-10-10T12:26:11,20261010-122608-d0909a,identify,full,IMG_2924.HEIC,,T066,0.41,T066:0.41;Bubbles:0.386;Wishbone:0.376;Cruella:0.375;Rooster_II:0.368,0,,,
2026-10-10T12:26:11,20261010-122608-d0909a,identify,crop,IMG_2924.HEIC,"[148, 120, 866, 869]",Cruella,0.496,Cruella:0.496;T066:0.404;Compass:0.343;Faded_Flower:0.327;Shingles:0.324,0,,,
2026-10-10T12:26:11,20261010-122608-d0909a,identify,tight,IMG_2924.HEIC,"[148, 120, 866, 869]",Emoji,0.543,Emoji:0.543;T122:0.512;Rooster_II:0.494;Flower_2:0.486;T066:0.478,0,,,
2026-10-10T12:26:15,20261010-122611-2492e1,identify,best,IMG_2925.HEIC,,Cruella,0.95,Cruella:0.95;Flower:0.78;Shingles:0.73;Compass:0.7;Bubbles:0.7,1,,,spot 0.5
2026-10-10T12:26:15,20261010-122611-2492e1,identify,sift,IMG_2925.HEIC,"[188, 191, 786, 856]",Faded_Flower,0.9,Faded_Flower:0.9;Flower:0.8;Shingles:0.7;Esther:0.7;Chopsticks:0.6,1,,,
2026-10-10T12:26:15,20261010-122611-2492e1,identify,combined,IMG_2925.HEIC,"[188, 191, 786, 856]",Cruella,0.536,Cruella:0.536;Rooster_II:0.413;Bubbles:0.335;Compass:0.324;T039_70:0.321,0,,,
2026-10-10T12:26:15,20261010-122611-2492e1,identify,full,IMG_2925.HEIC,,Cruella,0.495,Cruella:0.495;Esther:0.462;Bubbles:0.383;Fist:0.347;T066:0.334,0,,,
2026-10-10T12:26:15,20261010-122611-2492e1,identify,crop,IMG_2925.HEIC,"[188, 191, 786, 856]",Cruella,0.64,Cruella:0.64;Rooster_II:0.465;Wishbone:0.384;Fist:0.384;Rooster:0.357,0,,,
2026-10-10T12:26:15,20261010-122611-2492e1,identify,tight,IMG_2925.HEIC,"[188, 191, 786, 856]",Compass,0.489,Compass:0.489;Cruella:0.462;Rooster:0.461;Rooster_II:0.412;D.E.P.:0.389,0,,,
2026-10-10T12:26:18,20261010-122615-d7fa73,identify,best,IMG_2926.HEIC,,Cruella,2.2,Cruella:2.2;T039_70:0.67;Flower:0.62;Wishbone:0.6;Sunflower:0.56,0,,,spot 4.5
2026-10-10T12:26:18,20261010-122615-d7fa73,identify,sift,IMG_2926.HEIC,"[366, 244, 804, 678]",Cruella,4.5,Cruella:4.5;Rooster_II:0.5;Wishbone:0.4;Flower:0.4;Chopsticks:0.4,0,,,
2026-10-10T12:26:18,20261010-122615-d7fa73,identify,combined,IMG_2926.HEIC,"[366, 244, 804, 678]",Cruella,0.502,Cruella:0.502;T039_70:0.37;Flower_2:0.359;Sunflower:0.303;T045:0.294,0,,,
2026-10-10T12:26:18,20261010-122615-d7fa73,identify,full,IMG_2926.HEIC,,Cruella,0.638,Cruella:0.638;Flower_2:0.598;Flower:0.516;Shingles:0.432;Sunflower:0.405,0,,,
2026-10-10T12:26:18,20261010-122615-d7fa73,identify,crop,IMG_2926.HEIC,"[366, 244, 804, 678]",Cruella,0.735,Cruella:0.735;Flower_2:0.606;Shingles:0.454;Flower:0.428;Compass:0.377,0,,,
2026-10-10T12:26:18,20261010-122615-d7fa73,identify,tight,IMG_2926.HEIC,"[366, 244, 804, 678]",T039_70,0.524,T039_70:0.524;Cruella:0.507;T122:0.455;T117:0.435;Strobe:0.416,0,,,
2026-10-10T12:26:22,20261010-122618-64aac9,identify,best,IMG_2927.HEIC,,Cruella,1.88,Cruella:1.88;Flower:0.73;Compass:0.72;Shingles:0.68;Fist:0.65,1,,,spot 3.2
2026-10-10T12:26:22,20261010-122618-64aac9,identify,sift,IMG_2927.HEIC,"[267, 219, 765, 727]",Cruella,3.2,Cruella:3.2;Fist:0.8;Shingles:0.7;T103x:0.7;Jigsaw:0.5,1,,,
2026-10-10T12:26:22,20261010-122618-64aac9,identify,combined,IMG_2927.HEIC,"[267, 219, 765, 727]",Cruella,0.46,Cruella:0.46;Flower_2:0.449;Compass:0.38;Sunflower:0.338;Rooster:0.333,0,,,
2026-10-10T12:26:22,20261010-122618-64aac9,identify,full,IMG_2927.HEIC,,Flower,0.649,Flower:0.649;Cruella:0.649;Flower_2:0.648;Sunflower:0.58;Compass:0.519,0,,,
2026-10-10T12:26:22,20261010-122618-64aac9,identify,crop,IMG_2927.HEIC,"[267, 219, 765, 727]",Flower,0.611,Flower:0.611;Cruella:0.594;Compass:0.58;Flower_2:0.577;Sunflower:0.517,0,,,
2026-10-10T12:26:22,20261010-122618-64aac9,identify,tight,IMG_2927.HEIC,"[267, 219, 765, 727]",Sunflower,0.677,Sunflower:0.677;Cruella:0.553;Strobe:0.526;Compass:0.518;Strobe_II:0.51,0,,,
2026-10-10T12:26:29,20261010-122622-126d39,identify,best,IMG_2928.HEIC,,Cruella,2.38,Cruella:2.38;Compass:1.3;Flower:1.19;Esther:0.98;Faded_Flower:0.91,0,,,spot 5.5
2026-10-10T12:26:29,20261010-122622-126d39,identify,sift,IMG_2928.HEIC,"[287, 212, 882, 786]",Cruella,5.5,Cruella:5.5;Compass:1.5;Flower:1.4;Faded_Flower:1.3;Shingles:1.2,0,,,
2026-10-10T12:26:29,20261010-122622-126d39,identify,combined,IMG_2928.HEIC,"[287, 212, 882, 786]",Cruella,0.5,Cruella:0.5;Sunflower:0.391;Compass:0.373;Flower:0.326;Strobe:0.322,0,,,
2026-10-10T12:26:29,20261010-122622-126d39,identify,full,IMG_2928.HEIC,,Cruella,0.403,Cruella:0.403;Flower:0.344;Compass:0.344;Strobe_II:0.333;Sunflower:0.332,0,,,
2026-10-10T12:26:29,20261010-122622-126d39,identify,crop,IMG_2928.HEIC,"[287, 212, 882, 786]",Compass,0.535,Compass:0.535;Cruella:0.512;Strobe:0.447;Flower:0.442;Flower_2:0.417,0,,,
2026-10-10T12:26:29,20261010-122622-126d39,identify,tight,IMG_2928.HEIC,"[287, 212, 882, 786]",Sunflower,0.634,Sunflower:0.634;Strobe_II:0.631;T117:0.586;Compass:0.57;Strobe:0.473,0,,,
2026-10-10T12:26:31,20261010-122629-84d06a,identify,best,IMG_2929.HEIC,,Cruella,1.71,Cruella:1.71;Jigsaw:1.18;Compass:0.98;Sunflower:0.8;Chopsticks:0.71,1,,,spot 3.0
2026-10-10T12:26:31,20261010-122629-84d06a,identify,sift,IMG_2929.HEIC,"[217, 160, 712, 792]",Cruella,3.0,Cruella:3.0;Jigsaw:1.4;Glyph:0.8;Sunflower:0.8;Flower:0.6,1,,,
2026-10-10T12:26:31,20261010-122629-84d06a,identify,combined,IMG_2929.HEIC,"[217, 160, 712, 792]",Compass,0.493,Compass:0.493;Cruella:0.337;Chopsticks:0.322;T117:0.317;Jigsaw:0.306,0,,,
2026-10-10T12:26:31,20261010-122629-84d06a,identify,full,IMG_2929.HEIC,,Cruella,0.595,Cruella:0.595;T066:0.591;Compass:0.543;Rooster_II:0.542;T045:0.541,0,,,
2026-10-10T12:26:31,20261010-122629-84d06a,identify,crop,IMG_2929.HEIC,"[217, 160, 712, 792]",Compass,0.541,Compass:0.541;Chopsticks:0.512;Cruella:0.508;Wishbone:0.486;Rooster_II:0.462,0,,,
2026-10-10T12:26:31,20261010-122629-84d06a,identify,tight,IMG_2929.HEIC,"[217, 160, 712, 792]",Cruella,0.55,Cruella:0.55;Compass:0.506;Strobe:0.379;Spikey:0.378;T117:0.376,0,,,
2026-10-10T12:26:34,20261010-122631-8aa0f9,identify,best,IMG_2930.HEIC,,Cruella,1.76,Cruella:1.76;Rooster:0.85;T117:0.84;Bubbles:0.7;Esther:0.69,1,,,spot 2.7
2026-10-10T12:26:34,20261010-122631-8aa0f9,identify,sift,IMG_2930.HEIC,"[208, 187, 761, 935]",Cruella,2.7,Cruella:2.7;T117:0.7;Shingles:0.6;Chopsticks:0.5;Jigsaw:0.5,1,,,
2026-10-10T12:26:34,20261010-122631-8aa0f9,identify,combined,IMG_2930.HEIC,"[208, 187, 761, 935]",Cruella,0.45,Cruella:0.45;Rooster:0.436;Esther:0.393;Rooster_II:0.362;Bubbles:0.334,0,,,
2026-10-10T12:26:34,20261010-122631-8aa0f9,identify,full,IMG_2930.HEIC,,T045,0.617,T045:0.617;Rooster_II:0.599;Cruella:0.594;T022_23:0.558;T066:0.547,0,,,
2026-10-10T12:26:34,20261010-122631-8aa0f9,identify,crop,IMG_2930.HEIC,"[208, 187, 761, 935]",Cruella,0.619,Cruella:0.619;Esther:0.596;Compass:0.579;T045:0.567;Rooster_II:0.562,0,,,
2026-10-10T12:26:34,20261010-122631-8aa0f9,identify,tight,IMG_2930.HEIC,"[208, 187, 761, 935]",Rooster,0.658,Rooster:0.658;Rooster_II:0.622;Cruella:0.566;Chopsticks:0.538;Compass:0.53,0,,,
2026-10-10T12:26:36,20261010-122634-52ba5e,identify,best,IMG_2931.HEIC,,Cruella,0.89,Cruella:0.89;Chopsticks:0.76;T117:0.75;Compass:0.75;Faded_Flower:0.67,1,,,spot 0.5
2026-10-10T12:26:36,20261010-122634-52ba5e,identify,sift,IMG_2931.HEIC,"[278, 150, 780, 831]",Chopsticks,0.7,Chopsticks:0.7;Cruella:0.5;T066:0.5;T117:0.5;Fist:0.5,1,,,
2026-10-10T12:26:36,20261010-122634-52ba5e,identify,combined,IMG_2931.HEIC,"[278, 150, 780, 831]",Cruella,0.457,Cruella:0.457;Compass:0.408;Strobe_II:0.357;T117:0.348;Faded_Flower:0.332,0,,,
2026-10-10T12:26:36,20261010-122634-52ba5e,identify,full,IMG_2931.HEIC,,Cruella,0.685,Cruella:0.685;Chopsticks:0.642;Rooster_II:0.637;Compass:0.631;T022_23:0.629,0,,,
2026-10-10T12:26:36,20261010-122634-52ba5e,identify,crop,IMG_2931.HEIC,"[278, 150, 780, 831]",Cruella,0.708,Cruella:0.708;Flower:0.592;Rooster_II:0.558;Compass:0.558;Fist:0.538,0,,,
2026-10-10T12:26:36,20261010-122634-52ba5e,identify,tight,IMG_2931.HEIC,"[278, 150, 780, 831]",D.E.P.,0.563,D.E.P.:0.563;Compass:0.563;Spikey:0.447;Strobe_II:0.423;Rooster:0.383,0,,,
2026-10-10T12:26:40,20261010-122636-4becdf,identify,best,IMG_2932.HEIC,,Cruella,2.43,Cruella:2.43;Compass:1.17;Jigsaw:1.15;Spikey:1.0;T117:0.97,0,,,spot 5.8
2026-10-10T12:26:40,20261010-122636-4becdf,identify,sift,IMG_2932.HEIC,"[283, 142, 676, 777]",Cruella,5.8,Cruella:5.8;Jigsaw:1.9;Spikey:1.4;Flower_2:1.4;T117:1.2,0,,,
2026-10-10T12:26:40,20261010-122636-4becdf,identify,combined,IMG_2932.HEIC,"[283, 142, 676, 777]",Cruella,0.51,Cruella:0.51;Compass:0.461;Bubbles:0.299;Lotus:0.259;T022_23:0.244,0,,,
2026-10-10T12:26:40,20261010-122636-4becdf,identify,full,IMG_2932.HEIC,,Esther,0.566,Esther:0.566;Compass:0.552;Cruella:0.528;T022_23:0.519;Bubbles:0.512,0,,,
2026-10-10T12:26:40,20261010-122636-4becdf,identify,crop,IMG_2932.HEIC,"[283, 142, 676, 777]",Compass,0.635,Compass:0.635;Cruella:0.624;Fist:0.506;T117:0.493;Flower:0.485,0,,,
2026-10-10T12:26:40,20261010-122636-4becdf,identify,tight,IMG_2932.HEIC,"[283, 142, 676, 777]",Sunflower,0.494,Sunflower:0.494;Flower:0.482;Compass:0.425;Cruella:0.397;T117:0.395,0,,,
2026-10-10T12:26:43,20261010-122640-e691bb,identify,best,IMG_2933.HEIC,,Cruella,2.32,Cruella:2.32;Flower:1.02;Compass:0.92;Faded_Flower:0.81;Chopsticks:0.73,0,,,spot 5.3
2026-10-10T12:26:43,20261010-122640-e691bb,identify,sift,IMG_2933.HEIC,"[227, 162, 672, 827]",Cruella,5.3,Cruella:5.3;Flower:1.2;Faded_Flower:0.8;Sunflower:0.8;T066:0.7,0,,,
2026-10-10T12:26:43,20261010-122640-e691bb,identify,combined,IMG_2933.HEIC,"[227, 162, 672, 827]",Compass,0.539,Compass:0.539;Cruella:0.477;T022_23:0.328;Fist:0.307;D.E.P.:0.304,0,,,
2026-10-10T12:26:43,20261010-122640-e691bb,identify,full,IMG_2933.HEIC,,Esther,0.602,Esther:0.602;Compass:0.596;T022_23:0.59;Cruella:0.556;Bubbles:0.545,0,,,
2026-10-10T12:26:43,20261010-122640-e691bb,identify,crop,IMG_2933.HEIC,"[227, 162, 672, 827]",Compass,0.599,Compass:0.599;Cruella:0.59;T117:0.515;Fist:0.477;Flower:0.467,0,,,
2026-10-10T12:26:43,20261010-122640-e691bb,identify,tight,IMG_2933.HEIC,"[227, 162, 672, 827]",Strobe_II,0.495,Strobe_II:0.495;Compass:0.449;D.E.P.:0.437;Cruella:0.426;Flower:0.41,0,,,
2026-10-10T12:26:45,20261010-122643-8eb5a1,identify,best,IMG_2934.HEIC,,Compass,3.12,Compass:3.12;T039_70:0.85;Wishbone:0.74;T066:0.72;Faded_Flower:0.7,0,,,spot 11.8
2026-10-10T12:26:45,20261010-122643-8eb5a1,identify,sift,IMG_2934.HEIC,"[250, 187, 755, 809]",Compass,11.8,Compass:11.8;T039_70:0.9;Sunflower:0.7;Jigsaw:0.6;D.E.P.:0.6,0,,,
2026-10-10T12:26:45,20261010-122643-8eb5a1,identify,combined,IMG_2934.HEIC,"[250, 187, 755, 809]",Compass,0.573,Compass:0.573;T066:0.386;Chopsticks:0.357;Cruella:0.335;T022_23:0.298,0,,,
2026-10-10T12:26:45,20261010-122643-8eb5a1,identify,full,IMG_2934.HEIC,,Compass,0.643,Compass:0.643;Cruella:0.637;Rooster_II:0.617;T022_23:0.617;Rooster:0.583,0,,,
2026-10-10T12:26:45,20261010-122643-8eb5a1,identify,crop,IMG_2934.HEIC,"[250, 187, 755, 809]",Compass,0.628,Compass:0.628;Cruella:0.583;Fist:0.578;Flower:0.569;Rooster:0.533,0,,,
2026-10-10T12:26:45,20261010-122643-8eb5a1,identify,tight,IMG_2934.HEIC,"[250, 187, 755, 809]",Chopsticks,0.647,Chopsticks:0.647;Wishbone:0.57;Spikey:0.533;Compass:0.526;Rooster_II:0.521,0,,,
2026-10-10T12:26:48,20261010-122645-1686b5,identify,best,IMG_2935.HEIC,,Compass,2.87,Compass:2.87;Faded_Flower:0.96;Flower:0.87;Rooster_II:0.82;Chopsticks:0.72,0,,,spot 10.2
2026-10-10T12:26:48,20261010-122645-1686b5,identify,sift,IMG_2935.HEIC,"[152, 126, 915, 888]",Compass,10.2,Compass:10.2;Faded_Flower:0.6;D.E.P.:0.6;Rooster_II:0.6;Chopsticks:0.6,0,,,
2026-10-10T12:26:48,20261010-122645-1686b5,identify,combined,IMG_2935.HEIC,"[152, 126, 915, 888]",Flower,0.47,Flower:0.47;Faded_Flower:0.464;Compass:0.455;Fist:0.453;Strobe_II:0.394,0,,,
2026-10-10T12:26:48,20261010-122645-1686b5,identify,full,IMG_2935.HEIC,,Compass,0.738,Compass:0.738;Rooster_II:0.652;Fist:0.615;Flower:0.602;Cruella:0.601,0,,,
2026-10-10T12:26:48,20261010-122645-1686b5,identify,crop,IMG_2935.HEIC,"[152, 126, 915, 888]",Rooster_II,0.651,Rooster_II:0.651;Fist:0.646;Cruella:0.631;Flower:0.612;T045:0.6,0,,,
2026-10-10T12:26:48,20261010-122645-1686b5,identify,tight,IMG_2935.HEIC,"[152, 126, 915, 888]",Strobe_II,0.545,Strobe_II:0.545;Compass:0.475;Cruella:0.465;Flower:0.458;Rooster_II:0.445,0,,,
2026-10-10T12:26:50,20261010-122648-1ecc25,identify,best,IMG_2936.HEIC,,Compass,1.43,Compass:1.43;Flower:0.86;Cruella:0.8;Shingles:0.75;Spikey:0.73,1,,,spot 1.7
2026-10-10T12:26:50,20261010-122648-1ecc25,identify,sift,IMG_2936.HEIC,"[272, 160, 781, 882]",Compass,1.7,Compass:1.7;Flower:0.8;Shingles:0.7;Jigsaw:0.7;Spikey:0.7,1,,,
2026-10-10T12:26:50,20261010-122648-1ecc25,identify,combined,IMG_2936.HEIC,"[272, 160, 781, 882]",Compass,0.433,Compass:0.433;Cruella:0.387;Emoji:0.289;T066:0.289;D.E.P.:0.284,0,,,
2026-10-10T12:26:50,20261010-122648-1ecc25,identify,full,IMG_2936.HEIC,,Compass,0.714,Compass:0.714;Fist:0.617;Cruella:0.607;T022_23:0.598;T066:0.579,0,,,
2026-10-10T12:26:50,20261010-122648-1ecc25,identify,crop,IMG_2936.HEIC,"[272, 160, 781, 882]",Compass,0.713,Compass:0.713;Cruella:0.606;Rooster:0.554;Flower:0.544;T022_23:0.531,0,,,
2026-10-10T12:26:50,20261010-122648-1ecc25,identify,tight,IMG_2936.HEIC,"[272, 160, 781, 882]",Cruella,0.571,Cruella:0.571;Compass:0.551;Rooster_II:0.495;T045:0.494;Chopsticks:0.488,0,,,
2026-10-10T12:26:53,20261010-122650-91db74,identify,best,IMG_2938.HEIC,,Compass,3.12,Compass:3.12;Cruella:0.7;D.E.P.:0.64;Flower:0.6;Chopsticks:0.54,0,,,spot 13.5
2026-10-10T12:26:53,20261010-122650-91db74,identify,sift,IMG_2938.HEIC,"[180, 194, 624, 613]",Compass,13.5,Compass:13.5;T103x:0.6;T066:0.5;Shingles:0.5;Flower:0.5,0,,,
2026-10-10T12:26:53,20261010-122650-91db74,identify,combined,IMG_2938.HEIC,"[180, 194, 624, 613]",Cruella,0.447,Cruella:0.447;Compass:0.444;Strobe:0.341;D.E.P.:0.334;Chopsticks:0.304,0,,,
2026-10-10T12:26:53,20261010-122650-91db74,identify,full,IMG_2938.HEIC,,Aztec,0.366,Aztec:0.366;Jigsaw:0.362;Rooster:0.31;Rooster_II:0.292;D.E.P.:0.263,0,,,
2026-10-10T12:26:53,20261010-122650-91db74,identify,crop,IMG_2938.HEIC,"[180, 194, 624, 613]",Compass,0.525,Compass:0.525;Cruella:0.458;Rooster_II:0.423;Chopsticks:0.403;Flower:0.398,0,,,
2026-10-10T12:26:53,20261010-122650-91db74,identify,tight,IMG_2938.HEIC,"[180, 194, 624, 613]",Cruella,0.678,Cruella:0.678;Chopsticks:0.628;Compass:0.527;Strobe:0.51;Esther:0.506,0,,,
2026-10-10T12:26:55,20261010-122653-ab6dcb,identify,best,IMG_2939.HEIC,,Compass,3.17,Compass:3.17;Cruella:0.68;Rooster_II:0.65;Chopsticks:0.59;Flower_2:0.56,0,,,spot 14.1
2026-10-10T12:26:55,20261010-122653-ab6dcb,identify,sift,IMG_2939.HEIC,"[188, 203, 670, 663]",Compass,14.1,Compass:14.1;Rooster_II:0.6;Shingles:0.6;T066:0.5;Bubbles:0.4,0,,,
2026-10-10T12:26:55,20261010-122653-ab6dcb,identify,combined,IMG_2939.HEIC,"[188, 203, 670, 663]",Compass,0.451,Compass:0.451;Cruella:0.36;Esther:0.34;Strobe:0.298;Strobe_II:0.254,0,,,
2026-10-10T12:26:55,20261010-122653-ab6dcb,identify,full,IMG_2939.HEIC,,Jigsaw,0.354,Jigsaw:0.354;Aztec:0.346;Rooster:0.327;Strobe:0.315;Rooster_II:0.31,0,,,
2026-10-10T12:26:55,20261010-122653-ab6dcb,identify,crop,IMG_2939.HEIC,"[188, 203, 670, 663]",Compass,0.487,Compass:0.487;Rooster_II:0.44;Strobe:0.413;Wishbone:0.388;Fist:0.373,0,,,
2026-10-10T12:26:55,20261010-122653-ab6dcb,identify,tight,IMG_2939.HEIC,"[188, 203, 670, 663]",Cruella,0.641,Cruella:0.641;Strobe_II:0.508;Esther:0.507;Chopsticks:0.485;Compass:0.471,0,,,
2026-10-10T12:26:58,20261010-122655-4b7e3b,identify,best,IMG_2941.HEIC,,Shingles,1.14,Shingles:1.14;Chopsticks:0.98;Bubbles:0.87;Lotus:0.67;Cruella:0.65,1,,,spot 1.2
2026-10-10T12:26:58,20261010-122655-4b7e3b,identify,sift,IMG_2941.HEIC,"[178, 161, 621, 578]",Chopsticks,1.5,Chopsticks:1.5;Shingles:1.2;Bubbles:0.7;T066:0.5;Rooster:0.5,1,,,
2026-10-10T12:26:58,20261010-122655-4b7e3b,identify,combined,IMG_2941.HEIC,"[178, 161, 621, 578]",Flower,0.396,Flower:0.396;Bubbles:0.362;Strobe:0.36;T117:0.35;D.E.P.:0.344,0,,,
2026-10-10T12:26:58,20261010-122655-4b7e3b,identify,full,IMG_2941.HEIC,,Shingles,0.381,Shingles:0.381;T104:0.306;Flower:0.276;T117:0.266;Rooster_II:0.247,0,,,
2026-10-10T12:26:58,20261010-122655-4b7e3b,identify,crop,IMG_2941.HEIC,"[178, 161, 621, 578]",Flower,0.503,Flower:0.503;T117:0.438;Shingles:0.416;Bubbles:0.372;Flower_2:0.347,0,,,
2026-10-10T12:26:58,20261010-122655-4b7e3b,identify,tight,IMG_2941.HEIC,"[178, 161, 621, 578]",Strobe,0.47,Strobe:0.47;Shingles:0.415;Flower:0.392;Sunflower:0.39;D.E.P.:0.367,0,,,
2026-10-10T12:27:00,20261010-122658-6ce430,identify,best,IMG_2942.HEIC,,Shingles,1.66,Shingles:1.66;Strobe_II:0.73;T117:0.68;D.E.P.:0.66;Bubbles:0.64,1,,,spot 2.5
2026-10-10T12:27:00,20261010-122658-6ce430,identify,sift,IMG_2942.HEIC,"[164, 172, 836, 884]",Shingles,2.5,Shingles:2.5;Fist:0.8;T066:0.5;Strobe_II:0.5;T039_70:0.5,1,,,
2026-10-10T12:27:00,20261010-122658-6ce430,identify,combined,IMG_2942.HEIC,"[164, 172, 836, 884]",Strobe,0.432,Strobe:0.432;Bubbles:0.421;Shingles:0.403;T117:0.363;Rooster:0.35,0,,,
2026-10-10T12:27:00,20261010-122658-6ce430,identify,full,IMG_2942.HEIC,,Bubbles,0.559,Bubbles:0.559;Compass:0.535;Flower:0.534;T117:0.534;Cruella:0.518,0,,,
2026-10-10T12:27:00,20261010-122658-6ce430,identify,crop,IMG_2942.HEIC,"[164, 172, 836, 884]",Bubbles,0.454,Bubbles:0.454;Flower:0.443;T117:0.408;Shingles:0.393;Flower_2:0.327,0,,,
2026-10-10T12:27:00,20261010-122658-6ce430,identify,tight,IMG_2942.HEIC,"[164, 172, 836, 884]",D.E.P.,0.582,D.E.P.:0.582;Bubbles:0.566;Emoji:0.512;Shingles:0.503;Compass:0.482,0,,,
2026-10-10T12:27:03,20261010-122700-0510df,identify,best,IMG_2943.HEIC,,Shingles,1.71,Shingles:1.71;Strobe:0.72;T117:0.61;Cruella:0.59;Chopsticks:0.56,1,,,spot 2.6
2026-10-10T12:27:03,20261010-122700-0510df,identify,sift,IMG_2943.HEIC,"[128, 122, 835, 835]",Shingles,2.6,Shingles:2.6;T066:0.6;Aztec:0.5;T103x:0.4;T117:0.4,1,,,
2026-10-10T12:27:03,20261010-122700-0510df,identify,combined,IMG_2943.HEIC,"[128, 122, 835, 835]",Strobe,0.496,Strobe:0.496;Shingles:0.428;Cruella:0.36;Bubbles:0.35;Flower:0.322,0,,,
2026-10-10T12:27:03,20261010-122700-0510df,identify,full,IMG_2943.HEIC,,T022_23,0.517,T022_23:0.517;Flower:0.514;Bubbles:0.511;Shingles:0.481;T117:0.456,0,,,
2026-10-10T12:27:03,20261010-122700-0510df,identify,crop,IMG_2943.HEIC,"[128, 122, 835, 835]",T117,0.391,T117:0.391;Shingles:0.351;Bubbles:0.349;Flower_2:0.343;Faded_Flower:0.315,0,,,
2026-10-10T12:27:03,20261010-122700-0510df,identify,tight,IMG_2943.HEIC,"[128, 122, 835, 835]",Esther,0.529,Esther:0.529;Shingles:0.463;Flower:0.421;T026:0.399;Cruella:0.338,0,,,
2026-10-10T12:27:05,20261010-122703-fecf90,identify,best,IMG_2944.HEIC,,Shingles,2.65,Shingles:2.65;D.E.P.:1.29;Flower:1.04;T039_70:0.93;Rooster_II:0.89,0,,,spot 6.1
2026-10-10T12:27:05,20261010-122703-fecf90,identify,sift,IMG_2944.HEIC,"[289, 365, 843, 881]",Shingles,6.1,Shingles:6.1;Flower:1.2;D.E.P.:1.0;Stilts:0.8;T117:0.7,0,,,
2026-10-10T12:27:05,20261010-122703-fecf90,identify,combined,IMG_2944.HEIC,"[289, 365, 843, 881]",Shingles,0.695,Shingles:0.695;Rooster_II:0.636;D.E.P.:0.598;T039_70:0.453;Flower:0.265,0,,,
2026-10-10T12:27:05,20261010-122703-fecf90,identify,full,IMG_2944.HEIC,,D.E.P.,0.724,D.E.P.:0.724;Shingles:0.639;T039_70:0.607;Rooster_II:0.527;T104:0.525,0,,,
2026-10-10T12:27:05,20261010-122703-fecf90,identify,crop,IMG_2944.HEIC,"[289, 365, 843, 881]",Rooster_II,0.766,Rooster_II:0.766;Shingles:0.752;D.E.P.:0.699;T104:0.584;T039_70:0.579,0,,,
2026-10-10T12:27:05,20261010-122703-fecf90,identify,tight,IMG_2944.HEIC,"[289, 365, 843, 881]",Shingles,0.866,Shingles:0.866;D.E.P.:0.665;T039_70:0.606;Rooster_II:0.585;Faded_Flower:0.567,0,,,
2026-10-10T12:27:09,20261010-122705-3f6220,identify,best,IMG_2945.HEIC,,Shingles,1.47,Shingles:1.47;T117:1.27;Cruella:1.26;Bubbles:1.18;Lotus:1.17,1,,,spot 1.7
2026-10-10T12:27:09,20261010-122705-3f6220,identify,sift,IMG_2945.HEIC,"[101, 84, 862, 839]",Shingles,1.7,Shingles:1.7;T117:1.7;Esther:1.6;Bubbles:1.5;Lotus:1.4,1,,,
2026-10-10T12:27:09,20261010-122705-3f6220,identify,combined,IMG_2945.HEIC,"[101, 84, 862, 839]",Cruella,0.526,Cruella:0.526;Flower:0.467;Shingles:0.46;D.E.P.:0.357;Jigsaw:0.315,0,,,
2026-10-10T12:27:09,20261010-122705-3f6220,identify,full,IMG_2945.HEIC,,Esther,0.435,Esther:0.435;Rooster_II:0.385;T044:0.382;Fist:0.374;T022_23:0.356,0,,,
2026-10-10T12:27:09,20261010-122705-3f6220,identify,crop,IMG_2945.HEIC,"[101, 84, 862, 839]",Flower,0.467,Flower:0.467;Shingles:0.417;T117:0.41;Cruella:0.379;T044:0.361,0,,,
2026-10-10T12:27:09,20261010-122705-3f6220,identify,tight,IMG_2945.HEIC,"[101, 84, 862, 839]",Sunflower,0.629,Sunflower:0.629;Cruella:0.564;Shingles:0.536;Flower:0.516;Faded_Flower:0.481,0,,,
2026-10-10T12:27:12,20261010-122709-144eeb,identify,best,IMG_2947.HEIC,,Chopsticks,1.56,Chopsticks:1.56;Sunflower:0.98;Shingles:0.85;Compass:0.69;Flower:0.64,1,,,spot 2.8
2026-10-10T12:27:12,20261010-122709-144eeb,identify,sift,IMG_2947.HEIC,"[211, 139, 668, 574]",Chopsticks,2.8,Chopsticks:2.8;Shingles:1.2;Sunflower:1.0;Compass:0.6;Lotus:0.4,1,,,
2026-10-10T12:27:12,20261010-122709-144eeb,identify,combined,IMG_2947.HEIC,"[211, 139, 668, 574]",Flower,0.334,Flower:0.334;Esther:0.332;Bubbles:0.328;Cruella:0.325;Sunflower:0.279,1,,,
2026-10-10T12:27:12,20261010-122709-144eeb,identify,full,IMG_2947.HEIC,,Rooster,0.42,Rooster:0.42;Cruella:0.361;Strobe:0.339;T122:0.283;T117:0.279,0,,,
2026-10-10T12:27:12,20261010-122709-144eeb,identify,crop,IMG_2947.HEIC,"[211, 139, 668, 574]",Flower,0.442,Flower:0.442;Fist:0.434;Flower_2:0.434;T044:0.419;T022_23:0.407,0,,,
2026-10-10T12:27:12,20261010-122709-144eeb,identify,tight,IMG_2947.HEIC,"[211, 139, 668, 574]",Flower,0.587,Flower:0.587;Compass:0.536;Jigsaw:0.505;Sunflower:0.502;D.E.P.:0.483,0,,,
2026-10-10T12:27:15,20261010-122712-46f26d,identify,best,IMG_2948.HEIC,,Cruella,1.03,Cruella:1.03;Flower:0.75;T117:0.69;T039_70:0.68;Wishbone:0.6,1,,,spot 0.8
2026-10-10T12:27:15,20261010-122712-46f26d,identify,sift,IMG_2948.HEIC,"[121, 119, 800, 881]",T039_70,0.8,T039_70:0.8;Cruella:0.8;Wishbone:0.6;Flower:0.5;Chopsticks:0.4,1,,,
2026-10-10T12:27:15,20261010-122712-46f26d,identify,combined,IMG_2948.HEIC,"[121, 119, 800, 881]",Cruella,0.456,Cruella:0.456;Flower:0.368;T117:0.348;Esther:0.347;T022_23:0.336,0,,,
2026-10-10T12:27:15,20261010-122712-46f26d,identify,full,IMG_2948.HEIC,,Cruella,0.602,Cruella:0.602;Flower:0.58;T022_23:0.562;Fist:0.551;T044:0.528,0,,,
2026-10-10T12:27:15,20261010-122712-46f26d,identify,crop,IMG_2948.HEIC,"[121, 119, 800, 881]",Flower,0.534,Flower:0.534;Fist:0.463;T022_23:0.463;T045:0.455;Cruella:0.452,0,,,
2026-10-10T12:27:15,20261010-122712-46f26d,identify,tight,IMG_2948.HEIC,"[121, 119, 800, 881]",T117,0.541,T117:0.541;Cruella:0.53;Emoji:0.507;Compass:0.417;Flower:0.401,0,,,
2026-10-10T12:27:18,20261010-122715-847b4c,identify,best,IMG_2949.HEIC,,Cruella,0.67,Cruella:0.67;Shingles:0.62;Esther:0.51;T022_23:0.51;Lotus:0.48,1,,,spot 0.3
2026-10-10T12:27:18,20261010-122715-847b4c,identify,sift,IMG_2949.HEIC,"[130, 131, 835, 873]",T045,0.4,T045:0.4;Glyph:0.4;T066:0.3;Lotus:0.3;Shingles:0.3,1,,,
2026-10-10T12:27:18,20261010-122715-847b4c,identify,combined,IMG_2949.HEIC,"[130, 131, 835, 873]",Cruella,0.443,Cruella:0.443;T022_23:0.37;Shingles:0.358;Esther:0.35;Bubbles:0.333,0,,,
2026-10-10T12:27:18,20261010-122715-847b4c,identify,full,IMG_2949.HEIC,,Flower,0.555,Flower:0.555;Cruella:0.537;T022_23:0.47;T117:0.447;Fist:0.429,0,,,
2026-10-10T12:27:18,20261010-122715-847b4c,identify,crop,IMG_2949.HEIC,"[130, 131, 835, 873]",Flower,0.518,Flower:0.518;T044:0.458;Fist:0.456;T045:0.451;T117:0.439,0,,,
2026-10-10T12:27:18,20261010-122715-847b4c,identify,tight,IMG_2949.HEIC,"[130, 131, 835, 873]",Compass,0.531,Compass:0.531;Spikey:0.43;Cruella:0.426;Fist:0.425;Shingles:0.388,0,,,
2026-10-10T12:27:22,20261010-122718-cf981e,identify,best,IMG_2950.HEIC,,Esther,0.71,Esther:0.71;Shingles:0.59;T016:0.58;Bubbles:0.54;D.E.P.:0.52,1,,,spot 0.3
2026-10-10T12:27:22,20261010-122718-cf981e,identify,sift,IMG_2950.HEIC,"[151, 187, 912, 911]",T066,0.5,T066:0.5;Shingles:0.5;T103x:0.4;Chopsticks:0.4;Flower:0.4,1,,,
2026-10-10T12:27:22,20261010-122718-cf981e,identify,combined,IMG_2950.HEIC,"[151, 187, 912, 911]",Esther,0.455,Esther:0.455;T026:0.434;T016:0.424;Bubbles:0.345;Jigsaw:0.33,0,,,
2026-10-10T12:27:22,20261010-122718-cf981e,identify,full,IMG_2950.HEIC,,Rooster_II,0.457,Rooster_II:0.457;Esther:0.447;T022_23:0.412;D.E.P.:0.411;T104:0.401,0,,,
2026-10-10T12:27:22,20261010-122718-cf981e,identify,crop,IMG_2950.HEIC,"[151, 187, 912, 911]",Esther,0.548,Esther:0.548;T104:0.508;Rooster_II:0.456;T044:0.393;Shingles:0.392,0,,,
2026-10-10T12:27:22,20261010-122718-cf981e,identify,tight,IMG_2950.HEIC,"[151, 187, 912, 911]",Esther,0.433,Esther:0.433;Shingles:0.425;D.E.P.:0.419;T047x:0.388;T016:0.36,0,,,
2026-10-10T12:27:24,20261010-122722-4f531b,identify,best,IMG_2951.HEIC,,Shingles,0.67,Shingles:0.67;Rooster_II:0.6;Esther:0.58;D.E.P.:0.54;Compass:0.54,1,,,spot 0.5
2026-10-10T12:27:24,20261010-122722-4f531b,identify,sift,IMG_2951.HEIC,"[139, 158, 911, 886]",Compass,0.5,Compass:0.5;Flower_2:0.5;Shingles:0.5;Rooster_II:0.5;Chopsticks:0.4,1,,,
2026-10-10T12:27:24,20261010-122722-4f531b,identify,combined,IMG_2951.HEIC,"[139, 158, 911, 886]",Esther,0.419,Esther:0.419;D.E.P.:0.361;Emoji:0.333;T047x:0.314;Bubbles:0.31,0,,,
2026-10-10T12:27:24,20261010-122722-4f531b,identify,full,IMG_2951.HEIC,,T104,0.413,T104:0.413;Rooster_II:0.41;Esther:0.389;Wishbone:0.372;D.E.P.:0.368,0,,,
2026-10-10T12:27:24,20261010-122722-4f531b,identify,crop,IMG_2951.HEIC,"[139, 158, 911, 886]",T104,0.67,T104:0.67;Esther:0.585;Rooster_II:0.568;Shingles:0.562;D.E.P.:0.534,0,,,
2026-10-10T12:27:24,20261010-122722-4f531b,identify,tight,IMG_2951.HEIC,"[139, 158, 911, 886]",D.E.P.,0.581,D.E.P.:0.581;Faded_Flower:0.561;T047x:0.527;T039_70:0.523;Esther:0.522,0,,,
2026-10-10T12:27:29,20261010-122724-4a9780,identify,best,IMG_2952.HEIC,,Cruella,0.92,Cruella:0.92;Esther:0.84;Fist:0.81;Faded_Flower:0.77;Bubbles:0.75,1,,,spot 0.7
2026-10-10T12:27:29,20261010-122724-4a9780,identify,sift,IMG_2952.HEIC,"[78, 388, 796, 642]",Cruella,0.7,Cruella:0.7;Bubbles:0.7;Faded_Flower:0.6;Wishbone:0.6;T104:0.6,1,,,
2026-10-10T12:27:29,20261010-122724-4a9780,identify,combined,IMG_2952.HEIC,"[78, 388, 796, 642]",Cruella,0.413,Cruella:0.413;Fist:0.404;Esther:0.393;T026:0.313;T122:0.313,0,,,
2026-10-10T12:27:29,20261010-122724-4a9780,identify,full,IMG_2952.HEIC,,Cruella,0.578,Cruella:0.578;T066:0.54;Rooster_II:0.503;T045:0.485;T022_23:0.467,0,,,
2026-10-10T12:27:29,20261010-122724-4a9780,identify,crop,IMG_2952.HEIC,"[78, 388, 796, 642]",Cruella,0.537,Cruella:0.537;Fist:0.472;Rooster_II:0.424;Flower:0.405;T066:0.402,0,,,
2026-10-10T12:27:29,20261010-122724-4a9780,identify,tight,IMG_2952.HEIC,"[78, 388, 796, 642]",T045,0.399,T045:0.399;Rooster_II:0.392;Wishbone:0.389;Compass:0.377;Fist:0.375,0,,,
2026-10-10T12:27:32,20261010-122729-dfeb69,identify,best,IMG_2953.HEIC,,T066,0.88,T066:0.88;Shingles:0.83;Bubbles:0.79;Flower:0.77;T117:0.74,1,,,spot 0.6
2026-10-10T12:27:32,20261010-122729-dfeb69,identify,sift,IMG_2953.HEIC,"[159, 386, 912, 663]",Shingles,0.7,Shingles:0.7;Bubbles:0.7;Jigsaw:0.6;Flower:0.6;T066:0.6,1,,,
2026-10-10T12:27:32,20261010-122729-dfeb69,identify,combined,IMG_2953.HEIC,"[159, 386, 912, 663]",T066,0.422,T066:0.422;T117:0.352;Esther:0.332;Flower:0.306;Shingles:0.298,0,,,
2026-10-10T12:27:32,20261010-122729-dfeb69,identify,full,IMG_2953.HEIC,,Flower,0.586,Flower:0.586;Fist:0.548;Shingles:0.539;Cruella:0.532;Compass:0.529,0,,,
2026-10-10T12:27:32,20261010-122729-dfeb69,identify,crop,IMG_2953.HEIC,"[159, 386, 912, 663]",Bubbles,0.617,Bubbles:0.617;Flower:0.577;T045:0.561;T117:0.559;T066:0.558,0,,,
2026-10-10T12:27:32,20261010-122729-dfeb69,identify,tight,IMG_2953.HEIC,"[159, 386, 912, 663]",T117,0.41,T117:0.41;Shingles:0.395;T122:0.382;T016:0.37;Chopsticks:0.355,0,,,
2026-10-10T12:27:36,20261010-122732-256d93,identify,best,IMG_2954.HEIC,,T117,1.04,T117:1.04;Flower:0.93;Fist:0.91;D.E.P.:0.86;T044:0.72,1,,,spot 0.9
2026-10-10T12:27:36,20261010-122732-256d93,identify,sift,IMG_2954.HEIC,"[83, 332, 938, 684]",Fist,1.0,Fist:1.0;Flower:0.9;T117:0.9;D.E.P.:0.8;Lotus:0.7,1,,,
2026-10-10T12:27:36,20261010-122732-256d93,identify,combined,IMG_2954.HEIC,"[83, 332, 938, 684]",Esther,0.427,Esther:0.427;T117:0.414;T016:0.323;Strobe:0.307;Chopsticks:0.304,0,,,
2026-10-10T12:27:36,20261010-122732-256d93,identify,full,IMG_2954.HEIC,,Cruella,0.636,Cruella:0.636;Shingles:0.605;T044:0.591;Flower:0.584;T022_23:0.573,0,,,
2026-10-10T12:27:36,20261010-122732-256d93,identify,crop,IMG_2954.HEIC,"[83, 332, 938, 684]",Flower,0.587,Flower:0.587;T117:0.543;T044:0.537;Cruella:0.529;Fist:0.521,0,,,
2026-10-10T12:27:36,20261010-122732-256d93,identify,tight,IMG_2954.HEIC,"[83, 332, 938, 684]",Esther,0.472,Esther:0.472;D.E.P.:0.399;Strobe:0.383;Compass:0.38;Chopsticks:0.38,0,,,
2026-10-10T12:27:39,20261010-122736-a30d1c,identify,best,IMG_2955.HEIC,,Chopsticks,1.1,Chopsticks:1.1;D.E.P.:0.93;Shingles:0.91;Glyph:0.86;Wishbone:0.81,1,,,spot 1.3
2026-10-10T12:27:39,20261010-122736-a30d1c,identify,sift,IMG_2955.HEIC,"[180, 93, 874, 824]",Chopsticks,1.3,Chopsticks:1.3;Flower:1.2;Glyph:1.1;Compass:0.9;T066:0.9,1,,,
2026-10-10T12:27:39,20261010-122736-a30d1c,identify,combined,IMG_2955.HEIC,"[180, 93, 874, 824]",Esther,0.397,Esther:0.397;D.E.P.:0.343;Bubbles:0.338;Rooster:0.31;T047x:0.303,0,,,
2026-10-10T12:27:39,20261010-122736-a30d1c,identify,full,IMG_2955.HEIC,,Sunflower,0.616,Sunflower:0.616;Rooster_II:0.607;Esther:0.588;Wishbone:0.57;Cruella:0.502,0,,,
2026-10-10T12:27:39,20261010-122736-a30d1c,identify,crop,IMG_2955.HEIC,"[180, 93, 874, 824]",Rooster_II,0.609,Rooster_II:0.609;T104:0.545;T044:0.534;Esther:0.506;Shingles:0.503,0,,,
2026-10-10T12:27:39,20261010-122736-a30d1c,identify,tight,IMG_2955.HEIC,"[180, 93, 874, 824]",D.E.P.,0.483,D.E.P.:0.483;T047x:0.423;Esther:0.417;Shingles:0.411;Bubbles:0.402,0,,,
2026-10-10T12:27:42,20261010-122739-6f777f,identify,best,IMG_2956.HEIC,,Sunflower,0.86,Sunflower:0.86;Bubbles:0.83;T117:0.77;D.E.P.:0.74;Cruella:0.7,1,,,spot 0.4
2026-10-10T12:27:42,20261010-122739-6f777f,identify,sift,IMG_2956.HEIC,"[121, 102, 872, 836]",T117,0.7,T117:0.7;Bubbles:0.7;D.E.P.:0.7;Stilts:0.6;T022_23:0.6,1,,,
2026-10-10T12:27:42,20261010-122739-6f777f,identify,combined,IMG_2956.HEIC,"[121, 102, 872, 836]",Sunflower,0.506,Sunflower:0.506;Cruella:0.37;Esther:0.35;Bubbles:0.321;Flower:0.312,0,,,
2026-10-10T12:27:42,20261010-122739-6f777f,identify,full,IMG_2956.HEIC,,Flower,0.521,Flower:0.521;Cruella:0.495;T044:0.488;Esther:0.479;Chopsticks:0.469,0,,,
2026-10-10T12:27:42,20261010-122739-6f777f,identify,crop,IMG_2956.HEIC,"[121, 102, 872, 836]",Flower,0.505,Flower:0.505;Bubbles:0.488;Chopsticks:0.483;Wishbone:0.439;Rooster_II:0.437,0,,,
2026-10-10T12:27:42,20261010-122739-6f777f,identify,tight,IMG_2956.HEIC,"[121, 102, 872, 836]",Sunflower,0.667,Sunflower:0.667;Cruella:0.634;T117:0.62;Jigsaw:0.549;Rooster:0.531,0,,,
2026-10-10T12:27:45,20261010-122742-a01c2e,identify,best,IMG_2957.HEIC,,Bubbles,0.91,Bubbles:0.91;T117:0.9;Jigsaw:0.84;Wishbone:0.83;Sunflower:0.82,1,,,spot 0.9
2026-10-10T12:27:45,20261010-122742-a01c2e,identify,sift,IMG_2957.HEIC,"[130, 90, 852, 781]",T117,0.9,T117:0.9;Bubbles:0.9;Wishbone:0.8;Chopsticks:0.7;Jigsaw:0.7,1,,,
2026-10-10T12:27:45,20261010-122742-a01c2e,identify,combined,IMG_2957.HEIC,"[130, 90, 852, 781]",Sunflower,0.44,Sunflower:0.44;Esther:0.415;Flower:0.354;Strobe_II:0.351;Flower_2:0.337,0,,,
2026-10-10T12:27:45,20261010-122742-a01c2e,identify,full,IMG_2957.HEIC,,Cruella,0.574,Cruella:0.574;Chopsticks:0.525;Flower:0.519;T044:0.514;Fist:0.509,0,,,
2026-10-10T12:27:45,20261010-122742-a01c2e,identify,crop,IMG_2957.HEIC,"[130, 90, 852, 781]",Flower,0.609,Flower:0.609;T044:0.522;Jigsaw:0.482;Sunflower:0.44;Flower_2:0.436,0,,,
2026-10-10T12:27:45,20261010-122742-a01c2e,identify,tight,IMG_2957.HEIC,"[130, 90, 852, 781]",Sunflower,0.647,Sunflower:0.647;Strobe_II:0.589;Jigsaw:0.576;Cruella:0.568;T117:0.532,0,,,
2026-10-10T12:27:49,20261010-122745-4017ac,identify,best,IMG_2969.JPG,,Shingles,1.11,Shingles:1.11;D.E.P.:1.06;T117:1.01;Cruella:1.01;Flower:0.96,1,,,spot 1.3
2026-10-10T12:27:49,20261010-122745-4017ac,identify,sift,IMG_2969.JPG,"[429, 613, 467, 642]",Shingles,1.3,Shingles:1.3;Flower:1.3;T117:1.1;D.E.P.:1.0;Cruella:0.9,1,,,
2026-10-10T12:27:49,20261010-122745-4017ac,identify,combined,IMG_2969.JPG,"[429, 613, 467, 642]",Esther,0.467,Esther:0.467;D.E.P.:0.391;Cruella:0.39;Rooster_II:0.332;Shingles:0.286,0,,,
2026-10-10T12:27:49,20261010-122745-4017ac,identify,full,IMG_2969.JPG,,Chopsticks,0.459,Chopsticks:0.459;Shingles:0.439;T045:0.323;Cruella:0.302;T117:0.297,0,,,
2026-10-10T12:27:49,20261010-122745-4017ac,identify,crop,IMG_2969.JPG,"[429, 613, 467, 642]",Esther,0.409,Esther:0.409;Shingles:0.391;D.E.P.:0.357;Cruella:0.33;T104:0.314,0,,,
2026-10-10T12:27:49,20261010-122745-4017ac,identify,tight,IMG_2969.JPG,"[429, 613, 467, 642]",Cruella,0.549,Cruella:0.549;Jigsaw:0.536;Esther:0.534;D.E.P.:0.46;Faded_Flower:0.405,0,,,
2026-10-10T12:27:52,20261010-122749-457aad,identify,best,IMG_2970.JPG,,Shingles,1.3,Shingles:1.3;Bubbles:1.15;D.E.P.:1.04;Esther:0.91;Rooster_II:0.89,1,,,spot 1.8
2026-10-10T12:27:52,20261010-122749-457aad,identify,sift,IMG_2970.JPG,"[381, 608, 417, 638]",Shingles,1.8,Shingles:1.8;Bubbles:1.3;T066:1.0;D.E.P.:1.0;T022_23:0.9,1,,,
2026-10-10T12:27:52,20261010-122749-457aad,identify,combined,IMG_2970.JPG,"[381, 608, 417, 638]",Esther,0.394,Esther:0.394;D.E.P.:0.367;Faded_Flower:0.36;Cruella:0.346;Bubbles:0.31,0,,,
2026-10-10T12:27:52,20261010-122749-457aad,identify,full,IMG_2970.JPG,,Chopsticks,0.459,Chopsticks:0.459;Shingles:0.426;T045:0.314;Cruella:0.295;T104:0.288,0,,,
2026-10-10T12:27:52,20261010-122749-457aad,identify,crop,IMG_2970.JPG,"[381, 608, 417, 638]",Cruella,0.449,Cruella:0.449;Esther:0.405;T117:0.394;Jazzy:0.389;Shingles:0.324,0,,,
2026-10-10T12:27:52,20261010-122749-457aad,identify,tight,IMG_2970.JPG,"[381, 608, 417, 638]",Esther,0.55,Esther:0.55;Jigsaw:0.549;Cruella:0.514;Faded_Flower:0.38;Jazzy:0.378,0,,,
2026-10-10T12:27:55,20261010-122752-01aaf6,identify,best,IMG_2971.JPG,,Jigsaw,1.17,Jigsaw:1.17;Faded_Flower:1.03;Cruella:0.95;Esther:0.66;Rooster_II:0.6,1,,,spot 1.1
2026-10-10T12:27:55,20261010-122752-01aaf6,identify,sift,IMG_2971.JPG,"[561, 523, 617, 634]",Faded_Flower,1.6,Faded_Flower:1.6;Jigsaw:1.1;T016:0.5;Cruella:0.5;T122:0.5,1,,,
2026-10-10T12:27:55,20261010-122752-01aaf6,identify,combined,IMG_2971.JPG,"[561, 523, 617, 634]",Cruella,0.522,Cruella:0.522;Jigsaw:0.442;Esther:0.355;Jazzy:0.283;T117:0.275,0,,,
2026-10-10T12:27:55,20261010-122752-01aaf6,identify,full,IMG_2971.JPG,,Shingles,0.518,Shingles:0.518;Chopsticks:0.434;Rooster:0.392;T045:0.379;D.E.P.:0.367,0,,,
2026-10-10T12:27:55,20261010-122752-01aaf6,identify,crop,IMG_2971.JPG,"[561, 523, 617, 634]",Cruella,0.782,Cruella:0.782;Esther:0.614;Jazzy:0.58;Jigsaw:0.517;Flower:0.397,0,,,
2026-10-10T12:27:55,20261010-122752-01aaf6,identify,tight,IMG_2971.JPG,"[561, 523, 617, 634]",Cruella,0.72,Cruella:0.72;T117:0.643;Jigsaw:0.628;Esther:0.501;Jazzy:0.467,0,,,
2026-10-10T12:27:57,20261010-122755-7407e7,identify,best,IMG_3112.HEIC,,Lotus,1.25,Lotus:1.25;Jigsaw:1.13;T039_70:1.09;Cruella:1.09;Shingles:1.07,1,,,spot 1.3
2026-10-10T12:27:57,20261010-122755-7407e7,identify,sift,IMG_3112.HEIC,"[542, 243, 594, 317]",Lotus,1.3,Lotus:1.3;T039_70:1.3;Shingles:1.3;Spikey:1.3;Glyph:1.0,1,,,
2026-10-10T12:27:57,20261010-122755-7407e7,identify,combined,IMG_3112.HEIC,"[542, 243, 594, 317]",Esther,0.622,Esther:0.622;Jigsaw:0.52;Lotus:0.439;Cruella:0.374;T039_70:0.273,0,,,
2026-10-10T12:27:57,20261010-122755-7407e7,identify,full,IMG_3112.HEIC,,Esther,0.444,Esther:0.444;Cruella:0.423;T117:0.419;Lotus:0.387;Shingles:0.376,0,,,
2026-10-10T12:27:57,20261010-122755-7407e7,identify,crop,IMG_3112.HEIC,"[542, 243, 594, 317]",Esther,0.792,Esther:0.792;Cruella:0.641;Jigsaw:0.536;Jazzy:0.484;Lotus:0.41,0,,,
2026-10-10T12:27:57,20261010-122755-7407e7,identify,tight,IMG_3112.HEIC,"[542, 243, 594, 317]",Jigsaw,0.77,Jigsaw:0.77;Esther:0.693;Cruella:0.611;Lotus:0.511;T117:0.45,0,,,
2026-10-10T12:28:00,20261010-122757-747958,identify,best,IMG_3113.HEIC,,Jigsaw,0.96,Jigsaw:0.96;Shingles:0.83;Esther:0.81;Lotus:0.8;Cruella:0.8,1,,,spot 0.6
2026-10-10T12:28:00,20261010-122757-747958,identify,sift,IMG_3113.HEIC,"[487, 287, 540, 363]",Shingles,0.8,Shingles:0.8;Jigsaw:0.6;Chopsticks:0.6;Compass:0.6;Sunflower:0.6,1,,,
2026-10-10T12:28:00,20261010-122757-747958,identify,combined,IMG_3113.HEIC,"[487, 287, 540, 363]",Esther,0.623,Esther:0.623;Jigsaw:0.474;Lotus:0.457;Cruella:0.384;Compass:0.25,0,,,
2026-10-10T12:28:00,20261010-122757-747958,identify,full,IMG_3113.HEIC,,Cruella,0.471,Cruella:0.471;Bubbles:0.431;T117:0.419;Glyph:0.413;Esther:0.404,0,,,
2026-10-10T12:28:00,20261010-122757-747958,identify,crop,IMG_3113.HEIC,"[487, 287, 540, 363]",Esther,0.742,Esther:0.742;Cruella:0.65;Jigsaw:0.569;Jazzy:0.478;Lotus:0.416,0,,,
2026-10-10T12:28:00,20261010-122757-747958,identify,tight,IMG_3113.HEIC,"[487, 287, 540, 363]",Jigsaw,0.712,Jigsaw:0.712;Esther:0.675;Cruella:0.6;T117:0.494;Lotus:0.473,0,,,
2026-10-10T12:28:03,20261010-122800-de4877,identify,best,IMG_3114.heic,,T039_70,0.8,T039_70:0.8;Cruella:0.74;T122:0.73;Jigsaw:0.71;T117:0.65,1,,,spot 0.6
2026-10-10T12:28:03,20261010-122800-de4877,identify,sift,IMG_3114.heic,"[264, 255, 807, 810]",T104,0.6,T104:0.6;Jigsaw:0.6;Flower_2:0.6;Shingles:0.6;T039_70:0.6,1,,,
2026-10-10T12:28:03,20261010-122800-de4877,identify,combined,IMG_3114.heic,"[264, 255, 807, 810]",D.E.P.,0.387,D.E.P.:0.387;Strobe_II:0.351;T122:0.35;Glyph:0.338;Cruella:0.326,0,,,
2026-10-10T12:28:03,20261010-122800-de4877,identify,full,IMG_3114.heic,,Sunflower,0.66,Sunflower:0.66;T122:0.617;Rooster:0.433;Cruella:0.43;Compass:0.427,0,,,
2026-10-10T12:28:03,20261010-122800-de4877,identify,crop,IMG_3114.heic,"[264, 255, 807, 810]",Glyph,0.483,Glyph:0.483;Spikey:0.461;Sunflower:0.457;T122:0.451;T039_70:0.431,0,,,
2026-10-10T12:28:03,20261010-122800-de4877,identify,tight,IMG_3114.heic,"[264, 255, 807, 810]",D.E.P.,0.497,D.E.P.:0.497;Spikey:0.411;Compass:0.367;Aztec:0.35;Chopsticks:0.342,0,,,
2026-10-10T12:28:06,20261010-122803-cc8b59,identify,best,IMG_3115.heic,,Compass,0.85,Compass:0.85;Spikey:0.7;Cruella:0.7;Rooster_II:0.65;T045:0.62,1,,,spot 0.4
2026-10-10T12:28:06,20261010-122803-cc8b59,identify,sift,IMG_3115.heic,"[170, 243, 834, 914]",Spikey,0.6,Spikey:0.6;Lotus:0.4;Esther:0.4;Compass:0.4;Cruella:0.4,1,,,
2026-10-10T12:28:06,20261010-122803-cc8b59,identify,combined,IMG_3115.heic,"[170, 243, 834, 914]",Compass,0.485,Compass:0.485;T122:0.389;Emoji:0.377;D.E.P.:0.346;Fist:0.338,0,,,
2026-10-10T12:28:06,20261010-122803-cc8b59,identify,full,IMG_3115.heic,,Sunflower,0.72,Sunflower:0.72;T122:0.568;Aztec:0.473;Jigsaw:0.434;T117:0.426,0,,,
2026-10-10T12:28:06,20261010-122803-cc8b59,identify,crop,IMG_3115.heic,"[170, 243, 834, 914]",T122,0.53,T122:0.53;Spikey:0.529;Cruella:0.522;Emoji:0.502;Compass:0.496,0,,,
2026-10-10T12:28:06,20261010-122803-cc8b59,identify,tight,IMG_3115.heic,"[170, 243, 834, 914]",Emoji,0.495,Emoji:0.495;Spikey:0.491;T122:0.486;D.E.P.:0.478;T045:0.474,0,,,
2026-10-10T12:28:08,20261010-122806-b78557,identify,best,IMG_3116.HEIC,,Shingles,1.71,Shingles:1.71;Esther:1.41;Cruella:1.27;Faded_Flower:1.1;D.E.P.:1.09,1,,,spot 1.8
2026-10-10T12:28:08,20261010-122806-b78557,identify,sift,IMG_3116.HEIC,"[128, 119, 895, 878]",Shingles,1.8,Shingles:1.8;Esther:1.8;Cruella:1.8;Jigsaw:1.6;Compass:1.4,1,,,
2026-10-10T12:28:08,20261010-122806-b78557,identify,combined,IMG_3116.HEIC,"[128, 119, 895, 878]",Shingles,0.678,Shingles:0.678;Rooster_II:0.472;Faded_Flower:0.453;D.E.P.:0.449;Esther:0.373,0,,,
2026-10-10T12:28:08,20261010-122806-b78557,identify,full,IMG_3116.HEIC,,Shingles,0.708,Shingles:0.708;D.E.P.:0.692;T104:0.576;T039_70:0.53;Faded_Flower:0.485,0,,,
2026-10-10T12:28:08,20261010-122806-b78557,identify,crop,IMG_3116.HEIC,"[128, 119, 895, 878]",Shingles,0.724,Shingles:0.724;T104:0.651;D.E.P.:0.586;Rooster_II:0.56;T039_70:0.483,0,,,
2026-10-10T12:28:08,20261010-122806-b78557,identify,tight,IMG_3116.HEIC,"[128, 119, 895, 878]",Shingles,0.753,Shingles:0.753;Faded_Flower:0.7;D.E.P.:0.626;Rooster_II:0.585;T047x:0.584,0,,,
2026-10-10T12:28:10,20261010-122808-af9e82,identify,best,IMG_3117.HEIC,,D.E.P.,1.12,D.E.P.:1.12;T066:0.86;Bubbles:0.85;Emoji:0.84;Rooster_II:0.83,1,,,spot 1.2
2026-10-10T12:28:10,20261010-122808-af9e82,identify,sift,IMG_3117.HEIC,"[262, 247, 725, 807]",D.E.P.,1.2,D.E.P.:1.2;Rooster_II:1.0;T104:0.9;Spikey:0.8;T122:0.8,1,,,
2026-10-10T12:28:10,20261010-122808-af9e82,identify,combined,IMG_3117.HEIC,"[262, 247, 725, 807]",Emoji,0.511,Emoji:0.511;Bubbles:0.449;T066:0.392;D.E.P.:0.345;Shingles:0.334,0,,,
2026-10-10T12:28:10,20261010-122808-af9e82,identify,full,IMG_3117.HEIC,,Cruella,0.57,Cruella:0.57;T066:0.493;Faded_Flower:0.47;Bubbles:0.39;Compass:0.347,0,,,
2026-10-10T12:28:10,20261010-122808-af9e82,identify,crop,IMG_3117.HEIC,"[262, 247, 725, 807]",Cruella,0.645,Cruella:0.645;T066:0.566;Faded_Flower:0.358;Rooster:0.345;Emoji:0.33,0,,,
2026-10-10T12:28:10,20261010-122808-af9e82,identify,tight,IMG_3117.HEIC,"[262, 247, 725, 807]",T066,0.583,T066:0.583;D.E.P.:0.418;Bubbles:0.411;Emoji:0.4;Cruella:0.334,0,,,
2026-10-10T12:28:13,20261010-122810-58f924,identify,best,IMG_3118.HEIC,,Bubbles,1.01,Bubbles:1.01;Cruella:0.93;D.E.P.:0.86;Shingles:0.82;Compass:0.81,1,,,spot 0.8
2026-10-10T12:28:13,20261010-122810-58f924,identify,sift,IMG_3118.HEIC,"[326, 85, 720, 737]",Cruella,0.8,Cruella:0.8;Bubbles:0.8;T117:0.8;Shingles:0.6;T104:0.6,1,,,
2026-10-10T12:28:13,20261010-122810-58f924,identify,combined,IMG_3118.HEIC,"[326, 85, 720, 737]",D.E.P.,0.411,D.E.P.:0.411;Bubbles:0.39;Shingles:0.374;Compass:0.365;Emoji:0.34,0,,,
2026-10-10T12:28:13,20261010-122810-58f924,identify,full,IMG_3118.HEIC,,Compass,0.412,Compass:0.412;Faded_Flower:0.405;Cruella:0.384;T066:0.35;Glyph:0.343,0,,,
2026-10-10T12:28:13,20261010-122810-58f924,identify,crop,IMG_3118.HEIC,"[326, 85, 720, 737]",Cruella,0.474,Cruella:0.474;Compass:0.392;T104:0.351;D.E.P.:0.346;T066:0.343,0,,,
2026-10-10T12:28:13,20261010-122810-58f924,identify,tight,IMG_3118.HEIC,"[326, 85, 720, 737]",Rooster_II,0.691,Rooster_II:0.691;D.E.P.:0.484;Wishbone:0.48;Emoji:0.466;Cruella:0.456,0,,,
2026-10-10T12:28:16,20261010-122813-ec0b8f,identify,best,IMG_3119.heic,,Shingles,1.54,Shingles:1.54;Compass:1.48;T066:1.35;T039_70:1.31;Lotus:1.24,1,,,spot 2.2
2026-10-10T12:28:16,20261010-122813-ec0b8f,identify,sift,IMG_3119.heic,"[227, 114, 695, 903]",T039_70,2.6,T039_70:2.6;T066:2.2;Shingles:2.2;Compass:2.2;Sunflower:2.2,1,,,
2026-10-10T12:28:16,20261010-122813-ec0b8f,identify,combined,IMG_3119.heic,"[227, 114, 695, 903]",Shingles,0.388,Shingles:0.388;D.E.P.:0.372;Esther:0.347;Bubbles:0.346;Compass:0.326,0,,,
2026-10-10T12:28:16,20261010-122813-ec0b8f,identify,full,IMG_3119.heic,,Faded_Flower,0.503,Faded_Flower:0.503;Strobe_II:0.414;D.E.P.:0.394;T104:0.392;Cruella:0.38,0,,,
2026-10-10T12:28:16,20261010-122813-ec0b8f,identify,crop,IMG_3119.heic,"[227, 114, 695, 903]",D.E.P.,0.46,D.E.P.:0.46;Bubbles:0.402;Cruella:0.382;Strobe_II:0.327;Compass:0.317,0,,,
2026-10-10T12:28:16,20261010-122813-ec0b8f,identify,tight,IMG_3119.heic,"[227, 114, 695, 903]",Shingles,0.608,Shingles:0.608;Emoji:0.557;D.E.P.:0.524;Jazzy:0.516;T104:0.488,0,,,
2026-10-10T12:28:19,20261010-122816-fa64eb,identify,best,IMG_3120.heic,,Rooster_II,1.08,Rooster_II:1.08;Jigsaw:1.07;Shingles:1.06;T022_23:1.01;Cruella:0.99,1,,,spot 1.2
2026-10-10T12:28:19,20261010-122816-fa64eb,identify,sift,IMG_3120.heic,"[260, 93, 762, 843]",Jigsaw,1.5,Jigsaw:1.5;Chopsticks:1.2;T022_23:1.2;Rooster_II:1.2;T045:0.9,1,,,
2026-10-10T12:28:19,20261010-122816-fa64eb,identify,combined,IMG_3120.heic,"[260, 93, 762, 843]",Emoji,0.413,Emoji:0.413;D.E.P.:0.404;Shingles:0.404;Bubbles:0.36;Cruella:0.34,0,,,
2026-10-10T12:28:19,20261010-122816-fa64eb,identify,full,IMG_3120.heic,,Shingles,0.498,Shingles:0.498;D.E.P.:0.436;Faded_Flower:0.434;T104:0.434;Cruella:0.428,0,,,
2026-10-10T12:28:19,20261010-122816-fa64eb,identify,crop,IMG_3120.heic,"[260, 93, 762, 843]",Shingles,0.562,Shingles:0.562;D.E.P.:0.507;T104:0.451;Esther:0.447;Lotus:0.438,0,,,
2026-10-10T12:28:19,20261010-122816-fa64eb,identify,tight,IMG_3120.heic,"[260, 93, 762, 843]",Rooster_II,0.702,Rooster_II:0.702;Emoji:0.59;Shingles:0.588;D.E.P.:0.561;Esther:0.533,0,,,
2026-10-10T12:28:22,20261010-122819-e53692,identify,best,IMG_3121.heic,,Compass,0.94,Compass:0.94;Cruella:0.85;T122:0.8;D.E.P.:0.76;Sunflower:0.75,1,,,spot 0.7
2026-10-10T12:28:22,20261010-122819-e53692,identify,sift,IMG_3121.heic,"[63, 76, 903, 936]",Sunflower,0.7,Sunflower:0.7;Lotus:0.7;T066:0.7;T039_70:0.7;Compass:0.7,1,,,
2026-10-10T12:28:22,20261010-122819-e53692,identify,combined,IMG_3121.heic,"[63, 76, 903, 936]",T122,0.418,T122:0.418;Compass:0.41;Strobe_II:0.399;D.E.P.:0.381;Faded_Flower:0.367,0,,,
2026-10-10T12:28:22,20261010-122819-e53692,identify,full,IMG_3121.heic,,Faded_Flower,0.473,Faded_Flower:0.473;Sunflower:0.45;Strobe_II:0.447;Compass:0.35;T122:0.35,0,,,
2026-10-10T12:28:22,20261010-122819-e53692,identify,crop,IMG_3121.heic,"[63, 76, 903, 936]",T122,0.479,T122:0.479;D.E.P.:0.468;Cruella:0.455;Rooster_II:0.411;Faded_Flower:0.407,0,,,
2026-10-10T12:28:22,20261010-122819-e53692,identify,tight,IMG_3121.heic,"[63, 76, 903, 936]",D.E.P.,0.493,D.E.P.:0.493;Emoji:0.488;Fist:0.47;T122:0.461;Wishbone:0.459,0,,,
2026-10-10T12:28:24,20261010-122822-44803e,identify,best,IMG_3122.HEIC,,Jigsaw,1.27,Jigsaw:1.27;Spikey:1.27;Compass:1.17;Cruella:1.11;D.E.P.:1.06,1,,,spot 2.1
2026-10-10T12:28:24,20261010-122822-44803e,identify,sift,IMG_3122.HEIC,"[223, 154, 792, 881]",Jigsaw,2.1,Jigsaw:2.1;Spikey:1.8;Chopsticks:1.4;Compass:1.4;T117:1.4,1,,,
2026-10-10T12:28:24,20261010-122822-44803e,identify,combined,IMG_3122.HEIC,"[223, 154, 792, 881]",Cruella,0.385,Cruella:0.385;Strobe_II:0.379;D.E.P.:0.342;Faded_Flower:0.341;Emoji:0.325,0,,,
2026-10-10T12:28:24,20261010-122822-44803e,identify,full,IMG_3122.HEIC,,Faded_Flower,0.538,Faded_Flower:0.538;Sunflower:0.478;Cruella:0.44;Fist:0.412;Compass:0.373,0,,,
2026-10-10T12:28:24,20261010-122822-44803e,identify,crop,IMG_3122.HEIC,"[223, 154, 792, 881]",Strobe_II,0.406,Strobe_II:0.406;D.E.P.:0.391;Cruella:0.385;Compass:0.38;Glyph:0.36,0,,,
2026-10-10T12:28:24,20261010-122822-44803e,identify,tight,IMG_3122.HEIC,"[223, 154, 792, 881]",Cruella,0.519,Cruella:0.519;Wishbone:0.485;D.E.P.:0.483;Rooster_II:0.483;Emoji:0.473,0,,,
2026-10-10T12:28:27,20261010-122824-71ca43,identify,best,IMG_3123.HEIC,,Cruella,1.37,Cruella:1.37;Spikey:1.1;Compass:1.04;Shingles:1.03;T117:1.01,1,,,spot 1.5
2026-10-10T12:28:27,20261010-122824-71ca43,identify,sift,IMG_3123.HEIC,"[253, 117, 760, 897]",T117,1.5,T117:1.5;Spikey:1.5;Cruella:1.5;Jigsaw:1.2;T039_70:1.2,1,,,
2026-10-10T12:28:27,20261010-122824-71ca43,identify,combined,IMG_3123.HEIC,"[253, 117, 760, 897]",Cruella,0.45,Cruella:0.45;D.E.P.:0.418;Shingles:0.388;Faded_Flower:0.369;Emoji:0.338,0,,,
2026-10-10T12:28:27,20261010-122824-71ca43,identify,full,IMG_3123.HEIC,,Cruella,0.518,Cruella:0.518;Faded_Flower:0.48;Glyph:0.388;T104:0.37;Bubbles:0.355,0,,,
2026-10-10T12:28:27,20261010-122824-71ca43,identify,crop,IMG_3123.HEIC,"[253, 117, 760, 897]",D.E.P.,0.448,D.E.P.:0.448;Faded_Flower:0.422;Bubbles:0.405;Cruella:0.403;Stilts:0.4,0,,,
2026-10-10T12:28:27,20261010-122824-71ca43,identify,tight,IMG_3123.HEIC,"[253, 117, 760, 897]",Emoji,0.626,Emoji:0.626;Shingles:0.558;D.E.P.:0.544;Rooster_II:0.542;Wishbone:0.537,0,,,
2026-10-10T12:28:29,20261010-122827-63101e,identify,best,IMG_3124.HEIC,,Cruella,0.78,Cruella:0.78;D.E.P.:0.58;T117:0.57;Glyph:0.56;T122:0.54,1,,,spot 0.5
2026-10-10T12:28:29,20261010-122827-63101e,identify,sift,IMG_3124.HEIC,"[363, 318, 839, 663]",Cruella,0.5,Cruella:0.5;Flower:0.5;Jigsaw:0.4;T117:0.4;Glyph:0.4,1,,,
2026-10-10T12:28:29,20261010-122827-63101e,identify,combined,IMG_3124.HEIC,"[363, 318, 839, 663]",D.E.P.,0.386,D.E.P.:0.386;Cruella:0.359;Emoji:0.344;Stilts:0.339;Compass:0.328,0,,,
2026-10-10T12:28:29,20261010-122827-63101e,identify,full,IMG_3124.HEIC,,Sunflower,0.638,Sunflower:0.638;T026:0.534;Lotus:0.531;T117:0.478;T122:0.42,0,,,
2026-10-10T12:28:29,20261010-122827-63101e,identify,crop,IMG_3124.HEIC,"[363, 318, 839, 663]",D.E.P.,0.509,D.E.P.:0.509;Jazzy:0.505;Cruella:0.49;T039_70:0.457;T026:0.385,0,,,
2026-10-10T12:28:29,20261010-122827-63101e,identify,tight,IMG_3124.HEIC,"[363, 318, 839, 663]",D.E.P.,0.522,D.E.P.:0.522;Compass:0.484;Cruella:0.358;Rooster_II:0.356;Strobe:0.341,0,,,
2026-10-10T12:28:32,20261010-122829-e99d8b,identify,best,IMG_3189.HEIC,,Flower,2.46,Flower:2.46;Sunflower:0.9;Cruella:0.78;T117:0.77;Compass:0.75,0,,,spot 5.9
2026-10-10T12:28:32,20261010-122829-e99d8b,identify,sift,IMG_3189.HEIC,"[183, 215, 762, 862]",Flower,5.9,Flower:5.9;D.E.P.:0.8;Shingles:0.7;Faded_Flower:0.7;Lotus:0.6,0,,,
2026-10-10T12:28:32,20261010-122829-e99d8b,identify,combined,IMG_3189.HEIC,"[183, 215, 762, 862]",Sunflower,0.543,Sunflower:0.543;Flower:0.523;Flower_2:0.5;T117:0.447;Cruella:0.444,0,,,
2026-10-10T12:28:32,20261010-122829-e99d8b,identify,full,IMG_3189.HEIC,,Sunflower,0.725,Sunflower:0.725;T117:0.678;Cruella:0.608;Flower:0.592;Shingles:0.565,0,,,
2026-10-10T12:28:32,20261010-122829-e99d8b,identify,crop,IMG_3189.HEIC,"[183, 215, 762, 862]",Sunflower,0.778,Sunflower:0.778;Flower:0.605;Cruella:0.559;Strobe:0.506;Compass:0.488,0,,,
2026-10-10T12:28:32,20261010-122829-e99d8b,identify,tight,IMG_3189.HEIC,"[183, 215, 762, 862]",Compass,0.664,Compass:0.664;Sunflower:0.63;Flower_2:0.575;Cruella:0.545;Flower:0.519,0,,,
2026-10-10T12:28:35,20261010-122832-f3a724,identify,best,IMG_3190.HEIC,,Flower,2.64,Flower:2.64;Sunflower:1.13;Compass:0.98;T117:0.77;Faded_Flower:0.71,0,,,spot 7.6
2026-10-10T12:28:35,20261010-122832-f3a724,identify,sift,IMG_3190.HEIC,"[250, 227, 888, 910]",Flower,7.6,Flower:7.6;Compass:0.9;Sunflower:0.7;Strobe_II:0.7;Bubbles:0.7,0,,,
2026-10-10T12:28:35,20261010-122832-f3a724,identify,combined,IMG_3190.HEIC,"[250, 227, 888, 910]",Sunflower,0.596,Sunflower:0.596;Flower:0.487;T117:0.408;Jigsaw:0.393;Strobe:0.379,0,,,
2026-10-10T12:28:35,20261010-122832-f3a724,identify,full,IMG_3190.HEIC,,Sunflower,0.809,Sunflower:0.809;T117:0.574;Jigsaw:0.543;Flower:0.541;Cruella:0.537,0,,,
2026-10-10T12:28:35,20261010-122832-f3a724,identify,crop,IMG_3190.HEIC,"[250, 227, 888, 910]",Sunflower,0.77,Sunflower:0.77;Flower:0.636;Strobe:0.614;Cruella:0.533;T117:0.484,0,,,
2026-10-10T12:28:35,20261010-122832-f3a724,identify,tight,IMG_3190.HEIC,"[250, 227, 888, 910]",Sunflower,0.591,Sunflower:0.591;Jigsaw:0.578;Flower:0.511;Strobe:0.491;Compass:0.479,0,,,
2026-10-10T12:28:39,20261010-122835-7e3299,identify,best,IMG_3191.HEIC,,Flower,1.66,Flower:1.66;Sunflower:1.53;Chopsticks:1.34;Compass:1.22;Esther:1.1,1,,,spot 2.2
2026-10-10T12:28:39,20261010-122835-7e3299,identify,sift,IMG_3191.HEIC,"[414, 294, 866, 758]",Flower,2.2,Flower:2.2;Chopsticks:2.2;Sunflower:2.1;Esther:1.6;T066:1.5,1,,,
2026-10-10T12:28:39,20261010-122835-7e3299,identify,combined,IMG_3191.HEIC,"[414, 294, 866, 758]",Flower,0.512,Flower:0.512;Strobe:0.476;Flower_2:0.423;Sunflower:0.405;Lotus:0.355,0,,,
2026-10-10T12:28:39,20261010-122835-7e3299,identify,full,IMG_3191.HEIC,,Sunflower,0.552,Sunflower:0.552;Flower_2:0.479;Flower:0.446;Strobe:0.408;Jigsaw:0.381,0,,,
2026-10-10T12:28:39,20261010-122835-7e3299,identify,crop,IMG_3191.HEIC,"[414, 294, 866, 758]",Flower,0.564,Flower:0.564;T022_23:0.467;Flower_2:0.456;T044:0.428;Sunflower:0.416,0,,,
2026-10-10T12:28:39,20261010-122835-7e3299,identify,tight,IMG_3191.HEIC,"[414, 294, 866, 758]",Strobe,0.727,Strobe:0.727;Sunflower:0.713;Flower:0.684;Jigsaw:0.64;Flower_2:0.604,0,,,
2026-10-10T12:28:42,20261010-122839-421fda,identify,best,IMG_3192.HEIC,,Flower,1.42,Flower:1.42;Chopsticks:1.24;Compass:1.1;Sunflower:1.01;Cruella:0.88,1,,,spot 1.4
2026-10-10T12:28:42,20261010-122839-421fda,identify,sift,IMG_3192.HEIC,"[155, 250, 725, 686]",Chopsticks,2.2,Chopsticks:2.2;Flower:1.4;Compass:1.1;Bubbles:0.9;Strobe_II:0.9,1,,,
2026-10-10T12:28:42,20261010-122839-421fda,identify,combined,IMG_3192.HEIC,"[155, 250, 725, 686]",Flower,0.556,Flower:0.556;Sunflower:0.499;Flower_2:0.392;T117:0.379;Compass:0.355,0,,,
2026-10-10T12:28:42,20261010-122839-421fda,identify,full,IMG_3192.HEIC,,Sunflower,0.698,Sunflower:0.698;Flower:0.59;Cruella:0.558;T117:0.547;Jigsaw:0.502,0,,,
2026-10-10T12:28:42,20261010-122839-421fda,identify,crop,IMG_3192.HEIC,"[155, 250, 725, 686]",Sunflower,0.728,Sunflower:0.728;Cruella:0.665;Flower:0.57;T039_70:0.469;Strobe:0.438,0,,,
2026-10-10T12:28:42,20261010-122839-421fda,identify,tight,IMG_3192.HEIC,"[155, 250, 725, 686]",Flower,0.645,Flower:0.645;Strobe:0.63;Sunflower:0.63;Flower_2:0.601;Jigsaw:0.562,0,,,
2026-10-10T12:28:45,20261010-122842-2758e0,identify,best,IMG_3193.HEIC,,Flower,1.45,Flower:1.45;Compass:1.07;Sunflower:1.05;Jigsaw:0.81;T117:0.75,1,,,spot 1.3
2026-10-10T12:28:45,20261010-122842-2758e0,identify,sift,IMG_3193.HEIC,"[336, 222, 905, 622]",Flower,1.3,Flower:1.3;Compass:0.9;Chopsticks:0.9;Spikey:0.8;Fist:0.7,1,,,
2026-10-10T12:28:45,20261010-122842-2758e0,identify,combined,IMG_3193.HEIC,"[336, 222, 905, 622]",Flower,0.603,Flower:0.603;Sunflower:0.588;Compass:0.439;T039_70:0.407;Jigsaw:0.394,0,,,
2026-10-10T12:28:45,20261010-122842-2758e0,identify,full,IMG_3193.HEIC,,Jigsaw,0.691,Jigsaw:0.691;Sunflower:0.678;Strobe:0.61;Cruella:0.563;Flower:0.552,0,,,
2026-10-10T12:28:45,20261010-122842-2758e0,identify,crop,IMG_3193.HEIC,"[336, 222, 905, 622]",Sunflower,0.771,Sunflower:0.771;Flower:0.661;Cruella:0.615;Strobe:0.544;Jigsaw:0.497,0,,,
2026-10-10T12:28:45,20261010-122842-2758e0,identify,tight,IMG_3193.HEIC,"[336, 222, 905, 622]",Sunflower,0.743,Sunflower:0.743;Flower:0.715;Strobe:0.691;Jigsaw:0.682;Flower_2:0.63,0,,,
2026-10-10T12:28:49,20261010-122845-4f9f74,identify,best,IMG_3194.HEIC,,Flower,1.64,Flower:1.64;Sunflower:1.22;Compass:1.09;T117:0.98;Shingles:0.86,1,,,spot 1.8
2026-10-10T12:28:49,20261010-122845-4f9f74,identify,sift,IMG_3194.HEIC,"[161, 286, 865, 702]",Flower,1.8,Flower:1.8;Fist:1.0;Compass:0.9;Chopsticks:0.9;Shingles:0.8,1,,,
2026-10-10T12:28:49,20261010-122845-4f9f74,identify,combined,IMG_3194.HEIC,"[161, 286, 865, 702]",Sunflower,0.724,Sunflower:0.724;Flower:0.609;Compass:0.441;T117:0.431;Cruella:0.332,0,,,
2026-10-10T12:28:49,20261010-122845-4f9f74,identify,full,IMG_3194.HEIC,,Sunflower,0.665,Sunflower:0.665;Jigsaw:0.646;Flower:0.586;Lotus:0.558;Strobe:0.529,0,,,
2026-10-10T12:28:49,20261010-122845-4f9f74,identify,crop,IMG_3194.HEIC,"[161, 286, 865, 702]",Sunflower,0.785,Sunflower:0.785;Flower:0.66;Cruella:0.655;Strobe:0.531;Jigsaw:0.51,0,,,
2026-10-10T12:28:49,20261010-122845-4f9f74,identify,tight,IMG_3194.HEIC,"[161, 286, 865, 702]",Sunflower,0.744,Sunflower:0.744;Flower:0.7;Jigsaw:0.597;Strobe:0.591;Flower_2:0.553,0,,,
2026-10-10T12:28:52,20261010-122849-771902,identify,best,IMG_3195.HEIC,,Flower,1.9,Flower:1.9;Compass:1.09;Chopsticks:0.94;Sunflower:0.9;T117:0.85,1,,,spot 3.0
2026-10-10T12:28:52,20261010-122849-771902,identify,sift,IMG_3195.HEIC,"[238, 338, 611, 693]",Flower,3.0,Flower:3.0;Chopsticks:1.5;Compass:0.9;T117:0.7;D.E.P.:0.6,1,,,
2026-10-10T12:28:52,20261010-122849-771902,identify,combined,IMG_3195.HEIC,"[238, 338, 611, 693]",Sunflower,0.577,Sunflower:0.577;Flower:0.524;Compass:0.464;Jigsaw:0.378;Cruella:0.342,0,,,
2026-10-10T12:28:52,20261010-122849-771902,identify,full,IMG_3195.HEIC,,Sunflower,0.632,Sunflower:0.632;Strobe:0.615;Jigsaw:0.595;T117:0.549;Cruella:0.523,0,,,
2026-10-10T12:28:52,20261010-122849-771902,identify,crop,IMG_3195.HEIC,"[238, 338, 611, 693]",Sunflower,0.758,Sunflower:0.758;Cruella:0.631;Flower:0.62;Strobe:0.561;Jigsaw:0.507,0,,,
2026-10-10T12:28:52,20261010-122849-771902,identify,tight,IMG_3195.HEIC,"[238, 338, 611, 693]",Sunflower,0.75,Sunflower:0.75;Jigsaw:0.652;Strobe:0.63;Flower:0.63;Compass:0.592,0,,,
2026-10-10T12:28:55,20261010-122852-4e6770,identify,best,IMG_3196.HEIC,,Flower,2.28,Flower:2.28;Shingles:1.07;Sunflower:1.04;Cruella:0.75;Jigsaw:0.73,0,,,spot 4.7
2026-10-10T12:28:55,20261010-122852-4e6770,identify,sift,IMG_3196.HEIC,"[235, 266, 819, 662]",Flower,4.7,Flower:4.7;Shingles:1.2;Fist:0.6;Chopsticks:0.6;Sunflower:0.5,0,,,
2026-10-10T12:28:55,20261010-122852-4e6770,identify,combined,IMG_3196.HEIC,"[235, 266, 819, 662]",Sunflower,0.603,Sunflower:0.603;Flower:0.544;T117:0.442;Cruella:0.409;Compass:0.379,0,,,
2026-10-10T12:28:55,20261010-122852-4e6770,identify,full,IMG_3196.HEIC,,Sunflower,0.735,Sunflower:0.735;Strobe:0.619;Jigsaw:0.602;Flower:0.584;T117:0.552,0,,,
2026-10-10T12:28:55,20261010-122852-4e6770,identify,crop,IMG_3196.HEIC,"[235, 266, 819, 662]",Sunflower,0.771,Sunflower:0.771;Cruella:0.674;Flower:0.651;T026:0.542;Jigsaw:0.517,0,,,
2026-10-10T12:28:55,20261010-122852-4e6770,identify,tight,IMG_3196.HEIC,"[235, 266, 819, 662]",Flower,0.689,Flower:0.689;Sunflower:0.608;Jigsaw:0.55;T117:0.548;Strobe:0.518,0,,,
2026-10-10T12:28:59,20261010-122855-e5489a,identify,best,IMG_3197.HEIC,,Esther,0.65,Esther:0.65;Flower:0.52;Spikey:0.5;Shingles:0.48;Bubbles:0.43,1,,,spot 0.2
2026-10-10T12:28:59,20261010-122855-e5489a,identify,sift,IMG_3197.HEIC,"[369, 329, 670, 706]",Flower,0.3,Flower:0.3;Shingles:0.3;Rooster_II:0.2;Bubbles:0.2;Spikey:0.2,1,,,
2026-10-10T12:28:59,20261010-122855-e5489a,identify,combined,IMG_3197.HEIC,"[369, 329, 670, 706]",Esther,0.47,Esther:0.47;Spikey:0.307;Emoji:0.293;Jigsaw:0.292;Compass:0.29,0,,,
2026-10-10T12:28:59,20261010-122855-e5489a,identify,full,IMG_3197.HEIC,,Lotus,0.485,Lotus:0.485;T117:0.393;D.E.P.:0.36;Sunflower:0.331;Shingles:0.319,0,,,
2026-10-10T12:28:59,20261010-122855-e5489a,identify,crop,IMG_3197.HEIC,"[369, 329, 670, 706]",Lotus,0.448,Lotus:0.448;Esther:0.398;T026:0.363;Shingles:0.355;Flower:0.324,0,,,
2026-10-10T12:28:59,20261010-122855-e5489a,identify,tight,IMG_3197.HEIC,"[369, 329, 670, 706]",Esther,0.554,Esther:0.554;T117:0.531;Cruella:0.525;Lotus:0.488;Jigsaw:0.44,0,,,
2026-10-10T12:29:01,20261010-122859-c8d0cb,identify,best,IMG_3201.heic,,Chopsticks,1.14,Chopsticks:1.14;Flower:1.09;Compass:1.0;Lotus:0.95;Sunflower:0.85,1,,,spot 1.5
2026-10-10T12:29:01,20261010-122859-c8d0cb,identify,sift,IMG_3201.heic,"[257, 394, 404, 574]",Chopsticks,1.5,Chopsticks:1.5;Lotus:1.0;Flower:0.9;Compass:0.8;Esther:0.7,1,,,
2026-10-10T12:29:01,20261010-122859-c8d0cb,identify,combined,IMG_3201.heic,"[257, 394, 404, 574]",Flower_2,0.507,Flower_2:0.507;Flower:0.47;Compass:0.424;Jigsaw:0.356;Sunflower:0.338,0,,,
2026-10-10T12:29:01,20261010-122859-c8d0cb,identify,full,IMG_3201.heic,,Flower,0.695,Flower:0.695;T117:0.639;Sunflower:0.585;Compass:0.56;Cruella:0.51,0,,,
2026-10-10T12:29:01,20261010-122859-c8d0cb,identify,crop,IMG_3201.heic,"[257, 394, 404, 574]",Flower_2,0.689,Flower_2:0.689;Jigsaw:0.565;Flower:0.521;T117:0.501;Cruella:0.482,0,,,
2026-10-10T12:29:01,20261010-122859-c8d0cb,identify,tight,IMG_3201.heic,"[257, 394, 404, 574]",Strobe,0.689,Strobe:0.689;Sunflower:0.68;Flower_2:0.679;Flower:0.635;Jigsaw:0.577,0,,,
2026-10-10T12:29:04,20261010-122901-da0b32,identify,best,IMG_3202.heic,,Flower,1.62,Flower:1.62;Jigsaw:1.03;T117:0.88;Sunflower:0.84;Cruella:0.77,1,,,spot 2.1
2026-10-10T12:29:04,20261010-122901-da0b32,identify,sift,IMG_3202.heic,"[223, 212, 796, 786]",Flower,2.1,Flower:2.1;Jigsaw:1.0;D.E.P.:0.6;Rooster_II:0.6;T117:0.6,1,,,
2026-10-10T12:29:04,20261010-122901-da0b32,identify,combined,IMG_3202.heic,"[223, 212, 796, 786]",Flower,0.495,Flower:0.495;Compass:0.445;Cruella:0.443;Sunflower:0.425;T117:0.423,0,,,
2026-10-10T12:29:04,20261010-122901-da0b32,identify,full,IMG_3202.heic,,T117,0.75,T117:0.75;Compass:0.729;Sunflower:0.635;Flower:0.625;Shingles:0.551,0,,,
2026-10-10T12:29:04,20261010-122901-da0b32,identify,crop,IMG_3202.heic,"[223, 212, 796, 786]",Compass,0.682,Compass:0.682;Flower:0.671;Sunflower:0.567;T117:0.516;Cruella:0.494,0,,,
2026-10-10T12:29:04,20261010-122901-da0b32,identify,tight,IMG_3202.heic,"[223, 212, 796, 786]",T117,0.655,T117:0.655;Sunflower:0.618;Compass:0.539;Flower:0.536;Cruella:0.531,0,,,
2026-10-10T12:29:07,20261010-122904-c76d56,identify,best,IMG_3203.heic,,Flower,2.11,Flower:2.11;T117:1.16;T066:0.9;Sunflower:0.88;Chopsticks:0.74,0,,,spot 4.0
2026-10-10T12:29:07,20261010-122904-c76d56,identify,sift,IMG_3203.heic,"[128, 126, 826, 816]",Flower,4.0,Flower:4.0;T066:0.9;Chopsticks:0.9;T117:0.7;T039_70:0.6,0,,,
2026-10-10T12:29:07,20261010-122904-c76d56,identify,combined,IMG_3203.heic,"[128, 126, 826, 816]",T117,0.643,T117:0.643;Flower:0.508;Sunflower:0.504;Shingles:0.39;Cruella:0.366,0,,,
2026-10-10T12:29:07,20261010-122904-c76d56,identify,full,IMG_3203.heic,,Compass,0.645,Compass:0.645;Flower:0.598;T117:0.598;Jigsaw:0.594;Sunflower:0.572,0,,,
2026-10-10T12:29:07,20261010-122904-c76d56,identify,crop,IMG_3203.heic,"[128, 126, 826, 816]",Flower,0.711,Flower:0.711;T117:0.67;Sunflower:0.622;Compass:0.534;Jigsaw:0.507,0,,,
2026-10-10T12:29:07,20261010-122904-c76d56,identify,tight,IMG_3203.heic,"[128, 126, 826, 816]",T117,0.625,T117:0.625;Sunflower:0.595;Flower:0.585;Cruella:0.523;Compass:0.446,0,,,
2026-10-10T12:29:09,20261010-122907-da00b5,identify,best,IMG_3204.heic,,Flower,1.9,Flower:1.9;T117:0.97;Shingles:0.9;Cruella:0.86;Sunflower:0.86,1,,,spot 2.4
2026-10-10T12:29:09,20261010-122907-da00b5,identify,sift,IMG_3204.heic,"[0, 263, 780, 975]",Flower,2.4,Flower:2.4;T066:0.8;Rooster_II:0.8;Shingles:0.7;Bubbles:0.7,1,,,
2026-10-10T12:29:09,20261010-122907-da00b5,identify,combined,IMG_3204.heic,"[0, 263, 780, 975]",Flower,0.666,Flower:0.666;T117:0.511;Cruella:0.479;Sunflower:0.472;Compass:0.405,0,,,
2026-10-10T12:29:09,20261010-122907-da00b5,identify,full,IMG_3204.heic,,T117,0.75,T117:0.75;Sunflower:0.711;Compass:0.704;Flower:0.675;Cruella:0.606,0,,,
2026-10-10T12:29:09,20261010-122907-da00b5,identify,crop,IMG_3204.heic,"[0, 263, 780, 975]",Flower,0.833,Flower:0.833;T117:0.615;Sunflower:0.568;Compass:0.55;Jigsaw:0.51,0,,,
2026-10-10T12:29:09,20261010-122907-da00b5,identify,tight,IMG_3204.heic,"[0, 263, 780, 975]",Cruella,0.693,Cruella:0.693;Flower:0.661;Sunflower:0.634;T117:0.604;Compass:0.588,0,,,
2026-10-10T12:29:12,20261010-122910-c64a0a,identify,best,IMG_3205.HEIC,,Jigsaw,0.91,Jigsaw:0.91;T117:0.87;Cruella:0.83;Esther:0.71;Lotus:0.58,1,,,spot 0.5
2026-10-10T12:29:12,20261010-122910-c64a0a,identify,sift,IMG_3205.HEIC,"[444, 492, 513, 568]",T117,0.6,T117:0.6;Jigsaw:0.5;Shingles:0.5;Flower:0.4;Cruella:0.4,1,,,
2026-10-10T12:29:12,20261010-122910-c64a0a,identify,combined,IMG_3205.HEIC,"[444, 492, 513, 568]",Cruella,0.507,Cruella:0.507;Jigsaw:0.487;Esther:0.473;T117:0.404;Lotus:0.347,0,,,
2026-10-10T12:29:12,20261010-122910-c64a0a,identify,full,IMG_3205.HEIC,,T117,0.522,T117:0.522;Jigsaw:0.428;Lotus:0.409;Shingles:0.394;Cruella:0.343,0,,,
2026-10-10T12:29:12,20261010-122910-c64a0a,identify,crop,IMG_3205.HEIC,"[444, 492, 513, 568]",Cruella,0.754,Cruella:0.754;Jazzy:0.639;Jigsaw:0.606;Flower_2:0.582;Esther:0.571,0,,,
2026-10-10T12:29:12,20261010-122910-c64a0a,identify,tight,IMG_3205.HEIC,"[444, 492, 513, 568]",Jigsaw,0.728,Jigsaw:0.728;T117:0.717;Cruella:0.686;Esther:0.667;Lotus:0.519,0,,,
2026-10-10T12:29:15,20261010-122912-855a51,identify,best,IMG_3207.HEIC,,Flower,1.71,Flower:1.71;Sunflower:0.93;T117:0.91;Cruella:0.83;Compass:0.73,1,,,spot 2.9
2026-10-10T12:29:15,20261010-122912-855a51,identify,sift,IMG_3207.HEIC,"[128, 155, 786, 880]",Flower,2.9,Flower:2.9;Aztec:0.6;T117:0.6;Cruella:0.5;Spikey:0.5,1,,,
2026-10-10T12:29:15,20261010-122912-855a51,identify,combined,IMG_3207.HEIC,"[128, 155, 786, 880]",Sunflower,0.627,Sunflower:0.627;T117:0.459;Cruella:0.417;Compass:0.399;Flower:0.352,0,,,
2026-10-10T12:29:15,20261010-122912-855a51,identify,full,IMG_3207.HEIC,,Sunflower,0.694,Sunflower:0.694;Cruella:0.646;T026:0.494;Compass:0.492;Jigsaw:0.491,0,,,
2026-10-10T12:29:15,20261010-122912-855a51,identify,crop,IMG_3207.HEIC,"[128, 155, 786, 880]",Sunflower,0.728,Sunflower:0.728;Cruella:0.599;Jigsaw:0.506;T122:0.497;T026:0.488,0,,,
2026-10-10T12:29:15,20261010-122912-855a51,identify,tight,IMG_3207.HEIC,"[128, 155, 786, 880]",Sunflower,0.62,Sunflower:0.62;T117:0.567;Cruella:0.496;Flower:0.484;Compass:0.442,0,,,
2026-10-10T12:29:17,20261010-122915-85a213,identify,best,IMG_3208.HEIC,,Flower,1.69,Flower:1.69;Shingles:0.89;Sunflower:0.79;T117:0.76;Lotus:0.69,1,,,spot 2.5
2026-10-10T12:29:17,20261010-122915-85a213,identify,sift,IMG_3208.HEIC,"[39, 143, 680, 843]",Flower,2.5,Flower:2.5;Shingles:0.6;Spikey:0.5;T039_70:0.5;Chopsticks:0.4,1,,,
2026-10-10T12:29:17,20261010-122915-85a213,identify,combined,IMG_3208.HEIC,"[39, 143, 680, 843]",Sunflower,0.466,Sunflower:0.466;T117:0.441;Flower:0.43;Shingles:0.426;Compass:0.398,0,,,
2026-10-10T12:29:17,20261010-122915-85a213,identify,full,IMG_3208.HEIC,,Sunflower,0.716,Sunflower:0.716;Cruella:0.669;Compass:0.561;Jigsaw:0.519;T026:0.513,0,,,
2026-10-10T12:29:17,20261010-122915-85a213,identify,crop,IMG_3208.HEIC,"[39, 143, 680, 843]",Sunflower,0.663,Sunflower:0.663;Flower:0.567;Cruella:0.538;Jigsaw:0.478;T117:0.426,0,,,
2026-10-10T12:29:17,20261010-122915-85a213,identify,tight,IMG_3208.HEIC,"[39, 143, 680, 843]",Flower,0.628,Flower:0.628;Sunflower:0.614;Compass:0.573;Strobe:0.568;T117:0.463,0,,,
2026-10-10T12:29:20,20261010-122917-1a3b2e,identify,best,IMG_3212.HEIC,,Cruella,0.91,Cruella:0.91;T117:0.89;Jigsaw:0.89;Flower:0.82;Esther:0.81,1,,,spot 0.7
2026-10-10T12:29:20,20261010-122917-1a3b2e,identify,sift,IMG_3212.HEIC,"[706, 212, 738, 263]",T117,0.9,T117:0.9;Flower:0.9;Faded_Flower:0.7;Jigsaw:0.7;T016:0.7,1,,,
2026-10-10T12:29:20,20261010-122917-1a3b2e,identify,combined,IMG_3212.HEIC,"[706, 212, 738, 263]",Esther,0.612,Esther:0.612;Cruella:0.408;Jigsaw:0.385;Lotus:0.345;T117:0.263,0,,,
2026-10-10T12:29:20,20261010-122917-1a3b2e,identify,full,IMG_3212.HEIC,,Shingles,0.33,Shingles:0.33;Lotus:0.304;T117:0.275;Chopsticks:0.252;T104:0.245,0,,,
2026-10-10T12:29:20,20261010-122917-1a3b2e,identify,crop,IMG_3212.HEIC,"[706, 212, 738, 263]",Esther,0.675,Esther:0.675;Cruella:0.621;Jigsaw:0.566;Flower_2:0.525;Flower:0.522,0,,,
2026-10-10T12:29:20,20261010-122917-1a3b2e,identify,tight,IMG_3212.HEIC,"[706, 212, 738, 263]",Esther,0.678,Esther:0.678;Jigsaw:0.639;Cruella:0.57;T117:0.526;Lotus:0.496,0,,,
2026-10-10T12:29:22,20261010-122920-c68d90,identify,best,IMG_3213.HEIC,,Esther,1.18,Esther:1.18;Cruella:1.14;Jigsaw:1.09;Lotus:0.83;T117:0.72,1,,,spot 0.7
2026-10-10T12:29:22,20261010-122920-c68d90,identify,sift,IMG_3213.HEIC,"[837, 185, 869, 227]",Jigsaw,1.2,Jigsaw:1.2;Aztec:0.9;Cruella:0.9;Chopsticks:0.7;Jazzy:0.7,1,,,
2026-10-10T12:29:22,20261010-122920-c68d90,identify,combined,IMG_3213.HEIC,"[837, 185, 869, 227]",Esther,0.655,Esther:0.655;Cruella:0.483;Lotus:0.444;Jigsaw:0.322;Shingles:0.275,0,,,
2026-10-10T12:29:22,20261010-122920-c68d90,identify,full,IMG_3213.HEIC,,Shingles,0.331,Shingles:0.331;Lotus:0.322;Chopsticks:0.299;T104:0.278;T045:0.267,0,,,
2026-10-10T12:29:22,20261010-122920-c68d90,identify,crop,IMG_3213.HEIC,"[837, 185, 869, 227]",Esther,0.719,Esther:0.719;Cruella:0.52;Flower:0.385;Jigsaw:0.378;Shingles:0.345,0,,,
2026-10-10T12:29:22,20261010-122920-c68d90,identify,tight,IMG_3213.HEIC,"[837, 185, 869, 227]",Esther,0.702,Esther:0.702;Jigsaw:0.687;Cruella:0.63;T117:0.535;Lotus:0.494,0,,,
2026-10-10T12:29:25,20261010-122922-fd73f0,identify,best,IMG_3214.HEIC,,Flower,1.33,Flower:1.33;Jigsaw:1.22;Esther:0.81;Cruella:0.78;Spikey:0.75,1,,,spot 1.7
2026-10-10T12:29:25,20261010-122922-fd73f0,identify,sift,IMG_3214.HEIC,"[655, 492, 747, 608]",Flower,1.7,Flower:1.7;Jigsaw:1.4;Chopsticks:0.9;Spikey:0.8;Glyph:0.8,1,,,
2026-10-10T12:29:25,20261010-122922-fd73f0,identify,combined,IMG_3214.HEIC,"[655, 492, 747, 608]",Flower_2,0.441,Flower_2:0.441;T117:0.369;Lotus:0.364;Cruella:0.36;Jigsaw:0.35,0,,,
2026-10-10T12:29:25,20261010-122922-fd73f0,identify,full,IMG_3214.HEIC,,T117,0.413,T117:0.413;Lotus:0.411;Cruella:0.374;Bubbles:0.373;Jigsaw:0.361,0,,,
2026-10-10T12:29:25,20261010-122922-fd73f0,identify,crop,IMG_3214.HEIC,"[655, 492, 747, 608]",Flower_2,0.63,Flower_2:0.63;Cruella:0.626;Jigsaw:0.603;Flower:0.554;T117:0.553,0,,,
2026-10-10T12:29:25,20261010-122922-fd73f0,identify,tight,IMG_3214.HEIC,"[655, 492, 747, 608]",Jigsaw,0.734,Jigsaw:0.734;Cruella:0.589;Flower_2:0.58;Lotus:0.563;T117:0.562,0,,,
2026-10-10T12:29:29,20261010-122925-c64af0,identify,best,IMG_3217.HEIC,,T122,0.72,T122:0.72;T117:0.71;Cruella:0.71;Sunflower:0.69;Lotus:0.69,1,,,spot 0.7
2026-10-10T12:29:29,20261010-122925-c64af0,identify,sift,IMG_3217.HEIC,"[291, 203, 861, 800]",T122,0.7,T122:0.7;T044:0.6;Rooster_II:0.5;Bubbles:0.5;Shingles:0.5,1,,,
2026-10-10T12:29:29,20261010-122925-c64af0,identify,combined,IMG_3217.HEIC,"[291, 203, 861, 800]",T117,0.458,T117:0.458;Sunflower:0.435;Flower:0.375;Jigsaw:0.352;Cruella:0.343,0,,,
2026-10-10T12:29:29,20261010-122925-c64af0,identify,full,IMG_3217.HEIC,,Sunflower,0.615,Sunflower:0.615;Cruella:0.525;Jigsaw:0.52;Flower_2:0.425;T026:0.411,0,,,
2026-10-10T12:29:29,20261010-122925-c64af0,identify,crop,IMG_3217.HEIC,"[291, 203, 861, 800]",Sunflower,0.593,Sunflower:0.593;Cruella:0.428;Faded_Flower:0.407;Flower:0.404;Compass:0.379,0,,,
2026-10-10T12:29:29,20261010-122925-c64af0,identify,tight,IMG_3217.HEIC,"[291, 203, 861, 800]",Sunflower,0.633,Sunflower:0.633;Strobe:0.628;Flower:0.612;Lotus:0.57;Jigsaw:0.524,0,,,
2026-10-10T12:29:32,20261010-122929-1b3d90,identify,best,IMG_3218.HEIC,,Jigsaw,0.97,Jigsaw:0.97;Compass:0.92;T117:0.89;Cruella:0.87;Sunflower:0.81,1,,,spot 1.3
2026-10-10T12:29:32,20261010-122929-1b3d90,identify,sift,IMG_3218.HEIC,"[239, 146, 859, 876]",Jigsaw,1.3,Jigsaw:1.3;Strobe:1.1;Cruella:0.9;Compass:0.9;Shingles:0.7,1,,,
2026-10-10T12:29:32,20261010-122929-1b3d90,identify,combined,IMG_3218.HEIC,"[239, 146, 859, 876]",T066,0.392,T066:0.392;T117:0.38;Sunflower:0.3;Flower:0.292;Compass:0.288,0,,,
2026-10-10T12:29:32,20261010-122929-1b3d90,identify,full,IMG_3218.HEIC,,Faded_Flower,0.641,Faded_Flower:0.641;T066:0.604;Sunflower:0.572;Flower:0.544;Bubbles:0.514,0,,,
2026-10-10T12:29:32,20261010-122929-1b3d90,identify,crop,IMG_3218.HEIC,"[239, 146, 859, 876]",Sunflower,0.543,Sunflower:0.543;Flower:0.538;Bubbles:0.46;T117:0.417;T066:0.408,0,,,
2026-10-10T12:29:32,20261010-122929-1b3d90,identify,tight,IMG_3218.HEIC,"[239, 146, 859, 876]",Emoji,0.475,Emoji:0.475;Flower:0.41;Esther:0.399;Chopsticks:0.395;T066:0.386,0,,,
2026-10-10T12:29:34,20261010-122932-fe9089,identify,best,IMG_3219.HEIC,,Cruella,0.89,Cruella:0.89;T066:0.8;T117:0.73;Flower:0.72;Lotus:0.7,1,,,spot 0.8
2026-10-10T12:29:34,20261010-122932-fe9089,identify,sift,IMG_3219.HEIC,"[174, 184, 739, 786]",T022_23,1.0,T022_23:1.0;Cruella:0.8;Stilts:0.8;Spikey:0.6;Lotus:0.6,1,,,
2026-10-10T12:29:34,20261010-122932-fe9089,identify,combined,IMG_3219.HEIC,"[174, 184, 739, 786]",T066,0.462,T066:0.462;T117:0.397;Flower:0.39;Sunflower:0.351;Compass:0.334,0,,,
2026-10-10T12:29:34,20261010-122932-fe9089,identify,full,IMG_3219.HEIC,,Flower,0.657,Flower:0.657;Faded_Flower:0.546;Strobe_II:0.523;Bubbles:0.498;Cruella:0.479,0,,,
2026-10-10T12:29:34,20261010-122932-fe9089,identify,crop,IMG_3219.HEIC,"[174, 184, 739, 786]",Flower,0.653,Flower:0.653;Cruella:0.576;T117:0.572;Strobe_II:0.482;Fist:0.482,0,,,
2026-10-10T12:29:34,20261010-122932-fe9089,identify,tight,IMG_3219.HEIC,"[174, 184, 739, 786]",Compass,0.499,Compass:0.499;T066:0.477;Flower:0.433;T117:0.43;T122:0.411,0,,,
2026-10-10T12:29:36,20261010-122934-6ad5d9,identify,best,IMG_3220.HEIC,,Flower,0.78,Flower:0.78;Sunflower:0.76;T117:0.76;T066:0.69;Shingles:0.68,1,,,spot 0.4
2026-10-10T12:29:36,20261010-122934-6ad5d9,identify,sift,IMG_3220.HEIC,"[108, 196, 592, 836]",Chopsticks,0.6,Chopsticks:0.6;Wishbone:0.6;Glyph:0.6;D.E.P.:0.6;Esther:0.6,1,,,
2026-10-10T12:29:36,20261010-122934-6ad5d9,identify,combined,IMG_3220.HEIC,"[108, 196, 592, 836]",Flower,0.445,Flower:0.445;Sunflower:0.352;T117:0.345;T066:0.343;Faded_Flower:0.322,0,,,
2026-10-10T12:29:36,20261010-122934-6ad5d9,identify,full,IMG_3220.HEIC,,Faded_Flower,0.62,Faded_Flower:0.62;Flower:0.562;Sunflower:0.544;T066:0.488;Cruella:0.432,0,,,
2026-10-10T12:29:36,20261010-122934-6ad5d9,identify,crop,IMG_3220.HEIC,"[108, 196, 592, 836]",Flower,0.584,Flower:0.584;T117:0.524;Faded_Flower:0.497;Fist:0.413;Shingles:0.412,0,,,
2026-10-10T12:29:36,20261010-122934-6ad5d9,identify,tight,IMG_3220.HEIC,"[108, 196, 592, 836]",Flower,0.553,Flower:0.553;Sunflower:0.528;T117:0.433;T044:0.385;Cruella:0.35,0,,,
2026-10-10T12:29:39,20261010-122936-d2a182,identify,best,IMG_3221.HEIC,,Compass,0.9,Compass:0.9;Shingles:0.89;Sunflower:0.88;T117:0.87;Bubbles:0.86,1,,,spot 1.0
2026-10-10T12:29:39,20261010-122936-d2a182,identify,sift,IMG_3221.HEIC,"[231, 102, 866, 867]",Compass,1.0,Compass:1.0;T045:1.0;Cruella:0.8;Sunflower:0.7;D.E.P.:0.7,1,,,
2026-10-10T12:29:39,20261010-122936-d2a182,identify,combined,IMG_3221.HEIC,"[231, 102, 866, 867]",Shingles,0.43,Shingles:0.43;T117:0.41;Flower:0.388;T066:0.381;Faded_Flower:0.379,0,,,
2026-10-10T12:29:39,20261010-122936-d2a182,identify,full,IMG_3221.HEIC,,Faded_Flower,0.601,Faded_Flower:0.601;Flower:0.559;Sunflower:0.49;Strobe_II:0.483;Bubbles:0.405,0,,,
2026-10-10T12:29:39,20261010-122936-d2a182,identify,crop,IMG_3221.HEIC,"[231, 102, 866, 867]",Flower,0.609,Flower:0.609;Faded_Flower:0.508;Bubbles:0.465;Sunflower:0.456;Strobe_II:0.445,0,,,
2026-10-10T12:29:39,20261010-122936-d2a182,identify,tight,IMG_3221.HEIC,"[231, 102, 866, 867]",T117,0.474,T117:0.474;T044:0.472;Flower:0.455;Shingles:0.449;T022_23:0.416,0,,,
2026-10-10T12:29:42,20261010-122939-cb2058,identify,best,IMG_3222.HEIC,,Chopsticks,1.36,Chopsticks:1.36;D.E.P.:1.2;Shingles:1.19;Faded_Flower:1.16;Compass:1.11,1,,,spot 2.6
2026-10-10T12:29:42,20261010-122939-cb2058,identify,sift,IMG_3222.HEIC,"[94, 66, 882, 866]",Chopsticks,2.6,Chopsticks:2.6;Compass:1.7;Flower:1.6;Sunflower:1.4;Esther:1.2,1,,,
2026-10-10T12:29:42,20261010-122939-cb2058,identify,combined,IMG_3222.HEIC,"[94, 66, 882, 866]",Shingles,0.542,Shingles:0.542;D.E.P.:0.502;Rooster_II:0.471;Faded_Flower:0.459;Bubbles:0.362,0,,,
2026-10-10T12:29:42,20261010-122939-cb2058,identify,full,IMG_3222.HEIC,,D.E.P.,0.619,D.E.P.:0.619;Shingles:0.573;T039_70:0.568;Faded_Flower:0.531;T104:0.531,0,,,
2026-10-10T12:29:42,20261010-122939-cb2058,identify,crop,IMG_3222.HEIC,"[94, 66, 882, 866]",T104,0.654,T104:0.654;Shingles:0.599;Rooster_II:0.55;D.E.P.:0.533;T039_70:0.418,0,,,
2026-10-10T12:29:42,20261010-122939-cb2058,identify,tight,IMG_3222.HEIC,"[94, 66, 882, 866]",Faded_Flower,0.73,Faded_Flower:0.73;D.E.P.:0.713;T039_70:0.674;Rooster_II:0.607;Shingles:0.607,0,,,
2026-10-10T12:29:44,20261010-122942-b9837c,identify,best,IMG_3223.HEIC,,Flower,1.03,Flower:1.03;D.E.P.:0.94;T066:0.88;Compass:0.88;Bubbles:0.86,1,,,spot 0.8
2026-10-10T12:29:44,20261010-122942-b9837c,identify,sift,IMG_3223.HEIC,"[188, 172, 876, 709]",T039_70,0.8,T039_70:0.8;D.E.P.:0.8;Flower:0.8;Bubbles:0.7;Lotus:0.7,1,,,
2026-10-10T12:29:44,20261010-122942-b9837c,identify,combined,IMG_3223.HEIC,"[188, 172, 876, 709]",Flower,0.451,Flower:0.451;T066:0.411;Emoji:0.404;Compass:0.392;Fist:0.363,0,,,
2026-10-10T12:29:44,20261010-122942-b9837c,identify,full,IMG_3223.HEIC,,T066,0.537,T066:0.537;Cruella:0.53;Faded_Flower:0.502;Flower:0.474;Sunflower:0.45,0,,,
2026-10-10T12:29:44,20261010-122942-b9837c,identify,crop,IMG_3223.HEIC,"[188, 172, 876, 709]",Flower,0.549,Flower:0.549;Cruella:0.535;Compass:0.514;T066:0.49;T117:0.474,0,,,
2026-10-10T12:29:44,20261010-122942-b9837c,identify,tight,IMG_3223.HEIC,"[188, 172, 876, 709]",T066,0.574,T066:0.574;Bubbles:0.462;D.E.P.:0.44;Flower:0.378;Compass:0.376,0,,,
2026-10-10T12:29:48,20261010-122944-da1269,identify,best,IMG_3224.heic,,Sunflower,0.8,Sunflower:0.8;T039_70:0.79;Flower:0.73;Lotus:0.68;Glyph:0.67,1,,,spot 0.5
2026-10-10T12:29:48,20261010-122944-da1269,identify,sift,IMG_3224.heic,"[188, 187, 780, 759]",T039_70,0.8,T039_70:0.8;Glyph:0.6;Faded_Flower:0.6;Sunflower:0.5;Spikey:0.5,1,,,
2026-10-10T12:29:48,20261010-122944-da1269,identify,combined,IMG_3224.heic,"[188, 187, 780, 759]",Flower,0.465,Flower:0.465;Sunflower:0.41;Lotus:0.408;T117:0.369;Compass:0.356,0,,,
2026-10-10T12:29:48,20261010-122944-da1269,identify,full,IMG_3224.heic,,Strobe,0.702,Strobe:0.702;Flower:0.594;Lotus:0.512;Sunflower:0.506;Shingles:0.484,0,,,
2026-10-10T12:29:48,20261010-122944-da1269,identify,crop,IMG_3224.heic,"[188, 187, 780, 759]",Cruella,0.553,Cruella:0.553;Sunflower:0.519;Flower:0.509;Rooster:0.454;T026:0.451,0,,,
2026-10-10T12:29:48,20261010-122944-da1269,identify,tight,IMG_3224.heic,"[188, 187, 780, 759]",Flower,0.656,Flower:0.656;Jigsaw:0.623;Strobe:0.577;Sunflower:0.575;Lotus:0.559,0,,,
2026-10-10T12:29:52,20261010-122948-3a9cd0,identify,best,IMG_3226.HEIC,,Aztec,2.75,Aztec:2.75;T117:0.87;Jigsaw:0.65;Cruella:0.65;D.E.P.:0.64,0,,,spot 7.7
2026-10-10T12:29:52,20261010-122948-3a9cd0,identify,sift,IMG_3226.HEIC,"[240, 326, 754, 853]",Aztec,7.7,Aztec:7.7;T117:0.9;D.E.P.:0.7;Shingles:0.5;Stilts:0.5,0,,,
2026-10-10T12:29:52,20261010-122948-3a9cd0,identify,combined,IMG_3226.HEIC,"[240, 326, 754, 853]",Aztec,0.588,Aztec:0.588;Rooster:0.403;Jigsaw:0.375;T122:0.364;Esther:0.301,0,,,
2026-10-10T12:29:52,20261010-122948-3a9cd0,identify,full,IMG_3226.HEIC,,Compass,0.499,Compass:0.499;Aztec:0.474;Rooster:0.469;Cruella:0.441;T117:0.394,0,,,
2026-10-10T12:29:52,20261010-122948-3a9cd0,identify,crop,IMG_3226.HEIC,"[240, 326, 754, 853]",Rooster,0.593,Rooster:0.593;Jigsaw:0.455;T122:0.448;Flower:0.414;Sunflower:0.404,0,,,
2026-10-10T12:29:52,20261010-122948-3a9cd0,identify,tight,IMG_3226.HEIC,"[240, 326, 754, 853]",Aztec,0.643,Aztec:0.643;Compass:0.426;Jigsaw:0.382;Strobe_II:0.372;Rooster:0.36,0,,,
2026-10-10T12:29:56,20261010-122952-a08bd7,identify,best,IMG_3227.HEIC,,Aztec,3.0,Aztec:3.0;T039_70:0.69;Compass:0.66;Jigsaw:0.62;Chopsticks:0.58,0,,,spot 10.2
2026-10-10T12:29:56,20261010-122952-a08bd7,identify,sift,IMG_3227.HEIC,"[193, 161, 772, 773]",Aztec,10.2,Aztec:10.2;T039_70:0.6;Compass:0.5;Chopsticks:0.4;T066:0.4,0,,,
2026-10-10T12:29:56,20261010-122952-a08bd7,identify,combined,IMG_3227.HEIC,"[193, 161, 772, 773]",Aztec,0.585,Aztec:0.585;Rooster:0.435;Cruella:0.306;Compass:0.284;Jigsaw:0.283,0,,,
2026-10-10T12:29:56,20261010-122952-a08bd7,identify,full,IMG_3227.HEIC,,Aztec,0.515,Aztec:0.515;Sunflower:0.477;Compass:0.45;Cruella:0.413;Rooster:0.377,0,,,
2026-10-10T12:29:56,20261010-122952-a08bd7,identify,crop,IMG_3227.HEIC,"[193, 161, 772, 773]",Aztec,0.503,Aztec:0.503;Rooster:0.428;Cruella:0.424;Compass:0.403;Jigsaw:0.37,0,,,
2026-10-10T12:29:56,20261010-122952-a08bd7,identify,tight,IMG_3227.HEIC,"[193, 161, 772, 773]",Aztec,0.637,Aztec:0.637;Rooster:0.507;Compass:0.5;Cruella:0.494;Chopsticks:0.434,0,,,
2026-10-10T12:29:58,20261010-122956-ce1d7b,identify,best,IMG_3228.HEIC,,Aztec,3.01,Aztec:3.01;Jigsaw:0.68;T022_23:0.63;Compass:0.62;Rooster:0.6,0,,,spot 10.5
2026-10-10T12:29:58,20261010-122956-ce1d7b,identify,sift,IMG_3228.HEIC,"[266, 243, 804, 829]",Aztec,10.5,Aztec:10.5;D.E.P.:0.4;Chopsticks:0.4;Shingles:0.4;Flower:0.4,0,,,
2026-10-10T12:29:58,20261010-122956-ce1d7b,identify,combined,IMG_3228.HEIC,"[266, 243, 804, 829]",Aztec,0.574,Aztec:0.574;Compass:0.398;Rooster_II:0.397;Fist:0.361;Rooster:0.346,0,,,
2026-10-10T12:29:58,20261010-122956-ce1d7b,identify,full,IMG_3228.HEIC,,Aztec,0.525,Aztec:0.525;Cruella:0.499;Compass:0.481;Rooster:0.468;T122:0.451,0,,,
2026-10-10T12:29:58,20261010-122956-ce1d7b,identify,crop,IMG_3228.HEIC,"[266, 243, 804, 829]",Aztec,0.553,Aztec:0.553;Compass:0.466;Rooster_II:0.435;Cruella:0.41;T022_23:0.372,0,,,
2026-10-10T12:29:58,20261010-122956-ce1d7b,identify,tight,IMG_3228.HEIC,"[266, 243, 804, 829]",T022_23,0.601,T022_23:0.601;Rooster_II:0.601;Aztec:0.547;Compass:0.523;Cruella:0.504,0,,,
2026-10-10T12:30:01,20261010-122958-5f539f,identify,best,IMG_3229.HEIC,,Aztec,1.72,Aztec:1.72;T066:0.78;Rooster_II:0.65;Rooster:0.61;Fist:0.57,1,,,spot 2.6
2026-10-10T12:30:01,20261010-122958-5f539f,identify,sift,IMG_3229.HEIC,"[116, 222, 725, 903]",Aztec,2.6,Aztec:2.6;T066:1.0;Flower:0.7;Wishbone:0.6;Fist:0.5,1,,,
2026-10-10T12:30:01,20261010-122958-5f539f,identify,combined,IMG_3229.HEIC,"[116, 222, 725, 903]",Aztec,0.446,Aztec:0.446;Rooster:0.399;Jigsaw:0.325;Rooster_II:0.324;Esther:0.291,0,,,
2026-10-10T12:30:01,20261010-122958-5f539f,identify,full,IMG_3229.HEIC,,Compass,0.549,Compass:0.549;T122:0.538;Cruella:0.457;Sunflower:0.445;Emoji:0.445,0,,,
2026-10-10T12:30:01,20261010-122958-5f539f,identify,crop,IMG_3229.HEIC,"[116, 222, 725, 903]",Compass,0.592,Compass:0.592;Rooster_II:0.549;Cruella:0.482;Aztec:0.458;T122:0.448,0,,,
2026-10-10T12:30:01,20261010-122958-5f539f,identify,tight,IMG_3229.HEIC,"[116, 222, 725, 903]",Aztec,0.497,Aztec:0.497;Esther:0.335;T122:0.325;T039_70:0.287;T066:0.281,0,,,
2026-10-10T12:30:04,20261010-123001-0810e3,identify,best,IMG_3230.HEIC,,Shingles,1.24,Shingles:1.24;T039_70:1.1;D.E.P.:0.93;Esther:0.82;Lotus:0.79,1,,,spot 0.8
2026-10-10T12:30:04,20261010-123001-0810e3,identify,sift,IMG_3230.HEIC,"[82, 168, 893, 938]",T039_70,1.0,T039_70:1.0;Cruella:0.8;Jigsaw:0.8;Sunflower:0.8;Shingles:0.8,1,,,
2026-10-10T12:30:04,20261010-123001-0810e3,identify,combined,IMG_3230.HEIC,"[82, 168, 893, 938]",Shingles,0.642,Shingles:0.642;D.E.P.:0.448;Faded_Flower:0.429;T039_70:0.397;T104:0.38,0,,,
2026-10-10T12:30:04,20261010-123001-0810e3,identify,full,IMG_3230.HEIC,,T104,0.713,T104:0.713;Shingles:0.712;D.E.P.:0.677;T039_70:0.576;Esther:0.542,0,,,
2026-10-10T12:30:04,20261010-123001-0810e3,identify,crop,IMG_3230.HEIC,"[82, 168, 893, 938]",Shingles,0.71,Shingles:0.71;T104:0.699;Rooster_II:0.613;T039_70:0.56;D.E.P.:0.549,0,,,
2026-10-10T12:30:04,20261010-123001-0810e3,identify,tight,IMG_3230.HEIC,"[82, 168, 893, 938]",Faded_Flower,0.747,Faded_Flower:0.747;T039_70:0.721;Shingles:0.648;D.E.P.:0.628;T104:0.626,0,,,
2026-10-10T12:30:06,20261010-123004-37f00b,identify,best,IMG_3250.JPG,,Jazzy,1.71,Jazzy:1.71;Wishbone:0.72;T117:0.61;Glyph:0.55;Spikey:0.53,1,,,spot 2.7
2026-10-10T12:30:06,20261010-123004-37f00b,identify,sift,IMG_3250.JPG,"[369, 70, 792, 666]",Jazzy,2.7,Jazzy:2.7;Wishbone:1.0;Spikey:0.4;Strobe_II:0.4;T039_70:0.4,1,,,
2026-10-10T12:30:06,20261010-123004-37f00b,identify,combined,IMG_3250.JPG,"[369, 70, 792, 666]",Jazzy,0.408,Jazzy:0.408;T117:0.348;Glyph:0.319;Bubbles:0.314;D.E.P.:0.305,0,,,
2026-10-10T12:30:06,20261010-123004-37f00b,identify,full,IMG_3250.JPG,,T117,0.562,T117:0.562;Jazzy:0.505;T104:0.496;Flower_2:0.431;Cruella:0.428,0,,,
2026-10-10T12:30:06,20261010-123004-37f00b,identify,crop,IMG_3250.JPG,"[369, 70, 792, 666]",T117,0.419,T117:0.419;Flower_2:0.412;Jazzy:0.397;Cruella:0.373;T122:0.37,0,,,
2026-10-10T12:30:06,20261010-123004-37f00b,identify,tight,IMG_3250.JPG,"[369, 70, 792, 666]",Glyph,0.582,Glyph:0.582;D.E.P.:0.443;Bubbles:0.441;Jazzy:0.434;Cruella:0.388,0,,,
2026-10-10T12:30:09,20261010-123006-58385d,identify,best,IMG_3251.JPG,,Jazzy,2.33,Jazzy:2.33;D.E.P.:0.93;T117:0.71;Esther:0.55;Cruella:0.53,0,,,spot 4.8
2026-10-10T12:30:09,20261010-123006-58385d,identify,sift,IMG_3251.JPG,"[449, 233, 812, 720]",Jazzy,4.8,Jazzy:4.8;D.E.P.:0.8;T066:0.5;Esther:0.4;Faded_Flower:0.4,0,,,
2026-10-10T12:30:09,20261010-123006-58385d,identify,combined,IMG_3251.JPG,"[449, 233, 812, 720]",Jazzy,0.567,Jazzy:0.567;T117:0.41;D.E.P.:0.337;Flower_2:0.32;Cruella:0.265,0,,,
2026-10-10T12:30:09,20261010-123006-58385d,identify,full,IMG_3251.JPG,,T117,0.558,T117:0.558;Jazzy:0.492;Flower_2:0.49;T104:0.455;Cruella:0.43,0,,,
2026-10-10T12:30:09,20261010-123006-58385d,identify,crop,IMG_3251.JPG,"[449, 233, 812, 720]",Jazzy,0.612,Jazzy:0.612;Cruella:0.524;T104:0.462;T117:0.445;Flower_2:0.425,0,,,
2026-10-10T12:30:09,20261010-123006-58385d,identify,tight,IMG_3251.JPG,"[449, 233, 812, 720]",D.E.P.,0.567,D.E.P.:0.567;Jazzy:0.516;Glyph:0.485;T122:0.397;Cruella:0.395,0,,,
2026-10-10T12:30:11,20261010-123009-e74c60,identify,best,IMG_3289.HEIC,,Cruella,1.21,Cruella:1.21;Esther:1.16;Flower:1.02;Bubbles:0.97;Jigsaw:0.96,1,,,spot 1.2
2026-10-10T12:30:11,20261010-123009-e74c60,identify,sift,IMG_3289.HEIC,"[757, 441, 800, 490]",Flower,1.6,Flower:1.6;T016:1.6;Sunflower:1.2;D.E.P.:1.2;Cruella:1.2,1,,,
2026-10-10T12:30:11,20261010-123009-e74c60,identify,combined,IMG_3289.HEIC,"[757, 441, 800, 490]",Esther,0.588,Esther:0.588;Cruella:0.437;Jigsaw:0.383;Lotus:0.308;T039_70:0.263,0,,,
2026-10-10T12:30:11,20261010-123009-e74c60,identify,full,IMG_3289.HEIC,,T117,0.505,T117:0.505;Esther:0.488;T039_70:0.375;Sunflower:0.373;Cruella:0.372,0,,,
2026-10-10T12:30:11,20261010-123009-e74c60,identify,crop,IMG_3289.HEIC,"[757, 441, 800, 490]",Esther,0.711,Esther:0.711;Lotus:0.457;Jigsaw:0.41;Cruella:0.403;T039_70:0.353,0,,,
2026-10-10T12:30:11,20261010-123009-e74c60,identify,tight,IMG_3289.HEIC,"[757, 441, 800, 490]",Cruella,0.673,Cruella:0.673;Jigsaw:0.67;Esther:0.665;Lotus:0.542;T117:0.415,0,,,
2026-10-10T12:30:15,20261010-123011-4aedf8,identify,best,IMG_3290.heic,,Cruella,2.76,Cruella:2.76;Compass:0.84;Shingles:0.78;Jigsaw:0.68;T045:0.67,0,,,spot 10.2
2026-10-10T12:30:15,20261010-123011-4aedf8,identify,sift,IMG_3290.heic,"[112, 148, 800, 881]",Cruella,10.2,Cruella:10.2;Shingles:0.9;Chopsticks:0.6;Compass:0.6;Flower:0.6,0,,,
2026-10-10T12:30:15,20261010-123011-4aedf8,identify,combined,IMG_3290.heic,"[112, 148, 800, 881]",Aztec,0.42,Aztec:0.42;Sunflower:0.41;Esther:0.367;T122:0.357;Compass:0.351,0,,,
2026-10-10T12:30:15,20261010-123011-4aedf8,identify,full,IMG_3290.heic,,Cruella,0.598,Cruella:0.598;Glyph:0.531;Emoji:0.474;D.E.P.:0.457;Jigsaw:0.454,0,,,
2026-10-10T12:30:15,20261010-123011-4aedf8,identify,crop,IMG_3290.heic,"[112, 148, 800, 881]",Cruella,0.566,Cruella:0.566;Emoji:0.52;Spikey:0.519;Sunflower:0.489;D.E.P.:0.482,0,,,
2026-10-10T12:30:15,20261010-123011-4aedf8,identify,tight,IMG_3290.heic,"[112, 148, 800, 881]",T122,0.558,T122:0.558;Compass:0.546;T045:0.503;Rooster:0.502;Cruella:0.498,0,,,
2026-10-10T12:30:18,20261010-123015-bcab7f,identify,best,IMG_3291.heic,,Cruella,2.64,Cruella:2.64;Esther:0.63;T117:0.56;T066:0.51;Lotus:0.5,0,,,spot 7.6
2026-10-10T12:30:18,20261010-123015-bcab7f,identify,sift,IMG_3291.heic,"[155, 107, 850, 799]",Cruella,7.6,Cruella:7.6;T117:0.4;Chopsticks:0.4;T039_70:0.4;T066:0.4,0,,,
2026-10-10T12:30:18,20261010-123015-bcab7f,identify,combined,IMG_3291.heic,"[155, 107, 850, 799]",Cruella,0.493,Cruella:0.493;Esther:0.352;T122:0.33;Aztec:0.319;Emoji:0.319,0,,,
2026-10-10T12:30:18,20261010-123015-bcab7f,identify,full,IMG_3291.heic,,Cruella,0.753,Cruella:0.753;T122:0.578;Sunflower:0.522;T117:0.501;Jigsaw:0.463,0,,,
2026-10-10T12:30:18,20261010-123015-bcab7f,identify,crop,IMG_3291.heic,"[155, 107, 850, 799]",Cruella,0.625,Cruella:0.625;T122:0.564;Emoji:0.556;Sunflower:0.515;Glyph:0.502,0,,,
2026-10-10T12:30:18,20261010-123015-bcab7f,identify,tight,IMG_3291.heic,"[155, 107, 850, 799]",Cruella,0.637,Cruella:0.637;T122:0.628;T039_70:0.6;T066:0.552;Fist:0.549,0,,,
2026-10-10T12:30:20,20261010-123018-4eddd7,identify,best,IMG_3292.HEIC,,Cruella,2.7,Cruella:2.7;T045:0.77;Compass:0.68;T122:0.66;T039_70:0.58,0,,,spot 10.2
2026-10-10T12:30:20,20261010-123018-4eddd7,identify,sift,IMG_3292.HEIC,"[148, 105, 800, 836]",Cruella,10.2,Cruella:10.2;T045:0.6;T022_23:0.6;T026:0.5;Chopsticks:0.4,0,,,
2026-10-10T12:30:20,20261010-123018-4eddd7,identify,combined,IMG_3292.HEIC,"[148, 105, 800, 836]",T122,0.455,T122:0.455;Compass:0.409;T117:0.317;Emoji:0.29;Spikey:0.287,0,,,
2026-10-10T12:30:20,20261010-123018-4eddd7,identify,full,IMG_3292.HEIC,,Cruella,0.599,Cruella:0.599;T122:0.591;Glyph:0.574;Sunflower:0.549;Emoji:0.54,0,,,
2026-10-10T12:30:20,20261010-123018-4eddd7,identify,crop,IMG_3292.HEIC,"[148, 105, 800, 836]",T122,0.65,T122:0.65;Sunflower:0.629;T026:0.513;Esther:0.506;T117:0.488,0,,,
2026-10-10T12:30:20,20261010-123018-4eddd7,identify,tight,IMG_3292.HEIC,"[148, 105, 800, 836]",T045,0.535,T045:0.535;T122:0.495;Compass:0.468;Emoji:0.467;Cruella:0.465,0,,,
2026-10-10T12:30:23,20261010-123020-93be3b,identify,best,IMG_3293.HEIC,,Cruella,1.26,Cruella:1.26;T117:0.89;Wishbone:0.68;T122:0.63;Compass:0.58,1,,,spot 1.6
2026-10-10T12:30:23,20261010-123020-93be3b,identify,sift,IMG_3293.HEIC,"[112, 149, 712, 917]",Cruella,1.6,Cruella:1.6;T117:0.7;Wishbone:0.6;Chopsticks:0.6;T066:0.6,1,,,
2026-10-10T12:30:23,20261010-123020-93be3b,identify,combined,IMG_3293.HEIC,"[112, 149, 712, 917]",T122,0.426,T122:0.426;T117:0.365;T026:0.337;Compass:0.311;Cruella:0.298,0,,,
2026-10-10T12:30:23,20261010-123020-93be3b,identify,full,IMG_3293.HEIC,,T117,0.653,T117:0.653;T122:0.638;Sunflower:0.614;Emoji:0.588;Esther:0.578,0,,,
2026-10-10T12:30:23,20261010-123020-93be3b,identify,crop,IMG_3293.HEIC,"[112, 149, 712, 917]",T122,0.724,T122:0.724;T026:0.623;T117:0.616;Sunflower:0.523;Cruella:0.522,0,,,
2026-10-10T12:30:23,20261010-123020-93be3b,identify,tight,IMG_3293.HEIC,"[112, 149, 712, 917]",Flower_2,0.587,Flower_2:0.587;Sunflower:0.538;Shingles:0.479;Cruella:0.457;D.E.P.:0.403,0,,,
2026-10-10T12:30:27,20261010-123023-cefc54,identify,best,IMG_3294.HEIC,,Cruella,1.78,Cruella:1.78;Compass:0.87;Faded_Flower:0.78;Rooster_II:0.55;Wishbone:0.54,1,,,spot 2.8
2026-10-10T12:30:27,20261010-123023-cefc54,identify,sift,IMG_3294.HEIC,"[122, 98, 630, 900]",Cruella,2.8,Cruella:2.8;Faded_Flower:0.6;Compass:0.6;Wishbone:0.4;Rooster_II:0.4,1,,,
2026-10-10T12:30:27,20261010-123023-cefc54,identify,combined,IMG_3294.HEIC,"[122, 98, 630, 900]",Cruella,0.449,Cruella:0.449;T026:0.407;Compass:0.386;T122:0.31;Faded_Flower:0.288,0,,,
2026-10-10T12:30:27,20261010-123023-cefc54,identify,full,IMG_3294.HEIC,,Rooster,0.618,Rooster:0.618;T122:0.609;Cruella:0.556;Sunflower:0.489;Emoji:0.478,0,,,
2026-10-10T12:30:27,20261010-123023-cefc54,identify,crop,IMG_3294.HEIC,"[122, 98, 630, 900]",Cruella,0.686,Cruella:0.686;T026:0.59;T122:0.588;Sunflower:0.503;Emoji:0.502,0,,,
2026-10-10T12:30:27,20261010-123023-cefc54,identify,tight,IMG_3294.HEIC,"[122, 98, 630, 900]",Chopsticks,0.448,Chopsticks:0.448;Strobe:0.442;Compass:0.441;Rooster_II:0.434;Cruella:0.413,0,,,
2026-10-10T12:30:31,20261010-123027-4f8365,identify,best,IMG_3295.heic,,Cruella,2.62,Cruella:2.62;Sunflower:0.84;Chopsticks:0.71;Flower:0.7;Wishbone:0.53,0,,,spot 8.4
2026-10-10T12:30:31,20261010-123027-4f8365,identify,sift,IMG_3295.heic,"[198, 226, 848, 881]",Cruella,8.4,Cruella:8.4;Chopsticks:0.9;Sunflower:0.8;Flower:0.6;Faded_Flower:0.4,0,,,
2026-10-10T12:30:31,20261010-123027-4f8365,identify,combined,IMG_3295.heic,"[198, 226, 848, 881]",Cruella,0.388,Cruella:0.388;Wishbone:0.38;T026:0.351;Esther:0.292;Strobe:0.257,0,,,
2026-10-10T12:30:31,20261010-123027-4f8365,identify,full,IMG_3295.heic,,Strobe,0.436,Strobe:0.436;Cruella:0.348;Fist:0.345;T022_23:0.344;Rooster:0.336,0,,,
2026-10-10T12:30:31,20261010-123027-4f8365,identify,crop,IMG_3295.heic,"[198, 226, 848, 881]",T022_23,0.448,T022_23:0.448;Fist:0.447;T066:0.437;Flower:0.433;Cruella:0.425,0,,,
2026-10-10T12:30:31,20261010-123027-4f8365,identify,tight,IMG_3295.heic,"[198, 226, 848, 881]",Cruella,0.772,Cruella:0.772;Flower_2:0.498;Sunflower:0.496;T122:0.456;Fist:0.442,0,,,
2026-10-10T12:30:34,20261010-123031-88e00f,identify,best,IMG_3296.heic,,Cruella,2.21,Cruella:2.21;Flower:1.0;Lotus:0.93;Chopsticks:0.74;Shingles:0.74,0,,,spot 5.3
2026-10-10T12:30:34,20261010-123031-88e00f,identify,sift,IMG_3296.heic,"[199, 222, 866, 888]",Cruella,5.3,Cruella:5.3;Lotus:1.0;Flower:1.0;Shingles:0.7;Chopsticks:0.6,0,,,
2026-10-10T12:30:34,20261010-123031-88e00f,identify,combined,IMG_3296.heic,"[199, 222, 866, 888]",Cruella,0.372,Cruella:0.372;Compass:0.354;T022_23:0.345;Strobe:0.341;Wishbone:0.311,0,,,
2026-10-10T12:30:34,20261010-123031-88e00f,identify,full,IMG_3296.heic,,Strobe,0.438,Strobe:0.438;T022_23:0.413;Fist:0.357;T117:0.356;Flower_2:0.338,0,,,
2026-10-10T12:30:34,20261010-123031-88e00f,identify,crop,IMG_3296.heic,"[199, 222, 866, 888]",Fist,0.473,Fist:0.473;T022_23:0.443;Flower:0.403;T045:0.401;T066:0.397,0,,,
2026-10-10T12:30:34,20261010-123031-88e00f,identify,tight,IMG_3296.heic,"[199, 222, 866, 888]",Cruella,0.691,Cruella:0.691;T122:0.605;Fist:0.58;T066:0.546;Shingles:0.534,0,,,
2026-10-10T12:30:38,20261010-123034-438c15,identify,best,IMG_3297.heic,,Shingles,0.88,Shingles:0.88;Flower:0.79;T117:0.77;Cruella:0.73;Compass:0.6,1,,,spot 0.9
2026-10-10T12:30:38,20261010-123034-438c15,identify,sift,IMG_3297.heic,"[140, 155, 892, 930]",Shingles,0.9,Shingles:0.9;T039_70:0.5;Flower:0.5;T066:0.5;Wishbone:0.4,1,,,
2026-10-10T12:30:38,20261010-123034-438c15,identify,combined,IMG_3297.heic,"[140, 155, 892, 930]",T117,0.514,T117:0.514;Cruella:0.482;Flower:0.414;T122:0.375;Flower_2:0.367,0,,,
2026-10-10T12:30:38,20261010-123034-438c15,identify,full,IMG_3297.heic,,Cruella,0.653,Cruella:0.653;T117:0.546;Shingles:0.482;Flower_2:0.472;Flower:0.436,0,,,
2026-10-10T12:30:38,20261010-123034-438c15,identify,crop,IMG_3297.heic,"[140, 155, 892, 930]",Cruella,0.567,Cruella:0.567;Compass:0.539;T117:0.513;Flower_2:0.496;Flower:0.454,0,,,
2026-10-10T12:30:38,20261010-123034-438c15,identify,tight,IMG_3297.heic,"[140, 155, 892, 930]",T117,0.785,T117:0.785;Cruella:0.63;Flower:0.618;T122:0.595;T016:0.465,0,,,
2026-10-10T12:30:41,20261010-123038-2285da,identify,best,IMG_3298.heic,,Jigsaw,1.01,Jigsaw:1.01;Cruella:0.77;Shingles:0.72;T117:0.72;Chopsticks:0.71,1,,,spot 1.1
2026-10-10T12:30:41,20261010-123038-2285da,identify,sift,IMG_3298.heic,"[128, 88, 871, 930]",Jigsaw,1.1,Jigsaw:1.1;Chopsticks:0.9;D.E.P.:0.6;T066:0.6;T039_70:0.5,1,,,
2026-10-10T12:30:41,20261010-123038-2285da,identify,combined,IMG_3298.heic,"[128, 88, 871, 930]",T117,0.461,T117:0.461;Cruella:0.456;Shingles:0.405;Compass:0.335;Esther:0.316,0,,,
2026-10-10T12:30:41,20261010-123038-2285da,identify,full,IMG_3298.heic,,Cruella,0.653,Cruella:0.653;T117:0.616;Flower_2:0.59;Shingles:0.563;Flower:0.464,0,,,
2026-10-10T12:30:41,20261010-123038-2285da,identify,crop,IMG_3298.heic,"[128, 88, 871, 930]",Cruella,0.669,Cruella:0.669;T117:0.619;Flower_2:0.571;Shingles:0.541;Compass:0.424,0,,,
2026-10-10T12:30:41,20261010-123038-2285da,identify,tight,IMG_3298.heic,"[128, 88, 871, 930]",Spikey,0.655,Spikey:0.655;Cruella:0.618;T117:0.57;Shingles:0.539;T103x:0.484,0,,,
2026-10-10T12:30:44,20261010-123041-aa7684,identify,best,IMG_3299.HEIC,,T117,0.99,T117:0.99;Cruella:0.73;Chopsticks:0.7;Flower_2:0.61;Esther:0.61,1,,,spot 0.8
2026-10-10T12:30:44,20261010-123041-aa7684,identify,sift,IMG_3299.HEIC,"[91, 107, 777, 920]",T117,0.8,T117:0.8;Chopsticks:0.6;Strobe_II:0.5;Flower:0.5;Bubbles:0.4,1,,,
2026-10-10T12:30:44,20261010-123041-aa7684,identify,combined,IMG_3299.HEIC,"[91, 107, 777, 920]",Cruella,0.482,Cruella:0.482;T117:0.417;Flower_2:0.392;Esther:0.387;Aztec:0.331,0,,,
2026-10-10T12:30:44,20261010-123041-aa7684,identify,full,IMG_3299.HEIC,,T117,0.642,T117:0.642;Shingles:0.497;Sunflower:0.477;Cruella:0.476;Esther:0.469,0,,,
2026-10-10T12:30:44,20261010-123041-aa7684,identify,crop,IMG_3299.HEIC,"[91, 107, 777, 920]",Cruella,0.655,Cruella:0.655;Flower_2:0.596;T117:0.571;Shingles:0.509;Compass:0.401,0,,,
2026-10-10T12:30:44,20261010-123041-aa7684,identify,tight,IMG_3299.HEIC,"[91, 107, 777, 920]",Compass,0.516,Compass:0.516;Esther:0.507;Rooster_II:0.48;Shingles:0.471;T117:0.455,0,,,
2026-10-10T12:30:47,20261010-123044-784312,identify,best,IMG_3300.heic,,Shingles,0.71,Shingles:0.71;T117:0.64;Cruella:0.62;Bubbles:0.61;Compass:0.56,1,,,spot 0.5
2026-10-10T12:30:47,20261010-123044-784312,identify,sift,IMG_3300.heic,"[108, 54, 907, 935]",T039_70,0.9,T039_70:0.9;Bubbles:0.7;Shingles:0.5;Compass:0.5;D.E.P.:0.4,1,,,
2026-10-10T12:30:47,20261010-123044-784312,identify,combined,IMG_3300.heic,"[108, 54, 907, 935]",T117,0.39,T117:0.39;Cruella:0.387;Rooster:0.342;Shingles:0.308;Flower_2:0.307,0,,,
2026-10-10T12:30:47,20261010-123044-784312,identify,full,IMG_3300.heic,,Cruella,0.638,Cruella:0.638;T117:0.537;Flower_2:0.451;Shingles:0.442;Flower:0.421,0,,,
2026-10-10T12:30:47,20261010-123044-784312,identify,crop,IMG_3300.heic,"[108, 54, 907, 935]",T117,0.556,T117:0.556;Cruella:0.554;Flower_2:0.548;Shingles:0.41;Sunflower:0.387,0,,,
2026-10-10T12:30:47,20261010-123044-784312,identify,tight,IMG_3300.heic,"[108, 54, 907, 935]",T117,0.619,T117:0.619;T016:0.58;Cruella:0.53;Sunflower:0.512;Rooster:0.507,0,,,
2026-10-10T12:30:51,20261010-123047-b3d7f7,identify,best,IMG_3301.HEIC,,T066,0.87,T066:0.87;T117:0.73;Flower:0.69;T122:0.62;Aztec:0.6,1,,,spot 0.6
2026-10-10T12:30:51,20261010-123047-b3d7f7,identify,sift,IMG_3301.HEIC,"[174, 76, 863, 931]",T066,0.6,T066:0.6;Flower:0.5;T117:0.4;Shingles:0.4;Wishbone:0.4,1,,,
2026-10-10T12:30:51,20261010-123047-b3d7f7,identify,combined,IMG_3301.HEIC,"[174, 76, 863, 931]",T122,0.431,T122:0.431;T066:0.388;T117:0.371;Cruella:0.318;Aztec:0.303,0,,,
2026-10-10T12:30:51,20261010-123047-b3d7f7,identify,full,IMG_3301.HEIC,,Flower_2,0.551,Flower_2:0.551;T117:0.521;Cruella:0.502;Sunflower:0.478;Compass:0.392,0,,,
2026-10-10T12:30:51,20261010-123047-b3d7f7,identify,crop,IMG_3301.HEIC,"[174, 76, 863, 931]",Flower_2,0.605,Flower_2:0.605;T117:0.583;Cruella:0.581;T122:0.435;Compass:0.421,0,,,
2026-10-10T12:30:51,20261010-123047-b3d7f7,identify,tight,IMG_3301.HEIC,"[174, 76, 863, 931]",T117,0.584,T117:0.584;T066:0.508;Cruella:0.483;T026:0.474;Lotus:0.456,0,,,
2026-10-10T12:30:54,20261010-123051-a1840e,identify,best,IMG_3302.heic,,Shingles,1.06,Shingles:1.06;T104:1.05;D.E.P.:0.9;Rooster_II:0.89;Esther:0.81,1,,,spot 0.6
2026-10-10T12:30:54,20261010-123051-a1840e,identify,sift,IMG_3302.heic,"[115, 115, 914, 884]",Cruella,0.8,Cruella:0.8;Sunflower:0.8;T104:0.8;T117:0.8;Compass:0.8,1,,,
2026-10-10T12:30:54,20261010-123051-a1840e,identify,combined,IMG_3302.heic,"[115, 115, 914, 884]",Shingles,0.603,Shingles:0.603;Rooster_II:0.523;T104:0.474;D.E.P.:0.442;T039_70:0.418,0,,,
2026-10-10T12:30:54,20261010-123051-a1840e,identify,full,IMG_3302.heic,,T104,0.747,T104:0.747;Shingles:0.672;D.E.P.:0.667;T039_70:0.62;Rooster_II:0.527,0,,,
2026-10-10T12:30:54,20261010-123051-a1840e,identify,crop,IMG_3302.heic,"[115, 115, 914, 884]",T104,0.778,T104:0.778;Shingles:0.711;Rooster_II:0.674;D.E.P.:0.591;T039_70:0.565,0,,,
2026-10-10T12:30:54,20261010-123051-a1840e,identify,tight,IMG_3302.heic,"[115, 115, 914, 884]",Faded_Flower,0.779,Faded_Flower:0.779;Shingles:0.715;T039_70:0.714;D.E.P.:0.625;T104:0.612,0,,,
2026-10-10T12:30:56,20261010-123054-e66377,identify,best,IMG_3303.heic,,Chopsticks,0.91,Chopsticks:0.91;Lotus:0.81;Shingles:0.69;Sunflower:0.62;Rooster_II:0.57,1,,,spot 0.9
2026-10-10T12:30:56,20261010-123054-e66377,identify,sift,IMG_3303.heic,"[188, 115, 892, 833]",Chopsticks,0.9,Chopsticks:0.9;Shingles:0.6;Lotus:0.6;Compass:0.5;Sunflower:0.5,1,,,
2026-10-10T12:30:56,20261010-123054-e66377,identify,combined,IMG_3303.heic,"[188, 115, 892, 833]",T026,0.413,T026:0.413;T022_23:0.361;Lotus:0.355;Esther:0.32;T016:0.311,0,,,
2026-10-10T12:30:56,20261010-123054-e66377,identify,full,IMG_3303.heic,,T022_23,0.442,T022_23:0.442;Rooster:0.417;Rooster_II:0.407;Fist:0.382;T066:0.377,0,,,
2026-10-10T12:30:56,20261010-123054-e66377,identify,crop,IMG_3303.heic,"[188, 115, 892, 833]",T022_23,0.435,T022_23:0.435;T044:0.412;T026:0.365;T066:0.365;Rooster_II:0.365,0,,,
2026-10-10T12:30:56,20261010-123054-e66377,identify,tight,IMG_3303.heic,"[188, 115, 892, 833]",Lotus,0.513,Lotus:0.513;T044:0.504;Esther:0.496;T022_23:0.495;T117:0.477,0,,,
2026-10-10T12:30:58,20261010-123056-9612b9,identify,best,IMG_3305.HEIC,,Jigsaw,1.68,Jigsaw:1.68;Cruella:1.6;Lotus:1.15;Esther:1.12;Spikey:0.95,1,,,spot 2.6
2026-10-10T12:30:58,20261010-123056-9612b9,identify,sift,IMG_3305.HEIC,"[837, 391, 882, 491]",Jigsaw,2.6,Jigsaw:2.6;Cruella:2.1;Spikey:1.3;T117:1.0;D.E.P.:1.0,1,,,
2026-10-10T12:30:58,20261010-123056-9612b9,identify,combined,IMG_3305.HEIC,"[837, 391, 882, 491]",Esther,0.703,Esther:0.703;Cruella:0.483;Lotus:0.44;Jigsaw:0.404;Shingles:0.26,0,,,
2026-10-10T12:30:58,20261010-123056-9612b9,identify,full,IMG_3305.HEIC,,Esther,0.446,Esther:0.446;Cruella:0.439;T117:0.435;T039_70:0.387;Bubbles:0.384,0,,,
2026-10-10T12:30:58,20261010-123056-9612b9,identify,crop,IMG_3305.HEIC,"[837, 391, 882, 491]",Esther,0.834,Esther:0.834;Cruella:0.601;Jazzy:0.502;Jigsaw:0.412;T104:0.358,0,,,
2026-10-10T12:30:58,20261010-123056-9612b9,identify,tight,IMG_3305.HEIC,"[837, 391, 882, 491]",Esther,0.754,Esther:0.754;Cruella:0.703;Jigsaw:0.677;Lotus:0.578;T117:0.573,0,,,
2026-10-10T12:31:01,20261010-123058-a90a47,identify,best,IMG_3306.heic,,Cruella,2.75,Cruella:2.75;T039_70:1.08;T066:1.0;Wishbone:0.83;T045:0.8,0,,,spot 8.7
2026-10-10T12:31:01,20261010-123058-a90a47,identify,sift,IMG_3306.heic,"[90, 96, 929, 931]",Cruella,8.7,Cruella:8.7;T039_70:2.0;T066:1.3;Wishbone:0.8;Jigsaw:0.8,0,,,
2026-10-10T12:31:01,20261010-123058-a90a47,identify,combined,IMG_3306.heic,"[90, 96, 929, 931]",Cruella,0.476,Cruella:0.476;T122:0.413;Compass:0.402;Aztec:0.381;Sunflower:0.367,0,,,
2026-10-10T12:31:01,20261010-123058-a90a47,identify,full,IMG_3306.heic,,Sunflower,0.63,Sunflower:0.63;Cruella:0.605;Glyph:0.467;Jigsaw:0.45;T122:0.444,0,,,
2026-10-10T12:31:01,20261010-123058-a90a47,identify,crop,IMG_3306.heic,"[90, 96, 929, 931]",Cruella,0.63,Cruella:0.63;T122:0.586;Emoji:0.488;Rooster:0.483;Sunflower:0.463,0,,,
2026-10-10T12:31:01,20261010-123058-a90a47,identify,tight,IMG_3306.heic,"[90, 96, 929, 931]",Fist,0.754,Fist:0.754;Wishbone:0.715;T122:0.713;T045:0.683;T066:0.574,0,,,
2026-10-10T12:31:03,20261010-123101-18502b,identify,best,IMG_3307.HEIC,,Cruella,1.51,Cruella:1.51;Jigsaw:1.19;Esther:0.89;Lotus:0.86;T117:0.81,1,,,spot 2.2
2026-10-10T12:31:03,20261010-123101-18502b,identify,sift,IMG_3307.HEIC,"[806, 369, 835, 439]",Cruella,2.2,Cruella:2.2;Sunflower:0.9;T117:0.9;Jigsaw:0.9;Chopsticks:0.9,1,,,
2026-10-10T12:31:03,20261010-123101-18502b,identify,combined,IMG_3307.HEIC,"[806, 369, 835, 439]",Esther,0.622,Esther:0.622;Jigsaw:0.532;Lotus:0.376;Cruella:0.36;T104:0.262,0,,,
2026-10-10T12:31:03,20261010-123101-18502b,identify,full,IMG_3307.HEIC,,T117,0.378,T117:0.378;Esther:0.355;Bubbles:0.319;Shingles:0.313;Glyph:0.312,0,,,
2026-10-10T12:31:03,20261010-123101-18502b,identify,crop,IMG_3307.HEIC,"[806, 369, 835, 439]",Esther,0.801,Esther:0.801;Cruella:0.576;Jigsaw:0.536;Jazzy:0.466;Shingles:0.417,0,,,
2026-10-10T12:31:03,20261010-123101-18502b,identify,tight,IMG_3307.HEIC,"[806, 369, 835, 439]",Jigsaw,0.74,Jigsaw:0.74;Esther:0.719;Cruella:0.623;Lotus:0.606;T117:0.453,0,,,
2026-10-10T12:31:06,20261010-123103-6d717f,identify,best,IMG_3308.heic,,Faded_Flower,1.01,Faded_Flower:1.01;Flower:1.0;T117:0.81;Cruella:0.72;Shingles:0.71,1,,,spot 1.3
2026-10-10T12:31:06,20261010-123103-6d717f,identify,sift,IMG_3308.heic,"[63, 114, 874, 831]",Faded_Flower,1.3,Faded_Flower:1.3;Flower:0.8;Bubbles:0.7;Esther:0.6;T066:0.6,1,,,
2026-10-10T12:31:06,20261010-123103-6d717f,identify,combined,IMG_3308.heic,"[63, 114, 874, 831]",T117,0.449,T117:0.449;Flower:0.418;Cruella:0.417;Shingles:0.414;Lotus:0.407,0,,,
2026-10-10T12:31:06,20261010-123103-6d717f,identify,full,IMG_3308.heic,,Shingles,0.581,Shingles:0.581;Cruella:0.524;T117:0.514;Flower_2:0.406;Jigsaw:0.388,0,,,
2026-10-10T12:31:06,20261010-123103-6d717f,identify,crop,IMG_3308.heic,"[63, 114, 874, 831]",Lotus,0.478,Lotus:0.478;Shingles:0.409;Sunflower:0.393;Jigsaw:0.383;T117:0.364,0,,,
2026-10-10T12:31:06,20261010-123103-6d717f,identify,tight,IMG_3308.heic,"[63, 114, 874, 831]",Cruella,0.66,Cruella:0.66;Aztec:0.616;Flower:0.533;T117:0.498;Sunflower:0.466,0,,,
2026-10-10T12:31:09,20261010-123106-2327a7,identify,best,IMG_3309.heic,,Faded_Flower,1.19,Faded_Flower:1.19;Shingles:0.9;T117:0.78;Flower:0.73;Jigsaw:0.73,1,,,spot 2.2
2026-10-10T12:31:09,20261010-123106-2327a7,identify,sift,IMG_3309.heic,"[79, 107, 917, 959]",Faded_Flower,2.2,Faded_Flower:2.2;Rooster_II:0.8;Shingles:0.7;Chopsticks:0.6;Esther:0.6,1,,,
2026-10-10T12:31:09,20261010-123106-2327a7,identify,combined,IMG_3309.heic,"[79, 107, 917, 959]",T117,0.416,T117:0.416;Shingles:0.383;Flower:0.375;Cruella:0.356;Sunflower:0.316,0,,,
2026-10-10T12:31:09,20261010-123106-2327a7,identify,full,IMG_3309.heic,,Shingles,0.589,Shingles:0.589;Jigsaw:0.455;T117:0.448;Cruella:0.441;Sunflower:0.381,0,,,
2026-10-10T12:31:09,20261010-123106-2327a7,identify,crop,IMG_3309.heic,"[79, 107, 917, 959]",Shingles,0.544,Shingles:0.544;T117:0.504;Jigsaw:0.461;Compass:0.458;Sunflower:0.41,0,,,
2026-10-10T12:31:09,20261010-123106-2327a7,identify,tight,IMG_3309.heic,"[79, 107, 917, 959]",Cruella,0.586,Cruella:0.586;Sunflower:0.538;T122:0.505;T117:0.5;Shingles:0.473,0,,,
2026-10-10T12:31:11,20261010-123109-7b2a05,identify,best,IMG_3311.heic,,Compass,0.94,Compass:0.94;T117:0.85;Sunflower:0.77;Glyph:0.66;Rooster_II:0.62,1,,,spot 0.8
2026-10-10T12:31:11,20261010-123109-7b2a05,identify,sift,IMG_3311.heic,"[184, 180, 930, 908]",Compass,0.8,Compass:0.8;T117:0.7;Sunflower:0.6;Chopsticks:0.5;T022_23:0.5,1,,,
2026-10-10T12:31:11,20261010-123109-7b2a05,identify,combined,IMG_3311.heic,"[184, 180, 930, 908]",Rooster_II,0.417,Rooster_II:0.417;Compass:0.376;Aztec:0.374;Rooster:0.354;T117:0.344,0,,,
2026-10-10T12:31:11,20261010-123109-7b2a05,identify,full,IMG_3311.heic,,T117,0.43,T117:0.43;Cruella:0.429;Compass:0.397;Shingles:0.384;T104:0.322,0,,,
2026-10-10T12:31:11,20261010-123109-7b2a05,identify,crop,IMG_3311.heic,"[184, 180, 930, 908]",Sunflower,0.444,Sunflower:0.444;Cruella:0.409;T117:0.406;Aztec:0.389;Compass:0.379,0,,,
2026-10-10T12:31:11,20261010-123109-7b2a05,identify,tight,IMG_3311.heic,"[184, 180, 930, 908]",Sunflower,0.587,Sunflower:0.587;Rooster:0.573;Wishbone:0.57;Aztec:0.567;Fist:0.532,0,,,
2026-10-10T12:31:15,20261010-123111-383777,identify,best,IMG_3312.heic,,Rooster_II,0.69,Rooster_II:0.69;Aztec:0.62;T117:0.61;Cruella:0.61;Sunflower:0.61,1,,,spot 0.5
2026-10-10T12:31:15,20261010-123111-383777,identify,sift,IMG_3312.heic,"[128, 188, 880, 968]",T039_70,0.7,T039_70:0.7;T066:0.5;Bubbles:0.5;Flower:0.5;Rooster_II:0.5,1,,,
2026-10-10T12:31:15,20261010-123111-383777,identify,combined,IMG_3312.heic,"[128, 188, 880, 968]",Aztec,0.51,Aztec:0.51;Cruella:0.426;Sunflower:0.426;Compass:0.381;Rooster:0.377,0,,,
2026-10-10T12:31:15,20261010-123111-383777,identify,full,IMG_3312.heic,,Cruella,0.571,Cruella:0.571;Compass:0.514;Jigsaw:0.486;T117:0.474;Flower_2:0.438,0,,,
2026-10-10T12:31:15,20261010-123111-383777,identify,crop,IMG_3312.heic,"[128, 188, 880, 968]",Aztec,0.52,Aztec:0.52;Sunflower:0.49;T103x:0.46;Jigsaw:0.457;T117:0.448,0,,,
2026-10-10T12:31:15,20261010-123111-383777,identify,tight,IMG_3312.heic,"[128, 188, 880, 968]",Compass,0.608,Compass:0.608;Cruella:0.595;Rooster:0.564;Rooster_II:0.525;T122:0.501,0,,,
2026-10-10T12:31:18,20261010-123115-572d51,identify,best,IMG_3313.heic,,Compass,0.7,Compass:0.7;Chopsticks:0.69;T039_70:0.68;T117:0.64;Aztec:0.62,1,,,spot 0.5
2026-10-10T12:31:18,20261010-123115-572d51,identify,sift,IMG_3313.heic,"[108, 48, 892, 840]",Chopsticks,0.9,Chopsticks:0.9;T039_70:0.7;Compass:0.5;Bubbles:0.5;Shingles:0.5,1,,,
2026-10-10T12:31:18,20261010-123115-572d51,identify,combined,IMG_3313.heic,"[108, 48, 892, 840]",Aztec,0.527,Aztec:0.527;Rooster:0.347;Cruella:0.329;T117:0.309;Spikey:0.298,0,,,
2026-10-10T12:31:18,20261010-123115-572d51,identify,full,IMG_3313.heic,,Compass,0.58,Compass:0.58;Jigsaw:0.533;Sunflower:0.513;T122:0.42;Aztec:0.405,0,,,
2026-10-10T12:31:18,20261010-123115-572d51,identify,crop,IMG_3313.heic,"[108, 48, 892, 840]",Compass,0.571,Compass:0.571;T117:0.524;Cruella:0.502;Sunflower:0.444;Aztec:0.438,0,,,
2026-10-10T12:31:18,20261010-123115-572d51,identify,tight,IMG_3313.heic,"[108, 48, 892, 840]",Compass,0.605,Compass:0.605;Cruella:0.564;Flower:0.548;D.E.P.:0.541;T122:0.532,0,,,
2026-10-10T12:31:22,20261010-123118-8b695e,identify,best,IMG_3314.heic,,T117,0.77,T117:0.77;Cruella:0.69;Rooster_II:0.63;Compass:0.62;Shingles:0.6,1,,,spot 0.4
2026-10-10T12:31:22,20261010-123118-8b695e,identify,sift,IMG_3314.heic,"[54, 53, 898, 903]",Shingles,0.6,Shingles:0.6;T066:0.5;T117:0.4;Faded_Flower:0.4;Rooster_II:0.4,1,,,
2026-10-10T12:31:22,20261010-123118-8b695e,identify,combined,IMG_3314.heic,"[54, 53, 898, 903]",Rooster,0.461,Rooster:0.461;Cruella:0.438;T117:0.408;Aztec:0.37;Sunflower:0.367,0,,,
2026-10-10T12:31:22,20261010-123118-8b695e,identify,full,IMG_3314.heic,,Compass,0.525,Compass:0.525;Jigsaw:0.515;Flower_2:0.461;T117:0.456;T122:0.455,0,,,
2026-10-10T12:31:22,20261010-123118-8b695e,identify,crop,IMG_3314.heic,"[54, 53, 898, 903]",Cruella,0.643,Cruella:0.643;Compass:0.623;T117:0.549;T122:0.517;Flower_2:0.406,0,,,
2026-10-10T12:31:22,20261010-123118-8b695e,identify,tight,IMG_3314.heic,"[54, 53, 898, 903]",Compass,0.585,Compass:0.585;T122:0.572;Cruella:0.541;Spikey:0.532;Rooster_II:0.528,0,,,
2026-10-10T12:31:25,20261010-123122-74dff1,identify,best,IMG_3315.heic,,Cruella,0.94,Cruella:0.94;Compass:0.81;Rooster_II:0.81;T117:0.77;Shingles:0.75,1,,,spot 0.8
2026-10-10T12:31:25,20261010-123122-74dff1,identify,sift,IMG_3315.heic,"[108, 30, 936, 938]",Chopsticks,0.9,Chopsticks:0.9;Cruella:0.8;T066:0.7;Shingles:0.6;Flower:0.6,1,,,
2026-10-10T12:31:25,20261010-123122-74dff1,identify,combined,IMG_3315.heic,"[108, 30, 936, 938]",T122,0.449,T122:0.449;Rooster_II:0.426;T117:0.42;Compass:0.406;Cruella:0.383,0,,,
2026-10-10T12:31:25,20261010-123122-74dff1,identify,full,IMG_3315.heic,,Cruella,0.51,Cruella:0.51;T122:0.495;T117:0.481;Rooster_II:0.442;Flower_2:0.42,0,,,
2026-10-10T12:31:25,20261010-123122-74dff1,identify,crop,IMG_3315.heic,"[108, 30, 936, 938]",Compass,0.535,Compass:0.535;Cruella:0.526;T122:0.515;Rooster_II:0.447;T117:0.444,0,,,
2026-10-10T12:31:25,20261010-123122-74dff1,identify,tight,IMG_3315.heic,"[108, 30, 936, 938]",T122,0.792,T122:0.792;Cruella:0.637;T117:0.623;Flower_2:0.621;Sunflower:0.593,0,,,
2026-10-10T12:31:28,20261010-123125-ff6931,identify,best,IMG_3316.heic,,Rooster_II,1.06,Rooster_II:1.06;D.E.P.:1.04;Shingles:0.98;T039_70:0.74;Faded_Flower:0.64,1,,,spot 0.5
2026-10-10T12:31:28,20261010-123125-ff6931,identify,sift,IMG_3316.heic,"[108, 126, 966, 903]",T103x,0.6,T103x:0.6;Jigsaw:0.6;Shingles:0.5;Rooster_II:0.5;Chopsticks:0.4,1,,,
2026-10-10T12:31:28,20261010-123125-ff6931,identify,combined,IMG_3316.heic,"[108, 126, 966, 903]",D.E.P.,0.694,D.E.P.:0.694;Rooster_II:0.69;Shingles:0.595;Faded_Flower:0.399;T039_70:0.389,0,,,
2026-10-10T12:31:28,20261010-123125-ff6931,identify,full,IMG_3316.heic,,D.E.P.,0.783,D.E.P.:0.783;Shingles:0.754;T039_70:0.745;Rooster_II:0.723;T104:0.706,0,,,
2026-10-10T12:31:28,20261010-123125-ff6931,identify,crop,IMG_3316.heic,"[108, 126, 966, 903]",Rooster_II,0.838,Rooster_II:0.838;Shingles:0.786;D.E.P.:0.728;T104:0.716;T039_70:0.647,0,,,
2026-10-10T12:31:28,20261010-123125-ff6931,identify,tight,IMG_3316.heic,"[108, 126, 966, 903]",Faded_Flower,0.798,Faded_Flower:0.798;D.E.P.:0.743;T039_70:0.701;Rooster_II:0.691;Shingles:0.677,0,,,
2026-10-10T12:31:31,20261010-123128-0d67f3,identify,best,IMG_3317.heic,,Chopsticks,1.97,Chopsticks:1.97;Flower:1.18;Sunflower:1.04;Cruella:0.94;Compass:0.87,0,,,spot 6.3
2026-10-10T12:31:31,20261010-123128-0d67f3,identify,sift,IMG_3317.heic,"[164, 169, 840, 809]",Chopsticks,6.3,Chopsticks:6.3;Flower:1.6;Sunflower:1.1;Compass:1.1;Cruella:1.0,0,,,
2026-10-10T12:31:31,20261010-123128-0d67f3,identify,combined,IMG_3317.heic,"[164, 169, 840, 809]",Aztec,0.331,Aztec:0.331;T103x:0.32;Rooster:0.312;T016:0.312;Rooster_II:0.285,1,,,
2026-10-10T12:31:31,20261010-123128-0d67f3,identify,full,IMG_3317.heic,,Shingles,0.406,Shingles:0.406;Rooster_II:0.392;D.E.P.:0.388;Strobe:0.35;Wishbone:0.308,0,,,
2026-10-10T12:31:31,20261010-123128-0d67f3,identify,crop,IMG_3317.heic,"[164, 169, 840, 809]",Fist,0.428,Fist:0.428;Sunflower:0.428;Flower:0.4;Rooster_II:0.399;Wishbone:0.394,0,,,
2026-10-10T12:31:31,20261010-123128-0d67f3,identify,tight,IMG_3317.heic,"[164, 169, 840, 809]",Aztec,0.523,Aztec:0.523;Jigsaw:0.507;Flower:0.46;T044:0.387;Sunflower:0.333,0,,,
2026-10-10T12:31:34,20261010-123131-c82fbd,identify,best,IMG_3318.HEIC,,Wishbone,0.76,Wishbone:0.76;Cruella:0.75;Shingles:0.66;Flower:0.59;T039_70:0.58,1,,,spot 0.8
2026-10-10T12:31:34,20261010-123131-c82fbd,identify,sift,IMG_3318.HEIC,"[788, 812, 840, 906]",T039_70,0.9,T039_70:0.9;Wishbone:0.8;Shingles:0.6;Flower:0.6;Sunflower:0.4,1,,,
2026-10-10T12:31:34,20261010-123131-c82fbd,identify,combined,IMG_3318.HEIC,"[788, 812, 840, 906]",Cruella,0.515,Cruella:0.515;Esther:0.299;Rooster:0.242;T117:0.234;Jigsaw:0.229,0,,,
2026-10-10T12:31:34,20261010-123131-c82fbd,identify,full,IMG_3318.HEIC,,Lotus,0.46,Lotus:0.46;Esther:0.445;T117:0.441;Sunflower:0.359;T039_70:0.339,0,,,
2026-10-10T12:31:34,20261010-123131-c82fbd,identify,crop,IMG_3318.HEIC,"[788, 812, 840, 906]",Cruella,0.695,Cruella:0.695;Jigsaw:0.572;Jazzy:0.542;T117:0.48;Flower:0.436,0,,,
2026-10-10T12:31:34,20261010-123131-c82fbd,identify,tight,IMG_3318.HEIC,"[788, 812, 840, 906]",Cruella,0.668,Cruella:0.668;Jigsaw:0.475;T117:0.451;Esther:0.434;Jazzy:0.422,0,,,
2026-10-10T12:31:37,20261010-123134-20c089,identify,best,IMG_3320.heic,,Faded_Flower,2.8,Faded_Flower:2.8;Shingles:1.05;Cruella:1.0;Jigsaw:0.92;T117:0.85,0,,,spot 12.2
2026-10-10T12:31:37,20261010-123134-20c089,identify,sift,IMG_3320.heic,"[148, 62, 888, 839]",Faded_Flower,12.2,Faded_Flower:12.2;Shingles:0.9;Cruella:0.8;Bubbles:0.7;Lotus:0.7,0,,,
2026-10-10T12:31:37,20261010-123134-20c089,identify,combined,IMG_3320.heic,"[148, 62, 888, 839]",Sunflower,0.416,Sunflower:0.416;Cruella:0.415;Shingles:0.412;Jigsaw:0.397;T117:0.391,0,,,
2026-10-10T12:31:37,20261010-123134-20c089,identify,full,IMG_3320.heic,,Flower_2,0.624,Flower_2:0.624;Cruella:0.595;Shingles:0.552;T117:0.55;Flower:0.429,0,,,
2026-10-10T12:31:37,20261010-123134-20c089,identify,crop,IMG_3320.heic,"[148, 62, 888, 839]",Cruella,0.561,Cruella:0.561;T117:0.514;Flower_2:0.45;Sunflower:0.427;Shingles:0.394,0,,,
2026-10-10T12:31:37,20261010-123134-20c089,identify,tight,IMG_3320.heic,"[148, 62, 888, 839]",Cruella,0.575,Cruella:0.575;Aztec:0.514;Flower:0.488;Sunflower:0.481;T117:0.453,0,,,
2026-10-10T12:31:39,20261010-123137-7f193c,identify,best,IMG_3322.heic,,Faded_Flower,2.59,Faded_Flower:2.59;T117:0.82;Flower_2:0.71;Cruella:0.64;Chopsticks:0.63,0,,,spot 7.9
2026-10-10T12:31:39,20261010-123137-7f193c,identify,sift,IMG_3322.heic,"[63, 60, 925, 932]",Faded_Flower,7.9,Faded_Flower:7.9;Rooster_II:0.7;Chopsticks:0.6;T066:0.5;T117:0.4,0,,,
2026-10-10T12:31:39,20261010-123137-7f193c,identify,combined,IMG_3322.heic,"[63, 60, 925, 932]",Flower_2,0.483,Flower_2:0.483;T117:0.449;Cruella:0.408;Faded_Flower:0.401;Flower:0.324,0,,,
2026-10-10T12:31:39,20261010-123137-7f193c,identify,full,IMG_3322.heic,,T117,0.549,T117:0.549;Flower_2:0.533;Cruella:0.531;Stilts:0.475;Shingles:0.452,0,,,
2026-10-10T12:31:39,20261010-123137-7f193c,identify,crop,IMG_3322.heic,"[63, 60, 925, 932]",Flower_2,0.624,Flower_2:0.624;Cruella:0.587;T117:0.525;Compass:0.46;T044:0.418,0,,,
2026-10-10T12:31:39,20261010-123137-7f193c,identify,tight,IMG_3322.heic,"[63, 60, 925, 932]",Cruella,0.621,Cruella:0.621;Glyph:0.614;Sunflower:0.599;Spikey:0.594;T117:0.588,0,,,
2026-10-10T12:31:43,20261010-123139-791782,identify,best,IMG_3323.heic,,Faded_Flower,2.94,Faded_Flower:2.94;T039_70:1.15;Shingles:1.05;Rooster_II:1.0;Jigsaw:0.81,0,,,spot 9.0
2026-10-10T12:31:43,20261010-123139-791782,identify,sift,IMG_3323.heic,"[133, 38, 881, 915]",Faded_Flower,9.0,Faded_Flower:9.0;T039_70:1.2;Jigsaw:1.0;Chopsticks:0.8;T044:0.6,0,,,
2026-10-10T12:31:43,20261010-123139-791782,identify,combined,IMG_3323.heic,"[133, 38, 881, 915]",Faded_Flower,0.643,Faded_Flower:0.643;Shingles:0.589;Rooster_II:0.526;D.E.P.:0.389;T039_70:0.361,0,,,
2026-10-10T12:31:43,20261010-123139-791782,identify,full,IMG_3323.heic,,Shingles,0.619,Shingles:0.619;Faded_Flower:0.571;Rooster_II:0.57;D.E.P.:0.477;T104:0.476,0,,,
2026-10-10T12:31:43,20261010-123139-791782,identify,crop,IMG_3323.heic,"[133, 38, 881, 915]",Rooster_II,0.606,Rooster_II:0.606;Shingles:0.579;Faded_Flower:0.535;T104:0.512;T039_70:0.51,0,,,
2026-10-10T12:31:43,20261010-123139-791782,identify,tight,IMG_3323.heic,"[133, 38, 881, 915]",Faded_Flower,0.904,Faded_Flower:0.904;Shingles:0.749;T039_70:0.698;D.E.P.:0.666;T104:0.633,0,,,
2026-10-10T12:31:45,20261010-123143-641149,identify,best,IMG_3326.heic,,Compass,2.75,Compass:2.75;T039_70:0.7;T122:0.69;Flower:0.67;D.E.P.:0.62,0,,,spot 8.5
2026-10-10T12:31:45,20261010-123143-641149,identify,sift,IMG_3326.heic,"[98, 93, 917, 917]",Compass,8.5,Compass:8.5;T039_70:0.5;T117:0.4;D.E.P.:0.4;Flower:0.4,0,,,
2026-10-10T12:31:45,20261010-123143-641149,identify,combined,IMG_3326.heic,"[98, 93, 917, 917]",Compass,0.502,Compass:0.502;T122:0.489;Strobe:0.461;Emoji:0.412;Flower:0.344,0,,,
2026-10-10T12:31:45,20261010-123143-641149,identify,full,IMG_3326.heic,,Compass,0.595,Compass:0.595;Cruella:0.492;D.E.P.:0.386;Flower_2:0.365;Sunflower:0.354,0,,,
2026-10-10T12:31:45,20261010-123143-641149,identify,crop,IMG_3326.heic,"[98, 93, 917, 917]",Compass,0.609,Compass:0.609;Cruella:0.568;T122:0.565;Flower_2:0.447;Flower:0.437,0,,,
2026-10-10T12:31:45,20261010-123143-641149,identify,tight,IMG_3326.heic,"[98, 93, 917, 917]",T045,0.646,T045:0.646;Flower:0.635;Emoji:0.625;Fist:0.622;Cruella:0.622,0,,,
2026-10-10T12:31:48,20261010-123145-934300,identify,best,IMG_3327.heic,,Compass,2.99,Compass:2.99;Cruella:0.8;Spikey:0.79;T117:0.65;Rooster_II:0.65,0,,,spot 10.2
2026-10-10T12:31:48,20261010-123145-934300,identify,sift,IMG_3327.heic,"[72, 60, 915, 938]",Compass,10.2,Compass:10.2;Sunflower:0.5;Shingles:0.5;Rooster_II:0.5;Lotus:0.4,0,,,
2026-10-10T12:31:48,20261010-123145-934300,identify,combined,IMG_3327.heic,"[72, 60, 915, 938]",Compass,0.578,Compass:0.578;Spikey:0.501;Cruella:0.479;T122:0.449;Jigsaw:0.294,0,,,
2026-10-10T12:31:48,20261010-123145-934300,identify,full,IMG_3327.heic,,Cruella,0.494,Cruella:0.494;Flower_2:0.489;Compass:0.477;Flower:0.454;Sunflower:0.336,0,,,
2026-10-10T12:31:48,20261010-123145-934300,identify,crop,IMG_3327.heic,"[72, 60, 915, 938]",Compass,0.626,Compass:0.626;Cruella:0.58;T122:0.511;Flower_2:0.479;Strobe:0.43,0,,,
2026-10-10T12:31:48,20261010-123145-934300,identify,tight,IMG_3327.heic,"[72, 60, 915, 938]",Spikey,0.693,Spikey:0.693;Cruella:0.68;Compass:0.582;T117:0.581;Flower:0.577,0,,,
2026-10-10T12:31:50,20261010-123148-10f072,identify,best,IMG_3328.heic,,Compass,2.68,Compass:2.68;Cruella:0.93;T122:0.88;Spikey:0.83;Chopsticks:0.79,0,,,spot 8.1
2026-10-10T12:31:50,20261010-123148-10f072,identify,sift,IMG_3328.heic,"[126, 44, 936, 946]",Compass,8.1,Compass:8.1;Cruella:0.8;Chopsticks:0.7;Jigsaw:0.7;Flower:0.7,0,,,
2026-10-10T12:31:50,20261010-123148-10f072,identify,combined,IMG_3328.heic,"[126, 44, 936, 946]",Compass,0.474,Compass:0.474;T122:0.433;Spikey:0.361;D.E.P.:0.345;Cruella:0.326,0,,,
2026-10-10T12:31:50,20261010-123148-10f072,identify,full,IMG_3328.heic,,Flower_2,0.547,Flower_2:0.547;Cruella:0.481;Flower:0.403;Sunflower:0.384;Compass:0.368,0,,,
2026-10-10T12:31:50,20261010-123148-10f072,identify,crop,IMG_3328.heic,"[126, 44, 936, 946]",Compass,0.753,Compass:0.753;T122:0.718;Cruella:0.599;Flower_2:0.437;Sunflower:0.342,0,,,
2026-10-10T12:31:50,20261010-123148-10f072,identify,tight,IMG_3328.heic,"[126, 44, 936, 946]",Compass,0.578,Compass:0.578;Cruella:0.562;T122:0.553;Rooster_II:0.551;D.E.P.:0.529,0,,,
2026-10-10T12:31:54,20261010-123150-e15a6a,identify,best,IMG_3329.heic,,Compass,1.9,Compass:1.9;Wishbone:0.78;Cruella:0.76;T122:0.66;Rooster_II:0.62,1,,,spot 3.1
2026-10-10T12:31:54,20261010-123150-e15a6a,identify,sift,IMG_3329.heic,"[95, 75, 850, 887]",Compass,3.1,Compass:3.1;Wishbone:1.0;T103x:0.7;Cruella:0.5;Bubbles:0.4,1,,,
2026-10-10T12:31:54,20261010-123150-e15a6a,identify,combined,IMG_3329.heic,"[95, 75, 850, 887]",T122,0.491,T122:0.491;Compass:0.481;Rooster_II:0.355;Cruella:0.343;Spikey:0.314,0,,,
2026-10-10T12:31:54,20261010-123150-e15a6a,identify,full,IMG_3329.heic,,Flower_2,0.567,Flower_2:0.567;Cruella:0.425;Compass:0.406;Flower:0.397;Sunflower:0.382,0,,,
2026-10-10T12:31:54,20261010-123150-e15a6a,identify,crop,IMG_3329.heic,"[95, 75, 850, 887]",Compass,0.597,Compass:0.597;Flower_2:0.519;Cruella:0.481;T117:0.438;T122:0.434,0,,,
2026-10-10T12:31:54,20261010-123150-e15a6a,identify,tight,IMG_3329.heic,"[95, 75, 850, 887]",Compass,0.622,Compass:0.622;Rooster_II:0.601;T122:0.575;Flower_2:0.557;Cruella:0.532,0,,,
2026-10-10T12:31:57,20261010-123154-f361fb,identify,best,IMG_3331.HEIC,,Cruella,0.88,Cruella:0.88;Compass:0.86;Shingles:0.79;Flower:0.61;D.E.P.:0.6,1,,,spot 0.6
2026-10-10T12:31:57,20261010-123154-f361fb,identify,sift,IMG_3331.HEIC,"[827, 497, 881, 584]",Compass,0.8,Compass:0.8;Shingles:0.7;Cruella:0.6;Flower:0.5;Wishbone:0.4,1,,,
2026-10-10T12:31:57,20261010-123154-f361fb,identify,combined,IMG_3331.HEIC,"[827, 497, 881, 584]",Cruella,0.438,Cruella:0.438;Flower_2:0.293;Compass:0.29;Shingles:0.289;Jigsaw:0.261,0,,,
2026-10-10T12:31:57,20261010-123154-f361fb,identify,full,IMG_3331.HEIC,,T117,0.377,T117:0.377;T104:0.324;Compass:0.293;Cruella:0.287;Aztec:0.261,0,,,
2026-10-10T12:31:57,20261010-123154-f361fb,identify,crop,IMG_3331.HEIC,"[827, 497, 881, 584]",Cruella,0.712,Cruella:0.712;Jigsaw:0.642;Flower_2:0.556;T117:0.544;Jazzy:0.493,0,,,
2026-10-10T12:31:57,20261010-123154-f361fb,identify,tight,IMG_3331.HEIC,"[827, 497, 881, 584]",Cruella,0.552,Cruella:0.552;Flower_2:0.493;Jigsaw:0.483;Lotus:0.448;T117:0.417,0,,,
2026-10-10T12:32:00,20261010-123157-8e84f5,identify,best,IMG_3335.heic,,Cruella,0.75,Cruella:0.75;T117:0.67;T066:0.58;Esther:0.55;Rooster:0.52,1,,,spot 0.4
2026-10-10T12:32:00,20261010-123157-8e84f5,identify,sift,IMG_3335.heic,"[63, 85, 915, 951]",Compass,0.4,Compass:0.4;T066:0.4;Cruella:0.4;T117:0.3;Esther:0.3,1,,,
2026-10-10T12:32:00,20261010-123157-8e84f5,identify,combined,IMG_3335.heic,"[63, 85, 915, 951]",Cruella,0.454,Cruella:0.454;T117:0.375;Aztec:0.319;Rooster:0.313;T066:0.272,0,,,
2026-10-10T12:32:00,20261010-123157-8e84f5,identify,full,IMG_3335.heic,,Cruella,0.657,Cruella:0.657;Flower:0.499;T117:0.466;Flower_2:0.429;Shingles:0.403,0,,,
2026-10-10T12:32:00,20261010-123157-8e84f5,identify,crop,IMG_3335.heic,"[63, 85, 915, 951]",Cruella,0.717,Cruella:0.717;Flower_2:0.536;T117:0.517;Compass:0.45;Jigsaw:0.435,0,,,
2026-10-10T12:32:00,20261010-123157-8e84f5,identify,tight,IMG_3335.heic,"[63, 85, 915, 951]",Aztec,0.566,Aztec:0.566;Wishbone:0.535;Fist:0.52;T066:0.494;T117:0.483,0,,,
2026-10-10T12:32:03,20261010-123200-faf2ea,identify,best,IMG_3336.HEIC,,Chopsticks,0.8,Chopsticks:0.8;Cruella:0.74;T117:0.74;Rooster:0.71;Shingles:0.66,1,,,spot 0.9
2026-10-10T12:32:03,20261010-123200-faf2ea,identify,sift,IMG_3336.HEIC,"[155, 192, 850, 966]",Chopsticks,0.9,Chopsticks:0.9;Wishbone:0.6;Shingles:0.6;T066:0.6;T039_70:0.5,1,,,
2026-10-10T12:32:03,20261010-123200-faf2ea,identify,combined,IMG_3336.HEIC,"[155, 192, 850, 966]",Rooster,0.516,Rooster:0.516;Cruella:0.401;T117:0.387;Aztec:0.33;Sunflower:0.316,0,,,
2026-10-10T12:32:03,20261010-123200-faf2ea,identify,full,IMG_3336.HEIC,,Cruella,0.649,Cruella:0.649;Flower_2:0.525;Shingles:0.509;Flower:0.491;T117:0.45,0,,,
2026-10-10T12:32:03,20261010-123200-faf2ea,identify,crop,IMG_3336.HEIC,"[155, 192, 850, 966]",Cruella,0.563,Cruella:0.563;Flower_2:0.454;T117:0.386;Flower:0.346;T103x:0.34,0,,,
2026-10-10T12:32:03,20261010-123200-faf2ea,identify,tight,IMG_3336.HEIC,"[155, 192, 850, 966]",Cruella,0.562,Cruella:0.562;Rooster:0.544;T039_70:0.461;Flower_2:0.458;Rooster_II:0.457,0,,,
2026-10-10T12:32:06,20261010-123203-80b55b,identify,best,IMG_3337.HEIC,,Cruella,1.13,Cruella:1.13;D.E.P.:0.96;T066:0.83;T117:0.8;Wishbone:0.59,1,,,spot 0.8
2026-10-10T12:32:06,20261010-123203-80b55b,identify,sift,IMG_3337.HEIC,"[232, 126, 866, 839]",D.E.P.,1.0,D.E.P.:1.0;Cruella:0.8;Wishbone:0.6;Rooster_II:0.6;T066:0.6,1,,,
2026-10-10T12:32:06,20261010-123203-80b55b,identify,combined,IMG_3337.HEIC,"[232, 126, 866, 839]",Cruella,0.549,Cruella:0.549;T117:0.539;Aztec:0.461;T066:0.375;D.E.P.:0.283,0,,,
2026-10-10T12:32:06,20261010-123203-80b55b,identify,full,IMG_3337.HEIC,,Cruella,0.662,Cruella:0.662;Shingles:0.558;T117:0.503;Flower_2:0.432;Flower:0.399,0,,,
2026-10-10T12:32:06,20261010-123203-80b55b,identify,crop,IMG_3337.HEIC,"[232, 126, 866, 839]",Cruella,0.65,Cruella:0.65;Flower_2:0.483;T117:0.458;Compass:0.405;T103x:0.347,0,,,
2026-10-10T12:32:06,20261010-123203-80b55b,identify,tight,IMG_3337.HEIC,"[232, 126, 866, 839]",Cruella,0.55,Cruella:0.55;T117:0.546;Sunflower:0.469;Aztec:0.462;T103x:0.45,0,,,
2026-10-10T12:32:09,20261010-123206-801fc0,identify,best,IMG_3338.HEIC,,Rooster_II,0.88,Rooster_II:0.88;Compass:0.85;Jigsaw:0.71;Cruella:0.69;T117:0.67,1,,,spot 0.9
2026-10-10T12:32:09,20261010-123206-801fc0,identify,sift,IMG_3338.HEIC,"[855, 218, 908, 271]",Compass,1.0,Compass:1.0;Rooster_II:0.9;D.E.P.:0.8;Jigsaw:0.6;Flower:0.4,1,,,
2026-10-10T12:32:09,20261010-123206-801fc0,identify,combined,IMG_3338.HEIC,"[855, 218, 908, 271]",Cruella,0.443,Cruella:0.443;Esther:0.349;T117:0.327;Jigsaw:0.276;T066:0.272,0,,,
2026-10-10T12:32:09,20261010-123206-801fc0,identify,full,IMG_3338.HEIC,,Lotus,0.324,Lotus:0.324;T117:0.304;Esther:0.296;Glyph:0.279;Shingles:0.267,0,,,
2026-10-10T12:32:09,20261010-123206-801fc0,identify,crop,IMG_3338.HEIC,"[855, 218, 908, 271]",Cruella,0.608,Cruella:0.608;Jigsaw:0.551;T117:0.539;Jazzy:0.523;Esther:0.467,0,,,
2026-10-10T12:32:09,20261010-123206-801fc0,identify,tight,IMG_3338.HEIC,"[855, 218, 908, 271]",Cruella,0.447,Cruella:0.447;Jigsaw:0.4;Esther:0.379;Rooster_II:0.377;Shingles:0.315,0,,,
2026-10-10T12:32:18,20261010-123209-8e43cf,identify,best,IMG_3342.HEIC,,Esther,0.64,Esther:0.64;Cruella:0.59;T039_70:0.5;Sunflower:0.47;Jigsaw:0.45,1,,,spot 0.2
2026-10-10T12:32:18,20261010-123209-8e43cf,identify,sift,IMG_3342.HEIC,"[568, 98, 754, 320]",Sunflower,0.3,Sunflower:0.3;Aztec:0.3;Cruella:0.3;Flower_2:0.3;Bubbles:0.2,1,,,
2026-10-10T12:32:18,20261010-123209-8e43cf,identify,combined,IMG_3342.HEIC,"[568, 98, 754, 320]",Esther,0.486,Esther:0.486;T039_70:0.346;Jigsaw:0.301;Cruella:0.3;T026:0.281,0,,,
2026-10-10T12:32:18,20261010-123209-8e43cf,identify,full,IMG_3342.HEIC,,T039_70,0.479,T039_70:0.479;Lotus:0.429;T117:0.408;Esther:0.373;T026:0.37,0,,,
2026-10-10T12:32:18,20261010-123209-8e43cf,identify,crop,IMG_3342.HEIC,"[568, 98, 754, 320]",Esther,0.519,Esther:0.519;Jigsaw:0.399;Lotus:0.398;Shingles:0.393;T039_70:0.369,0,,,
2026-10-10T12:32:18,20261010-123209-8e43cf,identify,tight,IMG_3342.HEIC,"[568, 98, 754, 320]",Esther,0.627,Esther:0.627;Cruella:0.603;Jigsaw:0.597;Lotus:0.503;T039_70:0.483,0,,,
2026-10-10T12:32:24,20261010-123221-69687f,identify,best,IMG_3345.heic,,Cruella,2.34,Cruella:2.34;Flower:0.66;D.E.P.:0.63;Emoji:0.54;T045:0.54,0,,,spot 5.8
2026-10-10T12:32:24,20261010-123221-69687f,identify,sift,IMG_3345.heic,"[94, 85, 878, 882]",Cruella,5.8,Cruella:5.8;D.E.P.:0.4;T066:0.4;Jigsaw:0.3;T117:0.3,0,,,
2026-10-10T12:32:24,20261010-123221-69687f,identify,combined,IMG_3345.heic,"[94, 85, 878, 882]",Cruella,0.428,Cruella:0.428;Emoji:0.422;Flower:0.414;T122:0.361;T045:0.357,0,,,
2026-10-10T12:32:24,20261010-123221-69687f,identify,full,IMG_3345.heic,,Cruella,0.589,Cruella:0.589;Sunflower:0.526;T117:0.509;Flower:0.477;T122:0.461,0,,,
2026-10-10T12:32:24,20261010-123221-69687f,identify,crop,IMG_3345.heic,"[94, 85, 878, 882]",T122,0.672,T122:0.672;Cruella:0.66;Flower:0.601;Compass:0.549;Sunflower:0.537,0,,,
2026-10-10T12:32:24,20261010-123221-69687f,identify,tight,IMG_3345.heic,"[94, 85, 878, 882]",T045,0.758,T045:0.758;Sunflower:0.66;Emoji:0.63;Fist:0.614;T066:0.589,0,,,
2026-10-10T12:32:27,20261010-123224-565e06,identify,best,IMG_3346.heic,,Cruella,3.08,Cruella:3.08;T117:0.79;Shingles:0.72;D.E.P.:0.69;Sunflower:0.62,0,,,spot 12.5
2026-10-10T12:32:27,20261010-123224-565e06,identify,sift,IMG_3346.heic,"[128, 76, 865, 924]",Cruella,12.5,Cruella:12.5;T039_70:0.5;T117:0.5;Shingles:0.5;Sunflower:0.4,0,,,
2026-10-10T12:32:27,20261010-123224-565e06,identify,combined,IMG_3346.heic,"[128, 76, 865, 924]",Cruella,0.476,Cruella:0.476;Emoji:0.388;T117:0.368;D.E.P.:0.355;Shingles:0.318,0,,,
2026-10-10T12:32:27,20261010-123224-565e06,identify,full,IMG_3346.heic,,Cruella,0.597,Cruella:0.597;T122:0.597;Sunflower:0.59;T117:0.581;Emoji:0.58,0,,,
2026-10-10T12:32:27,20261010-123224-565e06,identify,crop,IMG_3346.heic,"[128, 76, 865, 924]",Emoji,0.517,Emoji:0.517;T117:0.51;T122:0.502;Cruella:0.49;Sunflower:0.464,0,,,
2026-10-10T12:32:27,20261010-123224-565e06,identify,tight,IMG_3346.heic,"[128, 76, 865, 924]",Cruella,0.668,Cruella:0.668;D.E.P.:0.595;Rooster_II:0.584;Spikey:0.491;Compass:0.474,0,,,
2026-10-10T12:32:31,20261010-123227-f0ea34,identify,best,IMG_3348.heic,,Cruella,2.57,Cruella:2.57;Compass:0.78;T122:0.77;T117:0.76;Emoji:0.73,0,,,spot 7.7
2026-10-10T12:32:31,20261010-123227-f0ea34,identify,sift,IMG_3348.heic,"[63, 53, 922, 921]",Cruella,7.7,Cruella:7.7;T117:0.7;T066:0.5;Shingles:0.4;Chopsticks:0.4,0,,,
2026-10-10T12:32:31,20261010-123227-f0ea34,identify,combined,IMG_3348.heic,"[63, 53, 922, 921]",T122,0.518,T122:0.518;Emoji:0.48;Compass:0.438;Cruella:0.405;D.E.P.:0.385,0,,,
2026-10-10T12:32:31,20261010-123227-f0ea34,identify,full,IMG_3348.heic,,T122,0.737,T122:0.737;Sunflower:0.673;Cruella:0.629;T117:0.568;Emoji:0.534,0,,,
2026-10-10T12:32:31,20261010-123227-f0ea34,identify,crop,IMG_3348.heic,"[63, 53, 922, 921]",T122,0.766,T122:0.766;Compass:0.665;Cruella:0.581;Sunflower:0.494;Flower:0.476,0,,,
2026-10-10T12:32:31,20261010-123227-f0ea34,identify,tight,IMG_3348.heic,"[63, 53, 922, 921]",Cruella,0.719,Cruella:0.719;T045:0.707;Emoji:0.683;T122:0.676;D.E.P.:0.64,0,,,
2026-10-10T12:32:34,20261010-123231-2e1a98,identify,best,IMG_3349.HEIC,,Cruella,1.02,Cruella:1.02;Esther:0.77;Flower_2:0.61;T117:0.56;Jigsaw:0.56,1,,,spot 0.4
2026-10-10T12:32:34,20261010-123231-2e1a98,identify,sift,IMG_3349.HEIC,"[880, 403, 930, 466]",Flower_2,0.7,Flower_2:0.7;T117:0.5;Compass:0.5;Rooster_II:0.5;T026:0.4,1,,,
2026-10-10T12:32:34,20261010-123231-2e1a98,identify,combined,IMG_3349.HEIC,"[880, 403, 930, 466]",Cruella,0.679,Cruella:0.679;Esther:0.429;Jigsaw:0.318;T104:0.275;Emoji:0.264,0,,,
2026-10-10T12:32:34,20261010-123231-2e1a98,identify,full,IMG_3349.HEIC,,Shingles,0.32,Shingles:0.32;Esther:0.289;Lotus:0.283;T117:0.275;D.E.P.:0.269,0,,,
2026-10-10T12:32:34,20261010-123231-2e1a98,identify,crop,IMG_3349.HEIC,"[880, 403, 930, 466]",Esther,0.716,Esther:0.716;Cruella:0.699;Jazzy:0.54;T104:0.457;Flower:0.421,0,,,
2026-10-10T12:32:34,20261010-123231-2e1a98,identify,tight,IMG_3349.HEIC,"[880, 403, 930, 466]",Cruella,0.756,Cruella:0.756;Jigsaw:0.573;Lotus:0.523;Esther:0.495;T117:0.482,0,,,
2026-10-10T12:32:37,20261010-123234-4aaaaa,identify,best,IMG_3350.heic,,Compass,3.42,Compass:3.42;Wishbone:0.82;Cruella:0.77;T117:0.67;Chopsticks:0.66,0,,,spot 18.4
2026-10-10T12:32:37,20261010-123234-4aaaaa,identify,sift,IMG_3350.heic,"[108, 169, 886, 960]",Compass,18.4,Compass:18.4;Wishbone:1.0;Cruella:0.6;T039_70:0.5;Jigsaw:0.5,0,,,
2026-10-10T12:32:37,20261010-123234-4aaaaa,identify,combined,IMG_3350.heic,"[108, 169, 886, 960]",Compass,0.454,Compass:0.454;Strobe:0.385;D.E.P.:0.378;T122:0.35;Cruella:0.325,0,,,
2026-10-10T12:32:37,20261010-123234-4aaaaa,identify,full,IMG_3350.heic,,Lotus,0.467,Lotus:0.467;Compass:0.397;Spikey:0.379;D.E.P.:0.354;T117:0.341,0,,,
2026-10-10T12:32:37,20261010-123234-4aaaaa,identify,crop,IMG_3350.heic,"[108, 169, 886, 960]",Compass,0.489,Compass:0.489;D.E.P.:0.413;Strobe:0.405;Jigsaw:0.379;Cruella:0.377,0,,,
2026-10-10T12:32:37,20261010-123234-4aaaaa,identify,tight,IMG_3350.heic,"[108, 169, 886, 960]",Flower,0.65,Flower:0.65;Sunflower:0.639;Faded_Flower:0.61;Compass:0.585;T045:0.57,0,,,
2026-10-10T12:32:40,20261010-123237-f26e03,identify,best,IMG_3351.heic,,Compass,3.49,Compass:3.49;T122:0.71;Rooster_II:0.55;Chopsticks:0.55;Sunflower:0.5,0,,,spot 19.7
2026-10-10T12:32:40,20261010-123237-f26e03,identify,sift,IMG_3351.heic,"[104, 215, 822, 962]",Compass,19.7,Compass:19.7;Rooster:0.4;Stilts:0.4;Flower:0.4;Rooster_II:0.4,0,,,
2026-10-10T12:32:40,20261010-123237-f26e03,identify,combined,IMG_3351.heic,"[104, 215, 822, 962]",Compass,0.457,Compass:0.457;T122:0.441;Chopsticks:0.35;Emoji:0.336;Strobe:0.307,0,,,
2026-10-10T12:32:40,20261010-123237-f26e03,identify,full,IMG_3351.heic,,T122,0.46,T122:0.46;D.E.P.:0.443;T117:0.416;Glyph:0.414;Compass:0.381,0,,,
2026-10-10T12:32:40,20261010-123237-f26e03,identify,crop,IMG_3351.heic,"[104, 215, 822, 962]",Cruella,0.344,Cruella:0.344;Compass:0.331;T122:0.252;Strobe:0.245;Spikey:0.239,0,,,
2026-10-10T12:32:40,20261010-123237-f26e03,identify,tight,IMG_3351.heic,"[104, 215, 822, 962]",Cruella,0.699,Cruella:0.699;Chopsticks:0.644;Sunflower:0.643;Compass:0.624;T122:0.623,0,,,
2026-10-10T12:32:42,20261010-123240-c0173a,identify,best,IMG_3352.HEIC,,Compass,2.72,Compass:2.72;T117:0.88;D.E.P.:0.71;Cruella:0.69;Chopsticks:0.66,0,,,spot 9.2
2026-10-10T12:32:42,20261010-123240-c0173a,identify,sift,IMG_3352.HEIC,"[160, 159, 781, 807]",Compass,9.2,Compass:9.2;T117:0.7;T066:0.6;Rooster_II:0.5;T039_70:0.5,0,,,
2026-10-10T12:32:42,20261010-123240-c0173a,identify,combined,IMG_3352.HEIC,"[160, 159, 781, 807]",Chopsticks,0.425,Chopsticks:0.425;Compass:0.394;D.E.P.:0.372;T117:0.343;Cruella:0.327,0,,,
2026-10-10T12:32:42,20261010-123240-c0173a,identify,full,IMG_3352.HEIC,,Cruella,0.515,Cruella:0.515;Sunflower:0.468;T122:0.423;Aztec:0.406;T117:0.405,0,,,
2026-10-10T12:32:42,20261010-123240-c0173a,identify,crop,IMG_3352.HEIC,"[160, 159, 781, 807]",Compass,0.419,Compass:0.419;Stilts:0.326;D.E.P.:0.314;Cruella:0.301;Sunflower:0.298,0,,,
2026-10-10T12:32:42,20261010-123240-c0173a,identify,tight,IMG_3352.HEIC,"[160, 159, 781, 807]",Cruella,0.522,Cruella:0.522;T122:0.487;T117:0.476;Chopsticks:0.474;Rooster_II:0.439,0,,,
2026-10-10T12:32:45,20261010-123242-700cbb,identify,best,IMG_3420.HEIC,,Esther,0.98,Esther:0.98;Cruella:0.78;Jigsaw:0.76;Lotus:0.65;Shingles:0.62,1,,,spot 0.3
2026-10-10T12:32:45,20261010-123242-700cbb,identify,sift,IMG_3420.HEIC,"[740, 458, 788, 502]",Flower,0.6,Flower:0.6;Compass:0.5;Chopsticks:0.5;T122:0.5;Shingles:0.5,1,,,
2026-10-10T12:32:45,20261010-123242-700cbb,identify,combined,IMG_3420.HEIC,"[740, 458, 788, 502]",Esther,0.692,Esther:0.692;Cruella:0.5;Jigsaw:0.478;Lotus:0.371;T117:0.221,0,,,
2026-10-10T12:32:45,20261010-123242-700cbb,identify,full,IMG_3420.HEIC,,Shingles,0.526,Shingles:0.526;Esther:0.491;T117:0.469;Lotus:0.409;D.E.P.:0.369,0,,,
2026-10-10T12:32:45,20261010-123242-700cbb,identify,crop,IMG_3420.HEIC,"[740, 458, 788, 502]",Cruella,0.731,Cruella:0.731;Esther:0.723;Jazzy:0.488;Jigsaw:0.481;Flower:0.443,0,,,
2026-10-10T12:32:45,20261010-123242-700cbb,identify,tight,IMG_3420.HEIC,"[740, 458, 788, 502]",Esther,0.781,Esther:0.781;Jigsaw:0.726;Cruella:0.656;Lotus:0.556;T117:0.523,0,,,
2026-10-10T12:32:48,20261010-123245-4176d3,identify,best,IMG_3421.heic,,Sunflower,3.1,Sunflower:3.1;Jigsaw:0.77;Cruella:0.66;Flower:0.65;Compass:0.64,0,,,spot 11.9
2026-10-10T12:32:48,20261010-123245-4176d3,identify,sift,IMG_3421.heic,"[95, 149, 831, 969]",Sunflower,11.9,Sunflower:11.9;Chopsticks:0.4;Wishbone:0.4;T066:0.4;Rooster_II:0.4,0,,,
2026-10-10T12:32:48,20261010-123245-4176d3,identify,combined,IMG_3421.heic,"[95, 149, 831, 969]",Sunflower,0.54,Sunflower:0.54;Jigsaw:0.501;Flower:0.447;Cruella:0.37;Compass:0.366,0,,,
2026-10-10T12:32:48,20261010-123245-4176d3,identify,full,IMG_3421.heic,,Sunflower,0.681,Sunflower:0.681;Cruella:0.612;Flower:0.595;Jigsaw:0.513;Compass:0.489,0,,,
2026-10-10T12:32:48,20261010-123245-4176d3,identify,crop,IMG_3421.heic,"[95, 149, 831, 969]",Sunflower,0.577,Sunflower:0.577;Cruella:0.558;Compass:0.553;Flower:0.474;Flower_2:0.449,0,,,
2026-10-10T12:32:48,20261010-123245-4176d3,identify,tight,IMG_3421.heic,"[95, 149, 831, 969]",Sunflower,0.628,Sunflower:0.628;Cruella:0.582;Flower:0.551;Faded_Flower:0.523;Flower_2:0.477,0,,,
2026-10-10T12:32:51,20261010-123248-6830da,identify,best,IMG_3422.heic,,Sunflower,3.15,Sunflower:3.15;Compass:0.87;Chopsticks:0.77;Jigsaw:0.75;Flower:0.72,0,,,spot 12.8
2026-10-10T12:32:51,20261010-123248-6830da,identify,sift,IMG_3422.heic,"[104, 143, 831, 959]",Sunflower,12.8,Sunflower:12.8;Chopsticks:1.1;Compass:0.8;T117:0.6;Lotus:0.5,0,,,
2026-10-10T12:32:51,20261010-123248-6830da,identify,combined,IMG_3422.heic,"[104, 143, 831, 959]",Sunflower,0.525,Sunflower:0.525;Jigsaw:0.49;Flower:0.431;Shingles:0.387;Cruella:0.377,0,,,
2026-10-10T12:32:51,20261010-123248-6830da,identify,full,IMG_3422.heic,,Cruella,0.624,Cruella:0.624;Sunflower:0.586;Jigsaw:0.56;Flower:0.541;Compass:0.472,0,,,
2026-10-10T12:32:51,20261010-123248-6830da,identify,crop,IMG_3422.heic,"[104, 143, 831, 959]",Compass,0.722,Compass:0.722;Cruella:0.65;T122:0.642;Sunflower:0.506;Flower:0.506,0,,,
2026-10-10T12:32:51,20261010-123248-6830da,identify,tight,IMG_3422.heic,"[104, 143, 831, 959]",Cruella,0.663,Cruella:0.663;Jigsaw:0.56;Sunflower:0.543;Flower:0.475;Shingles:0.448,0,,,
2026-10-10T12:32:55,20261010-123251-01219d,identify,best,IMG_3423.heic,,Sunflower,2.66,Sunflower:2.66;Cruella:0.74;T117:0.73;Spikey:0.6;Rooster:0.59,0,,,spot 7.5
2026-10-10T12:32:55,20261010-123251-01219d,identify,sift,IMG_3423.heic,"[100, 39, 843, 870]",Sunflower,7.5,Sunflower:7.5;Chopsticks:0.6;T045:0.6;D.E.P.:0.5;T117:0.4,0,,,
2026-10-10T12:32:55,20261010-123251-01219d,identify,combined,IMG_3423.heic,"[100, 39, 843, 870]",Sunflower,0.513,Sunflower:0.513;Flower:0.41;Spikey:0.393;Cruella:0.391;T117:0.366,0,,,
2026-10-10T12:32:55,20261010-123251-01219d,identify,full,IMG_3423.heic,,Compass,0.636,Compass:0.636;Sunflower:0.604;Flower:0.528;T117:0.511;Cruella:0.493,0,,,
2026-10-10T12:32:55,20261010-123251-01219d,identify,crop,IMG_3423.heic,"[100, 39, 843, 870]",Cruella,0.633,Cruella:0.633;Compass:0.563;T117:0.562;Sunflower:0.554;T122:0.478,0,,,
2026-10-10T12:32:55,20261010-123251-01219d,identify,tight,IMG_3423.heic,"[100, 39, 843, 870]",T122,0.603,T122:0.603;T117:0.597;Cruella:0.562;Flower:0.554;Spikey:0.514,0,,,
2026-10-10T12:32:57,20261010-123255-3d2edd,identify,best,IMG_3424.heic,,Sunflower,2.41,Sunflower:2.41;T117:0.83;Flower:0.82;Compass:0.59;Cruella:0.58,0,,,spot 6.6
2026-10-10T12:32:57,20261010-123255-3d2edd,identify,sift,IMG_3424.heic,"[171, 185, 866, 917]",Sunflower,6.6,Sunflower:6.6;T117:0.5;Flower:0.5;T066:0.4;Shingles:0.3,0,,,
2026-10-10T12:32:57,20261010-123255-3d2edd,identify,combined,IMG_3424.heic,"[171, 185, 866, 917]",Flower,0.446,Flower:0.446;T117:0.409;Compass:0.389;Sunflower:0.386;Cruella:0.35,0,,,
2026-10-10T12:32:57,20261010-123255-3d2edd,identify,full,IMG_3424.heic,,Compass,0.646,Compass:0.646;Flower:0.589;Sunflower:0.58;T117:0.569;Cruella:0.495,0,,,
2026-10-10T12:32:57,20261010-123255-3d2edd,identify,crop,IMG_3424.heic,"[171, 185, 866, 917]",Compass,0.597,Compass:0.597;T117:0.586;Cruella:0.572;Flower_2:0.54;Sunflower:0.533,0,,,
2026-10-10T12:32:57,20261010-123255-3d2edd,identify,tight,IMG_3424.heic,"[171, 185, 866, 917]",Flower,0.604,Flower:0.604;Compass:0.583;Cruella:0.573;Flower_2:0.525;T117:0.504,0,,,
2026-10-10T12:33:00,20261010-123257-b29518,identify,best,IMG_3425.JPEG,,Jigsaw,0.82,Jigsaw:0.82;Cruella:0.82;Aztec:0.72;Esther:0.65;Wishbone:0.59,1,,,spot 0.4
2026-10-10T12:33:00,20261010-123257-b29518,identify,sift,IMG_3425.JPEG,"[556, 335, 667, 604]",Wishbone,0.6,Wishbone:0.6;Spikey:0.5;Esther:0.5;Shingles:0.5;Cruella:0.4,1,,,
2026-10-10T12:33:00,20261010-123257-b29518,identify,combined,IMG_3425.JPEG,"[556, 335, 667, 604]",Jigsaw,0.475,Jigsaw:0.475;Cruella:0.471;Aztec:0.38;Rooster:0.265;Jazzy:0.249,0,,,
2026-10-10T12:33:00,20261010-123257-b29518,identify,full,IMG_3425.JPEG,,Jigsaw,0.379,Jigsaw:0.379;Aztec:0.372;Esther:0.363;Sunflower:0.295;Faded_Flower:0.261,0,,,
2026-10-10T12:33:00,20261010-123257-b29518,identify,crop,IMG_3425.JPEG,"[556, 335, 667, 604]",Cruella,0.735,Cruella:0.735;Jigsaw:0.692;Jazzy:0.573;Flower_2:0.533;Esther:0.435,0,,,
2026-10-10T12:33:00,20261010-123257-b29518,identify,tight,IMG_3425.JPEG,"[556, 335, 667, 604]",Jigsaw,0.6,Jigsaw:0.6;Cruella:0.539;Aztec:0.536;Compass:0.507;Rooster:0.48,0,,,
2026-10-10T12:33:02,20261010-123300-6da569,identify,best,IMG_3426.HEIC,,Esther,1.61,Esther:1.61;Lotus:1.47;Sunflower:1.45;Cruella:1.43;T044:1.37,1,,,spot 1.9
2026-10-10T12:33:02,20261010-123300-6da569,identify,sift,IMG_3426.HEIC,"[839, 439, 863, 465]",T044,2.6,T044:2.6;Sunflower:2.6;T117:1.9;Spikey:1.9;Jigsaw:1.9,1,,,
2026-10-10T12:33:02,20261010-123300-6da569,identify,combined,IMG_3426.HEIC,"[839, 439, 863, 465]",Esther,0.526,Esther:0.526;Lotus:0.386;Cruella:0.345;Shingles:0.287;T039_70:0.241,0,,,
2026-10-10T12:33:02,20261010-123300-6da569,identify,full,IMG_3426.HEIC,,Lotus,0.293,Lotus:0.293;Shingles:0.292;Bubbles:0.276;Esther:0.264;T039_70:0.252,1,,,
2026-10-10T12:33:02,20261010-123300-6da569,identify,crop,IMG_3426.HEIC,"[839, 439, 863, 465]",Esther,0.741,Esther:0.741;T104:0.413;Shingles:0.374;Lotus:0.363;Flower:0.34,0,,,
2026-10-10T12:33:02,20261010-123300-6da569,identify,tight,IMG_3426.HEIC,"[839, 439, 863, 465]",Cruella,0.627,Cruella:0.627;Esther:0.57;Lotus:0.502;Jigsaw:0.463;T117:0.459,0,,,
2026-10-10T12:33:05,20261010-123302-e0e202,identify,best,IMG_3427.heic,,Lotus,1.56,Lotus:1.56;Cruella:0.67;Chopsticks:0.61;T117:0.6;Esther:0.59,1,,,spot 1.9
2026-10-10T12:33:05,20261010-123302-e0e202,identify,sift,IMG_3427.heic,"[108, 149, 895, 920]",Lotus,1.9,Lotus:1.9;Cruella:0.5;Esther:0.5;Chopsticks:0.4;T066:0.4,1,,,
2026-10-10T12:33:05,20261010-123302-e0e202,identify,combined,IMG_3427.heic,"[108, 149, 895, 920]",Lotus,0.495,Lotus:0.495;T117:0.354;Flower:0.312;T026:0.282;T039_70:0.279,0,,,
2026-10-10T12:33:05,20261010-123302-e0e202,identify,full,IMG_3427.heic,,Strobe,0.577,Strobe:0.577;T117:0.572;Flower:0.549;T026:0.516;Sunflower:0.514,0,,,
2026-10-10T12:33:05,20261010-123302-e0e202,identify,crop,IMG_3427.heic,"[108, 149, 895, 920]",Flower,0.715,Flower:0.715;Sunflower:0.595;T122:0.59;T117:0.589;T026:0.533,0,,,
2026-10-10T12:33:05,20261010-123302-e0e202,identify,tight,IMG_3427.heic,"[108, 149, 895, 920]",Lotus,0.563,Lotus:0.563;T066:0.525;Shingles:0.511;Esther:0.425;Fist:0.414,0,,,
2026-10-10T12:33:08,20261010-123305-5e7a2e,identify,best,IMG_3428.heic,,Lotus,1.18,Lotus:1.18;Shingles:0.76;Cruella:0.69;T117:0.68;Sunflower:0.62,1,,,spot 1.1
2026-10-10T12:33:08,20261010-123305-5e7a2e,identify,sift,IMG_3428.heic,"[75, 140, 836, 953]",Lotus,1.1,Lotus:1.1;Shingles:0.6;Cruella:0.6;Sunflower:0.5;T117:0.4,1,,,
2026-10-10T12:33:08,20261010-123305-5e7a2e,identify,combined,IMG_3428.heic,"[75, 140, 836, 953]",Lotus,0.456,Lotus:0.456;T117:0.312;T026:0.311;Rooster:0.31;Chopsticks:0.307,0,,,
2026-10-10T12:33:08,20261010-123305-5e7a2e,identify,full,IMG_3428.heic,,Shingles,0.609,Shingles:0.609;Emoji:0.59;Sunflower:0.586;Esther:0.576;Lotus:0.572,0,,,
2026-10-10T12:33:08,20261010-123305-5e7a2e,identify,crop,IMG_3428.heic,"[75, 140, 836, 953]",Lotus,0.5,Lotus:0.5;T117:0.486;Shingles:0.476;Sunflower:0.461;Flower:0.433,0,,,
2026-10-10T12:33:08,20261010-123305-5e7a2e,identify,tight,IMG_3428.heic,"[75, 140, 836, 953]",Shingles,0.557,Shingles:0.557;Chopsticks:0.435;Lotus:0.435;T026:0.424;Flower:0.423,0,,,
2026-10-10T12:33:11,20261010-123308-7cbb22,identify,best,IMG_3429.heic,,Lotus,1.84,Lotus:1.84;Chopsticks:0.78;Flower:0.72;T117:0.66;Strobe_II:0.63,1,,,spot 3.3
2026-10-10T12:33:11,20261010-123308-7cbb22,identify,sift,IMG_3429.heic,"[146, 112, 876, 850]",Lotus,3.3,Lotus:3.3;Chopsticks:0.6;T117:0.5;Bubbles:0.4;Flower:0.4,1,,,
2026-10-10T12:33:11,20261010-123308-7cbb22,identify,combined,IMG_3429.heic,"[146, 112, 876, 850]",Glyph,0.394,Glyph:0.394;Flower:0.383;Lotus:0.381;Strobe_II:0.328;Jigsaw:0.302,0,,,
2026-10-10T12:33:11,20261010-123308-7cbb22,identify,full,IMG_3429.heic,,Flower,0.601,Flower:0.601;Strobe:0.479;T117:0.445;Lotus:0.429;Shingles:0.42,0,,,
2026-10-10T12:33:11,20261010-123308-7cbb22,identify,crop,IMG_3429.heic,"[146, 112, 876, 850]",Flower,0.655,Flower:0.655;T122:0.5;Sunflower:0.475;D.E.P.:0.462;T117:0.45,0,,,
2026-10-10T12:33:11,20261010-123308-7cbb22,identify,tight,IMG_3429.heic,"[146, 112, 876, 850]",Chopsticks,0.461,Chopsticks:0.461;T016:0.453;Flower:0.408;Shingles:0.406;T039_70:0.377,0,,,
2026-10-10T12:33:13,20261010-123311-6b2f35,identify,best,IMG_3431.heic,,Chopsticks,1.45,Chopsticks:1.45;D.E.P.:1.36;Shingles:1.27;T039_70:1.27;Compass:1.23,1,,,spot 2.6
2026-10-10T12:33:13,20261010-123311-6b2f35,identify,sift,IMG_3431.heic,"[30, 50, 960, 938]",Chopsticks,2.6,Chopsticks:2.6;Compass:2.2;Jigsaw:1.8;Sunflower:1.6;Flower:1.6,1,,,
2026-10-10T12:33:13,20261010-123311-6b2f35,identify,combined,IMG_3431.heic,"[30, 50, 960, 938]",Shingles,0.624,Shingles:0.624;Faded_Flower:0.572;D.E.P.:0.568;Rooster_II:0.497;T039_70:0.45,0,,,
2026-10-10T12:33:13,20261010-123311-6b2f35,identify,full,IMG_3431.heic,,T104,0.747,T104:0.747;D.E.P.:0.712;T039_70:0.657;Shingles:0.646;Rooster_II:0.518,0,,,
2026-10-10T12:33:13,20261010-123311-6b2f35,identify,crop,IMG_3431.heic,"[30, 50, 960, 938]",T104,0.752,T104:0.752;Rooster_II:0.666;Shingles:0.664;D.E.P.:0.65;T039_70:0.571,0,,,
2026-10-10T12:33:13,20261010-123311-6b2f35,identify,tight,IMG_3431.heic,"[30, 50, 960, 938]",Faded_Flower,0.806,Faded_Flower:0.806;D.E.P.:0.775;T039_70:0.766;Shingles:0.666;Rooster_II:0.631,0,,,
2026-10-10T12:33:16,20261010-123313-b37b43,identify,best,IMG_3433.HEIC,,Esther,1.07,Esther:1.07;Cruella:0.91;Jigsaw:0.84;Lotus:0.68;D.E.P.:0.67,1,,,spot 0.6
2026-10-10T12:33:16,20261010-123313-b37b43,identify,sift,IMG_3433.HEIC,"[768, 391, 795, 421]",Chopsticks,0.8,Chopsticks:0.8;Spikey:0.6;Shingles:0.6;D.E.P.:0.6;Esther:0.6,1,,,
2026-10-10T12:33:16,20261010-123313-b37b43,identify,combined,IMG_3433.HEIC,"[768, 391, 795, 421]",Esther,0.586,Esther:0.586;Jigsaw:0.491;Cruella:0.421;Lotus:0.334;Rooster:0.254,0,,,
2026-10-10T12:33:16,20261010-123313-b37b43,identify,full,IMG_3433.HEIC,,T117,0.392,T117:0.392;Bubbles:0.381;Esther:0.368;Lotus:0.359;Shingles:0.337,0,,,
2026-10-10T12:33:16,20261010-123313-b37b43,identify,crop,IMG_3433.HEIC,"[768, 391, 795, 421]",Esther,0.745,Esther:0.745;Cruella:0.622;Jigsaw:0.574;Jazzy:0.39;Lotus:0.385,0,,,
2026-10-10T12:33:16,20261010-123313-b37b43,identify,tight,IMG_3433.HEIC,"[768, 391, 795, 421]",Jigsaw,0.701,Jigsaw:0.701;Esther:0.653;Cruella:0.627;Lotus:0.436;T117:0.412,0,,,
2026-10-10T12:33:19,20261010-123316-083075,identify,best,IMG_3434.heic,,Jigsaw,3.29,Jigsaw:3.29;Cruella:0.93;Aztec:0.63;Sunflower:0.55;T039_70:0.52,0,,,spot 13.5
2026-10-10T12:33:19,20261010-123316-083075,identify,sift,IMG_3434.heic,"[156, 260, 802, 942]",Jigsaw,13.5,Jigsaw:13.5;Cruella:1.2;Shingles:0.5;T039_70:0.4;Wishbone:0.3,0,,,
2026-10-10T12:33:19,20261010-123316-083075,identify,combined,IMG_3434.heic,"[156, 260, 802, 942]",Jigsaw,0.616,Jigsaw:0.616;Aztec:0.519;Rooster:0.313;T117:0.287;Sunflower:0.279,0,,,
2026-10-10T12:33:19,20261010-123316-083075,identify,full,IMG_3434.heic,,Jigsaw,0.623,Jigsaw:0.623;Flower:0.613;Rooster:0.607;Sunflower:0.586;Cruella:0.553,0,,,
2026-10-10T12:33:19,20261010-123316-083075,identify,crop,IMG_3434.heic,"[156, 260, 802, 942]",Sunflower,0.617,Sunflower:0.617;Rooster:0.607;Jigsaw:0.56;T122:0.524;Cruella:0.456,0,,,
2026-10-10T12:33:19,20261010-123316-083075,identify,tight,IMG_3434.heic,"[156, 260, 802, 942]",Jigsaw,0.824,Jigsaw:0.824;Aztec:0.697;T044:0.585;Sunflower:0.577;Strobe:0.571,0,,,
2026-10-10T12:33:22,20261010-123319-7f7c43,identify,best,IMG_3435.heic,,Jigsaw,2.65,Jigsaw:2.65;Cruella:1.83;T117:0.75;Flower:0.74;Sunflower:0.66,0,,,spot 8.7
2026-10-10T12:33:22,20261010-123319-7f7c43,identify,sift,IMG_3435.heic,"[201, 263, 772, 924]",Jigsaw,8.7,Jigsaw:8.7;Cruella:3.9;Flower:0.7;T117:0.7;Rooster_II:0.4,0,,,
2026-10-10T12:33:22,20261010-123319-7f7c43,identify,combined,IMG_3435.heic,"[201, 263, 772, 924]",Jigsaw,0.379,Jigsaw:0.379;Sunflower:0.356;Strobe_II:0.288;Esther:0.254;T117:0.243,0,,,
2026-10-10T12:33:22,20261010-123319-7f7c43,identify,full,IMG_3435.heic,,Flower,0.607,Flower:0.607;Sunflower:0.599;T117:0.509;Jigsaw:0.492;Rooster:0.492,0,,,
2026-10-10T12:33:22,20261010-123319-7f7c43,identify,crop,IMG_3435.heic,"[201, 263, 772, 924]",Sunflower,0.635,Sunflower:0.635;Rooster:0.588;T122:0.569;Cruella:0.512;T117:0.509,0,,,
2026-10-10T12:33:22,20261010-123319-7f7c43,identify,tight,IMG_3435.heic,"[201, 263, 772, 924]",Strobe_II,0.603,Strobe_II:0.603;Compass:0.576;Jigsaw:0.565;Aztec:0.484;Cruella:0.482,0,,,
2026-10-10T12:33:25,20261010-123322-3e49d7,identify,best,IMG_3436.heic,,Jigsaw,2.71,Jigsaw:2.71;Cruella:1.27;Flower:0.72;T117:0.61;Strobe_II:0.59,0,,,spot 9.2
2026-10-10T12:33:25,20261010-123322-3e49d7,identify,sift,IMG_3436.heic,"[152, 69, 831, 775]",Jigsaw,9.2,Jigsaw:9.2;Cruella:2.0;Flower:0.4;Bubbles:0.3;T117:0.3,0,,,
2026-10-10T12:33:25,20261010-123322-3e49d7,identify,combined,IMG_3436.heic,"[152, 69, 831, 775]",Strobe_II,0.412,Strobe_II:0.412;Flower:0.391;Jigsaw:0.386;Aztec:0.349;T117:0.347,0,,,
2026-10-10T12:33:25,20261010-123322-3e49d7,identify,full,IMG_3436.heic,,Sunflower,0.639,Sunflower:0.639;Flower:0.588;T117:0.531;Esther:0.508;Rooster:0.496,0,,,
2026-10-10T12:33:25,20261010-123322-3e49d7,identify,crop,IMG_3436.heic,"[152, 69, 831, 775]",Flower,0.55,Flower:0.55;Sunflower:0.525;T117:0.51;Rooster:0.485;T122:0.46,0,,,
2026-10-10T12:33:25,20261010-123322-3e49d7,identify,tight,IMG_3436.heic,"[152, 69, 831, 775]",Aztec,0.531,Aztec:0.531;Compass:0.45;Jigsaw:0.436;Sunflower:0.434;Strobe_II:0.412,0,,,
2026-10-10T12:33:28,20261010-123325-e48342,identify,best,IMG_3437.heic,,Jigsaw,1.04,Jigsaw:1.04;T117:0.83;Cruella:0.76;Flower:0.61;T066:0.61,1,,,spot 0.7
2026-10-10T12:33:28,20261010-123325-e48342,identify,sift,IMG_3437.heic,"[148, 56, 820, 915]",Cruella,0.8,Cruella:0.8;Jigsaw:0.7;T117:0.7;Strobe:0.5;Chopsticks:0.4,1,,,
2026-10-10T12:33:28,20261010-123325-e48342,identify,combined,IMG_3437.heic,"[148, 56, 820, 915]",Jigsaw,0.481,Jigsaw:0.481;T122:0.39;Flower:0.381;Aztec:0.35;T117:0.323,0,,,
2026-10-10T12:33:28,20261010-123325-e48342,identify,full,IMG_3437.heic,,T117,0.697,T117:0.697;T122:0.691;Sunflower:0.657;T026:0.629;Cruella:0.619,0,,,
2026-10-10T12:33:28,20261010-123325-e48342,identify,crop,IMG_3437.heic,"[148, 56, 820, 915]",T122,0.707,T122:0.707;Sunflower:0.649;T117:0.592;Flower:0.585;Rooster:0.577,0,,,
2026-10-10T12:33:28,20261010-123325-e48342,identify,tight,IMG_3437.heic,"[148, 56, 820, 915]",Jigsaw,0.612,Jigsaw:0.612;Flower:0.551;Aztec:0.531;T022_23:0.522;Sunflower:0.518,0,,,
2026-10-10T12:33:31,20261010-123328-e882ef,identify,best,IMG_3438.heic,,D.E.P.,0.93,D.E.P.:0.93;Flower:0.92;Shingles:0.77;Jigsaw:0.73;Rooster_II:0.64,1,,,spot 1.2
2026-10-10T12:33:31,20261010-123328-e882ef,identify,sift,IMG_3438.heic,"[133, 186, 824, 900]",D.E.P.,1.2,D.E.P.:1.2;Shingles:0.9;Flower:0.8;Faded_Flower:0.7;Rooster_II:0.6,1,,,
2026-10-10T12:33:31,20261010-123328-e882ef,identify,combined,IMG_3438.heic,"[133, 186, 824, 900]",Cruella,0.337,Cruella:0.337;Flower:0.336;Esther:0.334;Jigsaw:0.315;Aztec:0.313,1,,,
2026-10-10T12:33:31,20261010-123328-e882ef,identify,full,IMG_3438.heic,,T117,0.442,T117:0.442;Compass:0.418;Shingles:0.389;Cruella:0.346;Jigsaw:0.34,0,,,
2026-10-10T12:33:31,20261010-123328-e882ef,identify,crop,IMG_3438.heic,"[133, 186, 824, 900]",Cruella,0.482,Cruella:0.482;Shingles:0.435;Jigsaw:0.399;Compass:0.392;Sunflower:0.391,0,,,
2026-10-10T12:33:31,20261010-123328-e882ef,identify,tight,IMG_3438.heic,"[133, 186, 824, 900]",T066,0.669,T066:0.669;Fist:0.618;Aztec:0.539;Lotus:0.538;Cruella:0.537,0,,,
2026-10-10T12:33:33,20261010-123331-bb1973,identify,best,IMG_3439.heic,,T039_70,1.06,T039_70:1.06;Jigsaw:1.04;T066:0.87;Shingles:0.86;Esther:0.86,1,,,spot 1.8
2026-10-10T12:33:33,20261010-123331-bb1973,identify,sift,IMG_3439.heic,"[151, 64, 829, 843]",T039_70,1.8,T039_70:1.8;Jigsaw:1.1;T066:1.1;Shingles:0.7;Bubbles:0.7,1,,,
2026-10-10T12:33:33,20261010-123331-bb1973,identify,combined,IMG_3439.heic,"[151, 64, 829, 843]",T117,0.402,T117:0.402;Esther:0.387;Chopsticks:0.346;Shingles:0.326;Cruella:0.299,0,,,
2026-10-10T12:33:33,20261010-123331-bb1973,identify,full,IMG_3439.heic,,Flower_2,0.585,Flower_2:0.585;Cruella:0.515;Shingles:0.449;T117:0.428;Compass:0.352,0,,,
2026-10-10T12:33:33,20261010-123331-bb1973,identify,crop,IMG_3439.heic,"[151, 64, 829, 843]",T117,0.418,T117:0.418;Shingles:0.358;T103x:0.327;Esther:0.327;Cruella:0.323,0,,,
2026-10-10T12:33:33,20261010-123331-bb1973,identify,tight,IMG_3439.heic,"[151, 64, 829, 843]",Shingles,0.562,Shingles:0.562;D.E.P.:0.532;T117:0.523;Compass:0.522;Esther:0.504,0,,,
2026-10-10T12:33:36,20261010-123333-509ebb,identify,best,IMG_3440.heic,,Compass,0.78,Compass:0.78;Cruella:0.76;Aztec:0.58;Fist:0.55;T117:0.53,1,,,spot 0.5
2026-10-10T12:33:36,20261010-123333-509ebb,identify,sift,IMG_3440.heic,"[103, 219, 848, 988]",Cruella,0.5,Cruella:0.5;Compass:0.5;Bubbles:0.4;Fist:0.4;Glyph:0.4,1,,,
2026-10-10T12:33:36,20261010-123333-509ebb,identify,combined,IMG_3440.heic,"[103, 219, 848, 988]",Compass,0.382,Compass:0.382;Aztec:0.374;Cruella:0.34;T117:0.334;Jigsaw:0.296,0,,,
2026-10-10T12:33:36,20261010-123333-509ebb,identify,full,IMG_3440.heic,,Flower_2,0.548,Flower_2:0.548;Compass:0.535;Cruella:0.469;Shingles:0.426;Jigsaw:0.425,0,,,
2026-10-10T12:33:36,20261010-123333-509ebb,identify,crop,IMG_3440.heic,"[103, 219, 848, 988]",Compass,0.479,Compass:0.479;Cruella:0.456;Shingles:0.42;Strobe:0.404;Sunflower:0.4,0,,,
2026-10-10T12:33:36,20261010-123333-509ebb,identify,tight,IMG_3440.heic,"[103, 219, 848, 988]",Sunflower,0.555,Sunflower:0.555;T066:0.543;T122:0.496;T117:0.47;Cruella:0.468,0,,,
2026-10-10T12:33:39,20261010-123336-6ce11a,identify,best,IMG_3441.heic,,D.E.P.,0.93,D.E.P.:0.93;T039_70:0.88;Rooster_II:0.8;T117:0.75;Jigsaw:0.71,1,,,spot 0.2
2026-10-10T12:33:39,20261010-123336-6ce11a,identify,sift,IMG_3441.heic,"[94, 107, 912, 938]",T117,0.7,T117:0.7;Glyph:0.6;Jigsaw:0.5;Bubbles:0.4;Rooster_II:0.4,1,,,
2026-10-10T12:33:39,20261010-123336-6ce11a,identify,combined,IMG_3441.heic,"[94, 107, 912, 938]",D.E.P.,0.703,D.E.P.:0.703;T039_70:0.568;Rooster_II:0.473;Faded_Flower:0.449;Shingles:0.43,0,,,
2026-10-10T12:33:39,20261010-123336-6ce11a,identify,full,IMG_3441.heic,,T039_70,0.656,T039_70:0.656;D.E.P.:0.645;Shingles:0.636;Rooster_II:0.53;T104:0.52,0,,,
2026-10-10T12:33:39,20261010-123336-6ce11a,identify,crop,IMG_3441.heic,"[94, 107, 912, 938]",Shingles,0.678,Shingles:0.678;D.E.P.:0.665;Rooster_II:0.657;T039_70:0.643;T104:0.636,0,,,
2026-10-10T12:33:39,20261010-123336-6ce11a,identify,tight,IMG_3441.heic,"[94, 107, 912, 938]",D.E.P.,0.855,D.E.P.:0.855;T039_70:0.754;Faded_Flower:0.61;Shingles:0.584;Rooster_II:0.517,0,,,
2026-10-10T12:33:44,20261010-123339-65e72d,identify,best,IMG_3443.HEIC,,Esther,0.81,Esther:0.81;Shingles:0.73;Rooster_II:0.68;Bubbles:0.68;Spikey:0.63,1,,,spot 0.4
2026-10-10T12:33:44,20261010-123339-65e72d,identify,sift,IMG_3443.HEIC,"[559, 317, 839, 477]",Rooster_II,0.6,Rooster_II:0.6;Shingles:0.5;Flower:0.5;Bubbles:0.5;Jigsaw:0.5,1,,,
2026-10-10T12:33:44,20261010-123339-65e72d,identify,combined,IMG_3443.HEIC,"[559, 317, 839, 477]",Esther,0.473,Esther:0.473;Lotus:0.318;Shingles:0.314;Bubbles:0.275;Spikey:0.269,0,,,
2026-10-10T12:33:44,20261010-123339-65e72d,identify,full,IMG_3443.HEIC,,Lotus,0.395,Lotus:0.395;T117:0.359;Cruella:0.32;Glyph:0.299;T039_70:0.291,0,,,
2026-10-10T12:33:44,20261010-123339-65e72d,identify,crop,IMG_3443.HEIC,"[559, 317, 839, 477]",Esther,0.444,Esther:0.444;Shingles:0.441;Lotus:0.435;T039_70:0.342;Compass:0.34,0,,,
2026-10-10T12:33:44,20261010-123339-65e72d,identify,tight,IMG_3443.HEIC,"[559, 317, 839, 477]",Esther,0.527,Esther:0.527;Cruella:0.499;Lotus:0.489;Jigsaw:0.476;T039_70:0.346,0,,,
2026-10-10T12:33:46,20261010-123344-00ba57,identify,best,IMG_3444.heic,,Spikey,2.69,Spikey:2.69;Chopsticks:1.24;D.E.P.:1.19;Compass:1.04;Shingles:1.0,0,,,spot 9.5
2026-10-10T12:33:46,20261010-123344-00ba57,identify,sift,IMG_3444.heic,"[174, 127, 915, 831]",Spikey,9.5,Spikey:9.5;Chopsticks:1.7;Glyph:1.5;D.E.P.:1.2;Compass:0.9,0,,,
2026-10-10T12:33:46,20261010-123344-00ba57,identify,combined,IMG_3444.heic,"[174, 127, 915, 831]",Shingles,0.436,Shingles:0.436;Cruella:0.436;D.E.P.:0.404;Compass:0.378;Flower_2:0.377,0,,,
2026-10-10T12:33:46,20261010-123344-00ba57,identify,full,IMG_3444.heic,,Flower_2,0.621,Flower_2:0.621;Cruella:0.582;Compass:0.576;Sunflower:0.531;Flower:0.522,0,,,
2026-10-10T12:33:46,20261010-123344-00ba57,identify,crop,IMG_3444.heic,"[174, 127, 915, 831]",Compass,0.571,Compass:0.571;Cruella:0.535;Flower_2:0.509;T122:0.45;Sunflower:0.415,0,,,
2026-10-10T12:33:46,20261010-123344-00ba57,identify,tight,IMG_3444.heic,"[174, 127, 915, 831]",T122,0.641,T122:0.641;Cruella:0.627;D.E.P.:0.609;Flower:0.586;Emoji:0.579,0,,,
2026-10-10T12:33:49,20261010-123346-5603eb,identify,best,IMG_3445.heic,,Spikey,2.01,Spikey:2.01;Cruella:1.03;T117:1.02;Compass:0.96;Jigsaw:0.88,0,,,spot 4.4
2026-10-10T12:33:49,20261010-123346-5603eb,identify,sift,IMG_3445.heic,"[63, 85, 933, 891]",Spikey,4.4,Spikey:4.4;Jigsaw:0.9;Wishbone:0.8;Chopsticks:0.7;Rooster_II:0.7,0,,,
2026-10-10T12:33:49,20261010-123346-5603eb,identify,combined,IMG_3445.heic,"[63, 85, 933, 891]",Cruella,0.611,Cruella:0.611;T117:0.514;Compass:0.471;T122:0.408;Shingles:0.39,0,,,
2026-10-10T12:33:49,20261010-123346-5603eb,identify,full,IMG_3445.heic,,Flower_2,0.664,Flower_2:0.664;Cruella:0.637;Flower:0.572;T117:0.511;T122:0.504,0,,,
2026-10-10T12:33:49,20261010-123346-5603eb,identify,crop,IMG_3445.heic,"[63, 85, 933, 891]",Cruella,0.679,Cruella:0.679;T117:0.653;Flower_2:0.598;Compass:0.536;T122:0.512,0,,,
2026-10-10T12:33:49,20261010-123346-5603eb,identify,tight,IMG_3445.heic,"[63, 85, 933, 891]",Cruella,0.694,Cruella:0.694;T122:0.601;Flower_2:0.579;Compass:0.57;Spikey:0.547,0,,,
2026-10-10T12:33:52,20261010-123349-079c24,identify,best,IMG_3446.HEIC,,Cruella,0.81,Cruella:0.81;Lotus:0.66;Jigsaw:0.6;T117:0.56;Esther:0.54,1,,,spot 0.4
2026-10-10T12:33:52,20261010-123349-079c24,identify,sift,IMG_3446.HEIC,"[785, 532, 843, 592]",Flower,0.5,Flower:0.5;Cruella:0.4;Jigsaw:0.4;Lotus:0.3;T103x:0.3,1,,,
2026-10-10T12:33:52,20261010-123349-079c24,identify,combined,IMG_3446.HEIC,"[785, 532, 843, 592]",Cruella,0.496,Cruella:0.496;Esther:0.418;Lotus:0.381;T117:0.34;Jigsaw:0.282,0,,,
2026-10-10T12:33:52,20261010-123349-079c24,identify,full,IMG_3446.HEIC,,Lotus,0.493,Lotus:0.493;Shingles:0.392;Esther:0.38;T117:0.37;Cruella:0.291,0,,,
2026-10-10T12:33:52,20261010-123349-079c24,identify,crop,IMG_3446.HEIC,"[785, 532, 843, 592]",Cruella,0.719,Cruella:0.719;T117:0.618;Flower_2:0.581;Jigsaw:0.527;Flower:0.515,0,,,
2026-10-10T12:33:52,20261010-123349-079c24,identify,tight,IMG_3446.HEIC,"[785, 532, 843, 592]",Cruella,0.645,Cruella:0.645;Lotus:0.614;T117:0.585;Esther:0.575;Jigsaw:0.572,0,,,
2026-10-10T12:33:55,20261010-123352-932a2d,identify,best,IMG_3447.heic,,T117,2.18,T117:2.18;Jigsaw:0.97;T039_70:0.67;Cruella:0.64;Shingles:0.57,0,,,spot 4.0
2026-10-10T12:33:55,20261010-123352-932a2d,identify,sift,IMG_3447.heic,"[105, 150, 834, 917]",T117,4.0,T117:4.0;T039_70:0.9;Jigsaw:0.8;Shingles:0.5;Wishbone:0.4,0,,,
2026-10-10T12:33:55,20261010-123352-932a2d,identify,combined,IMG_3447.heic,"[105, 150, 834, 917]",T117,0.564,T117:0.564;Cruella:0.433;Jigsaw:0.359;Sunflower:0.353;Chopsticks:0.352,0,,,
2026-10-10T12:33:55,20261010-123352-932a2d,identify,full,IMG_3447.heic,,T117,0.634,T117:0.634;Flower:0.489;Sunflower:0.487;Esther:0.424;D.E.P.:0.411,0,,,
2026-10-10T12:33:55,20261010-123352-932a2d,identify,crop,IMG_3447.heic,"[105, 150, 834, 917]",T117,0.615,T117:0.615;Compass:0.557;Cruella:0.513;Flower_2:0.421;T122:0.413,0,,,
2026-10-10T12:33:55,20261010-123352-932a2d,identify,tight,IMG_3447.heic,"[105, 150, 834, 917]",T122,0.629,T122:0.629;T117:0.576;Cruella:0.526;Sunflower:0.499;Glyph:0.496,0,,,
2026-10-10T12:34:00,20261010-123355-80784a,identify,best,IMG_3448.heic,,T117,1.87,T117:1.87;Flower:0.76;Cruella:0.73;Sunflower:0.62;Compass:0.57,1,,,spot 3.2
2026-10-10T12:34:00,20261010-123355-80784a,identify,sift,IMG_3448.heic,"[105, 127, 921, 938]",T117,3.2,T117:3.2;D.E.P.:0.4;T044:0.4;T066:0.3;Flower:0.3,1,,,
2026-10-10T12:34:00,20261010-123355-80784a,identify,combined,IMG_3448.heic,"[105, 127, 921, 938]",Flower,0.466,Flower:0.466;Cruella:0.465;T117:0.425;T122:0.356;Sunflower:0.353,0,,,
2026-10-10T12:34:00,20261010-123355-80784a,identify,full,IMG_3448.heic,,T117,0.645,T117:0.645;Sunflower:0.536;Jigsaw:0.525;Strobe:0.522;Flower:0.465,0,,,
2026-10-10T12:34:00,20261010-123355-80784a,identify,crop,IMG_3448.heic,"[105, 127, 921, 938]",Cruella,0.628,Cruella:0.628;Flower:0.598;Sunflower:0.539;T122:0.521;Compass:0.485,0,,,
2026-10-10T12:34:00,20261010-123355-80784a,identify,tight,IMG_3448.heic,"[105, 127, 921, 938]",T117,0.59,T117:0.59;Flower:0.558;T066:0.555;Sunflower:0.537;Cruella:0.52,0,,,
2026-10-10T12:34:02,20261010-123400-f7de4c,identify,best,IMG_3449.heic,,T117,2.08,T117:2.08;Compass:0.57;T066:0.56;Flower:0.55;Chopsticks:0.55,1,,,spot 3.7
2026-10-10T12:34:02,20261010-123400-f7de4c,identify,sift,IMG_3449.heic,"[78, 86, 929, 908]",T117,3.7,T117:3.7;Compass:0.5;D.E.P.:0.4;Chopsticks:0.4;Flower:0.4,1,,,
2026-10-10T12:34:02,20261010-123400-f7de4c,identify,combined,IMG_3449.heic,"[78, 86, 929, 908]",T117,0.531,T117:0.531;T122:0.306;Shingles:0.301;Lotus:0.267;Cruella:0.261,0,,,
2026-10-10T12:34:02,20261010-123400-f7de4c,identify,full,IMG_3449.heic,,Sunflower,0.522,Sunflower:0.522;T117:0.464;Flower:0.463;Lotus:0.453;Shingles:0.44,0,,,
2026-10-10T12:34:02,20261010-123400-f7de4c,identify,crop,IMG_3449.heic,"[78, 86, 929, 908]",Flower,0.613,Flower:0.613;Sunflower:0.587;T122:0.541;T117:0.528;Shingles:0.428,0,,,
2026-10-10T12:34:02,20261010-123400-f7de4c,identify,tight,IMG_3449.heic,"[78, 86, 929, 908]",T117,0.525,T117:0.525;Chopsticks:0.494;T066:0.468;Shingles:0.455;T016:0.431,0,,,
2026-10-10T12:34:05,20261010-123402-792ae9,identify,best,IMG_3450.HEIC,,Compass,1.75,Compass:1.75;T117:0.8;Rooster_II:0.75;Flower:0.71;Cruella:0.7,1,,,spot 2.6
2026-10-10T12:34:05,20261010-123402-792ae9,identify,sift,IMG_3450.HEIC,"[214, 260, 608, 642]",Compass,2.6,Compass:2.6;Flower:0.6;T066:0.6;Rooster_II:0.6;T117:0.4,1,,,
2026-10-10T12:34:05,20261010-123402-792ae9,identify,combined,IMG_3450.HEIC,"[214, 260, 608, 642]",Compass,0.477,Compass:0.477;T117:0.44;Cruella:0.373;Aztec:0.302;Spikey:0.302,0,,,
2026-10-10T12:34:05,20261010-123402-792ae9,identify,full,IMG_3450.HEIC,,Cruella,0.633,Cruella:0.633;T117:0.625;T122:0.6;Flower_2:0.591;Compass:0.525,0,,,
2026-10-10T12:34:05,20261010-123402-792ae9,identify,crop,IMG_3450.HEIC,"[214, 260, 608, 642]",T117,0.501,T117:0.501;Compass:0.499;Cruella:0.491;Jigsaw:0.436;T122:0.386,0,,,
2026-10-10T12:34:05,20261010-123402-792ae9,identify,tight,IMG_3450.HEIC,"[214, 260, 608, 642]",T122,0.686,T122:0.686;Compass:0.639;Spikey:0.577;T117:0.533;Jigsaw:0.495,0,,,
2026-10-10T12:34:09,20261010-123405-54a775,identify,best,IMG_3451.heic,,Compass,2.29,Compass:2.29;Spikey:0.82;T122:0.75;Cruella:0.68;D.E.P.:0.67,0,,,spot 5.3
2026-10-10T12:34:09,20261010-123405-54a775,identify,sift,IMG_3451.heic,"[170, 281, 936, 960]",Compass,5.3,Compass:5.3;T103x:0.4;Bubbles:0.4;T122:0.4;Chopsticks:0.4,0,,,
2026-10-10T12:34:09,20261010-123405-54a775,identify,combined,IMG_3451.heic,"[170, 281, 936, 960]",Spikey,0.536,Spikey:0.536;Sunflower:0.445;Compass:0.443;T122:0.391;T117:0.39,0,,,
2026-10-10T12:34:09,20261010-123405-54a775,identify,full,IMG_3451.heic,,Compass,0.609,Compass:0.609;Jigsaw:0.475;Strobe:0.469;T117:0.431;T122:0.418,0,,,
2026-10-10T12:34:09,20261010-123405-54a775,identify,crop,IMG_3451.heic,"[170, 281, 936, 960]",Compass,0.529,Compass:0.529;Spikey:0.516;T117:0.491;Jigsaw:0.471;Cruella:0.442,0,,,
2026-10-10T12:34:09,20261010-123405-54a775,identify,tight,IMG_3451.heic,"[170, 281, 936, 960]",T122,0.778,T122:0.778;Spikey:0.566;Compass:0.526;Strobe:0.512;Cruella:0.483,0,,,
2026-10-10T12:34:12,20261010-123409-9172e9,identify,best,IMG_3452.heic,,T117,2.04,T117:2.04;T039_70:0.92;Jigsaw:0.9;Sunflower:0.85;Cruella:0.81,0,,,spot 4.0
2026-10-10T12:34:12,20261010-123409-9172e9,identify,sift,IMG_3452.heic,"[63, 102, 951, 967]",T117,4.0,T117:4.0;T039_70:1.3;Jigsaw:1.1;Sunflower:0.9;Jazzy:0.9,0,,,
2026-10-10T12:34:12,20261010-123409-9172e9,identify,combined,IMG_3452.heic,"[63, 102, 951, 967]",T066,0.474,T066:0.474;Faded_Flower:0.452;T117:0.435;T044:0.327;Shingles:0.325,0,,,
2026-10-10T12:34:12,20261010-123409-9172e9,identify,full,IMG_3452.heic,,Shingles,0.562,Shingles:0.562;Sunflower:0.51;T044:0.45;Faded_Flower:0.437;T066:0.411,0,,,
2026-10-10T12:34:12,20261010-123409-9172e9,identify,crop,IMG_3452.heic,"[63, 102, 951, 967]",Faded_Flower,0.605,Faded_Flower:0.605;Sunflower:0.516;Flower:0.484;Shingles:0.454;T044:0.44,0,,,
2026-10-10T12:34:12,20261010-123409-9172e9,identify,tight,IMG_3452.heic,"[63, 102, 951, 967]",T117,0.607,T117:0.607;T066:0.541;Sunflower:0.507;Lotus:0.492;Flower:0.487,0,,,
2026-10-10T12:34:15,20261010-123412-b991bb,identify,best,IMG_3453.HEIC,,T117,2.15,T117:2.15;Shingles:1.21;Faded_Flower:1.11;Cruella:1.01;Jigsaw:0.97,0,,,spot 4.9
2026-10-10T12:34:15,20261010-123412-b991bb,identify,sift,IMG_3453.HEIC,"[100, 48, 770, 822]",T117,4.9,T117:4.9;Shingles:1.5;T039_70:1.2;Jigsaw:1.2;Cruella:1.0,0,,,
2026-10-10T12:34:15,20261010-123412-b991bb,identify,combined,IMG_3453.HEIC,"[100, 48, 770, 822]",Faded_Flower,0.559,Faded_Flower:0.559;T066:0.402;T117:0.379;Cruella:0.33;Shingles:0.312,0,,,
2026-10-10T12:34:15,20261010-123412-b991bb,identify,full,IMG_3453.HEIC,,Faded_Flower,0.691,Faded_Flower:0.691;Sunflower:0.503;Strobe_II:0.48;Cruella:0.441;Flower:0.397,0,,,
2026-10-10T12:34:15,20261010-123412-b991bb,identify,crop,IMG_3453.HEIC,"[100, 48, 770, 822]",Faded_Flower,0.668,Faded_Flower:0.668;Flower:0.54;Cruella:0.532;T066:0.515;T045:0.49,0,,,
2026-10-10T12:34:15,20261010-123412-b991bb,identify,tight,IMG_3453.HEIC,"[100, 48, 770, 822]",Shingles,0.585,Shingles:0.585;T016:0.518;Esther:0.516;Faded_Flower:0.475;Chopsticks:0.461,0,,,
2026-10-10T12:34:17,20261010-123415-b1ea86,identify,best,IMG_3454.heic,,T117,2.03,T117:2.03;T039_70:1.09;Cruella:1.0;Esther:0.98;Sunflower:0.96,0,,,spot 4.3
2026-10-10T12:34:17,20261010-123415-b1ea86,identify,sift,IMG_3454.heic,"[75, 52, 730, 969]",T117,4.3,T117:4.3;T039_70:2.1;Strobe:1.3;D.E.P.:1.1;Cruella:0.8,0,,,
2026-10-10T12:34:17,20261010-123415-b1ea86,identify,combined,IMG_3454.heic,"[75, 52, 730, 969]",Cruella,0.41,Cruella:0.41;Esther:0.394;T016:0.374;T117:0.372;Faded_Flower:0.372,0,,,
2026-10-10T12:34:17,20261010-123415-b1ea86,identify,full,IMG_3454.heic,,Faded_Flower,0.527,Faded_Flower:0.527;Sunflower:0.512;T117:0.482;Cruella:0.427;Shingles:0.418,0,,,
2026-10-10T12:34:17,20261010-123415-b1ea86,identify,crop,IMG_3454.heic,"[75, 52, 730, 969]",T117,0.616,T117:0.616;Cruella:0.527;T104:0.457;T066:0.456;Wishbone:0.45,0,,,
2026-10-10T12:34:17,20261010-123415-b1ea86,identify,tight,IMG_3454.heic,"[75, 52, 730, 969]",Shingles,0.579,Shingles:0.579;Chopsticks:0.577;T104:0.547;T117:0.523;T047x:0.483,0,,,
2026-10-10T12:34:19,20261010-123417-2dd931,identify,best,IMG_3455.HEIC,,Jigsaw,1.98,Jigsaw:1.98;Esther:1.78;Cruella:1.63;Flower:1.48;T117:1.45,0,,,spot 4.1
2026-10-10T12:34:19,20261010-123417-2dd931,identify,sift,IMG_3455.HEIC,"[809, 160, 892, 238]",Jigsaw,4.1,Jigsaw:4.1;Flower:2.9;Emoji:2.3;Strobe:2.3;Sunflower:2.3,0,,,
2026-10-10T12:34:19,20261010-123417-2dd931,identify,combined,IMG_3455.HEIC,"[809, 160, 892, 238]",Esther,0.572,Esther:0.572;Cruella:0.425;Jigsaw:0.35;Lotus:0.31;T104:0.291,0,,,
2026-10-10T12:34:19,20261010-123417-2dd931,identify,full,IMG_3455.HEIC,,Shingles,0.371,Shingles:0.371;Lotus:0.348;T117:0.338;Jigsaw:0.311;Bubbles:0.305,0,,,
2026-10-10T12:34:19,20261010-123417-2dd931,identify,crop,IMG_3455.HEIC,"[809, 160, 892, 238]",Esther,0.716,Esther:0.716;Cruella:0.534;Flower:0.507;Lotus:0.494;T104:0.486,0,,,
2026-10-10T12:34:19,20261010-123417-2dd931,identify,tight,IMG_3455.HEIC,"[809, 160, 892, 238]",Cruella,0.671,Cruella:0.671;Esther:0.667;T117:0.634;Jigsaw:0.61;Lotus:0.515,0,,,
2026-10-10T12:34:22,20261010-123419-2de3c9,identify,best,IMG_3456.heic,,Compass,0.95,Compass:0.95;Spikey:0.93;Cruella:0.85;T066:0.84;T117:0.72,1,,,spot 0.9
2026-10-10T12:34:22,20261010-123419-2de3c9,identify,sift,IMG_3456.heic,"[75, 126, 882, 889]",T066,1.1,T066:1.1;Compass:0.9;Spikey:0.8;T117:0.7;Shingles:0.6,1,,,
2026-10-10T12:34:22,20261010-123419-2de3c9,identify,combined,IMG_3456.heic,"[75, 126, 882, 889]",Cruella,0.404,Cruella:0.404;T122:0.375;D.E.P.:0.356;Spikey:0.35;Emoji:0.329,0,,,
2026-10-10T12:34:22,20261010-123419-2de3c9,identify,full,IMG_3456.heic,,T122,0.556,T122:0.556;Cruella:0.548;Emoji:0.48;T117:0.451;D.E.P.:0.398,0,,,
2026-10-10T12:34:22,20261010-123419-2de3c9,identify,crop,IMG_3456.heic,"[75, 126, 882, 889]",Emoji,0.503,Emoji:0.503;Cruella:0.487;T122:0.438;Sunflower:0.428;Compass:0.424,0,,,
2026-10-10T12:34:22,20261010-123419-2de3c9,identify,tight,IMG_3456.heic,"[75, 126, 882, 889]",D.E.P.,0.626,D.E.P.:0.626;Emoji:0.626;T122:0.589;T045:0.585;Cruella:0.564,0,,,
2026-10-10T12:34:26,20261010-123422-a4b1c9,identify,best,IMG_3457.heic,,Spikey,1.74,Spikey:1.74;Chopsticks:1.13;Cruella:1.0;Compass:0.95;Lotus:0.89,1,,,spot 2.7
2026-10-10T12:34:26,20261010-123422-a4b1c9,identify,sift,IMG_3457.heic,"[10, 114, 755, 848]",Spikey,2.7,Spikey:2.7;Chopsticks:1.7;Lotus:1.3;Cruella:1.1;T066:1.0,1,,,
2026-10-10T12:34:26,20261010-123422-a4b1c9,identify,combined,IMG_3457.heic,"[10, 114, 755, 848]",T122,0.472,T122:0.472;Spikey:0.44;Compass:0.369;Emoji:0.34;T117:0.317,0,,,
2026-10-10T12:34:26,20261010-123422-a4b1c9,identify,full,IMG_3457.heic,,T122,0.581,T122:0.581;Emoji:0.513;Cruella:0.5;D.E.P.:0.484;Compass:0.428,0,,,
2026-10-10T12:34:26,20261010-123422-a4b1c9,identify,crop,IMG_3457.heic,"[10, 114, 755, 848]",Compass,0.519,Compass:0.519;Cruella:0.424;D.E.P.:0.419;T122:0.384;Emoji:0.369,0,,,
2026-10-10T12:34:26,20261010-123422-a4b1c9,identify,tight,IMG_3457.heic,"[10, 114, 755, 848]",T122,0.613,T122:0.613;Cruella:0.551;Compass:0.529;D.E.P.:0.526;Spikey:0.495,0,,,
2026-10-10T12:34:29,20261010-123426-e95a56,identify,best,IMG_3458.HEIC,,Spikey,1.17,Spikey:1.17;T122:1.03;Cruella:0.96;Jigsaw:0.95;D.E.P.:0.88,1,,,spot 1.3
2026-10-10T12:34:29,20261010-123426-e95a56,identify,sift,IMG_3458.HEIC,"[0, 143, 762, 897]",Spikey,1.3,Spikey:1.3;Sunflower:1.0;Cruella:0.8;T122:0.8;Jigsaw:0.8,1,,,
2026-10-10T12:34:29,20261010-123426-e95a56,identify,combined,IMG_3458.HEIC,"[0, 143, 762, 897]",Emoji,0.535,Emoji:0.535;D.E.P.:0.515;T122:0.435;Cruella:0.36;Jigsaw:0.355,0,,,
2026-10-10T12:34:29,20261010-123426-e95a56,identify,full,IMG_3458.HEIC,,D.E.P.,0.466,D.E.P.:0.466;T122:0.46;Emoji:0.438;Compass:0.428;Cruella:0.415,0,,,
2026-10-10T12:34:29,20261010-123426-e95a56,identify,crop,IMG_3458.HEIC,"[0, 143, 762, 897]",Emoji,0.506,Emoji:0.506;D.E.P.:0.444;T117:0.407;Cruella:0.368;Compass:0.358,0,,,
2026-10-10T12:34:29,20261010-123426-e95a56,identify,tight,IMG_3458.HEIC,"[0, 143, 762, 897]",T122,0.565,T122:0.565;Cruella:0.531;Compass:0.485;Spikey:0.482;T117:0.469,0,,,
2026-10-10T12:34:31,20261010-123429-e3b938,identify,best,IMG_3459.heic,,Spikey,0.98,Spikey:0.98;Cruella:0.97;T117:0.88;Compass:0.88;Shingles:0.86,1,,,spot 0.8
2026-10-10T12:34:31,20261010-123429-e3b938,identify,sift,IMG_3459.heic,"[75, 103, 936, 897]",Chopsticks,0.9,Chopsticks:0.9;Lotus:0.8;Spikey:0.8;Shingles:0.7;Sunflower:0.7,1,,,
2026-10-10T12:34:31,20261010-123429-e3b938,identify,combined,IMG_3459.heic,"[75, 103, 936, 897]",Cruella,0.453,Cruella:0.453;T122:0.428;T117:0.423;D.E.P.:0.371;Spikey:0.37,0,,,
2026-10-10T12:34:31,20261010-123429-e3b938,identify,full,IMG_3459.heic,,T117,0.444,T117:0.444;Cruella:0.436;Shingles:0.429;Compass:0.424;D.E.P.:0.421,0,,,
2026-10-10T12:34:31,20261010-123429-e3b938,identify,crop,IMG_3459.heic,"[75, 103, 936, 897]",T117,0.577,T117:0.577;Cruella:0.56;Shingles:0.528;Compass:0.507;Flower_2:0.42,0,,,
2026-10-10T12:34:31,20261010-123429-e3b938,identify,tight,IMG_3459.heic,"[75, 103, 936, 897]",Spikey,0.607,Spikey:0.607;Shingles:0.598;T122:0.558;Cruella:0.554;D.E.P.:0.522,0,,,
2026-10-10T12:34:33,20261010-123431-e686a7,identify,best,IMG_3460.heic,,Spikey,1.33,Spikey:1.33;Cruella:1.12;Jigsaw:1.1;T117:0.97;Compass:0.93,1,,,spot 1.3
2026-10-10T12:34:33,20261010-123431-e686a7,identify,sift,IMG_3460.heic,"[41, 62, 979, 903]",Jigsaw,1.5,Jigsaw:1.5;Spikey:1.3;Chopsticks:1.2;Bubbles:1.1;T066:1.0,1,,,
2026-10-10T12:34:33,20261010-123431-e686a7,identify,combined,IMG_3460.heic,"[41, 62, 979, 903]",Spikey,0.485,Spikey:0.485;Cruella:0.43;Compass:0.418;T122:0.418;T117:0.368,0,,,
2026-10-10T12:34:33,20261010-123431-e686a7,identify,full,IMG_3460.heic,,Cruella,0.473,Cruella:0.473;Flower_2:0.472;Compass:0.45;T122:0.389;T117:0.374,0,,,
2026-10-10T12:34:33,20261010-123431-e686a7,identify,crop,IMG_3460.heic,"[41, 62, 979, 903]",Compass,0.779,Compass:0.779;Cruella:0.536;Flower_2:0.502;T122:0.495;T117:0.442,0,,,
2026-10-10T12:34:33,20261010-123431-e686a7,identify,tight,IMG_3460.heic,"[41, 62, 979, 903]",Spikey,0.681,Spikey:0.681;Cruella:0.547;T103x:0.533;Flower:0.528;T122:0.495,0,,,
2026-10-10T12:34:38,20261010-123433-5721e4,identify,best,IMG_3461.heic,,Spikey,0.99,Spikey:0.99;Rooster_II:0.82;T117:0.76;Cruella:0.75;Esther:0.71,1,,,spot 0.9
2026-10-10T12:34:38,20261010-123433-5721e4,identify,sift,IMG_3461.heic,"[188, 154, 836, 920]",Spikey,0.9,Spikey:0.9;T066:0.8;T117:0.7;Jigsaw:0.7;Esther:0.7,1,,,
2026-10-10T12:34:38,20261010-123433-5721e4,identify,combined,IMG_3461.heic,"[188, 154, 836, 920]",Rooster_II,0.367,Rooster_II:0.367;T122:0.346;Spikey:0.342;Cruella:0.332;Emoji:0.325,0,,,
2026-10-10T12:34:38,20261010-123433-5721e4,identify,full,IMG_3461.heic,,T122,0.44,T122:0.44;D.E.P.:0.433;Emoji:0.41;Rooster:0.405;Compass:0.394,0,,,
2026-10-10T12:34:38,20261010-123433-5721e4,identify,crop,IMG_3461.heic,"[188, 154, 836, 920]",Compass,0.524,Compass:0.524;T122:0.503;Emoji:0.47;Flower_2:0.422;Cruella:0.416,0,,,
2026-10-10T12:34:38,20261010-123433-5721e4,identify,tight,IMG_3461.heic,"[188, 154, 836, 920]",Spikey,0.632,Spikey:0.632;Rooster_II:0.553;T122:0.55;D.E.P.:0.532;Emoji:0.501,0,,,
2026-10-10T12:34:40,20261010-123438-979ed7,identify,best,IMG_3462.heic,,T117,1.39,T117:1.39;Jigsaw:1.16;Compass:1.15;D.E.P.:1.08;Cruella:1.07,1,,,spot 1.8
2026-10-10T12:34:40,20261010-123438-979ed7,identify,sift,IMG_3462.heic,"[201, 309, 675, 772]",T117,1.8,T117:1.8;Compass:1.8;Jigsaw:1.5;D.E.P.:1.2;Glyph:1.2,1,,,
2026-10-10T12:34:40,20261010-123438-979ed7,identify,combined,IMG_3462.heic,"[201, 309, 675, 772]",T066,0.415,T066:0.415;T117:0.369;Esther:0.305;D.E.P.:0.304;Flower:0.293,0,,,
2026-10-10T12:34:40,20261010-123438-979ed7,identify,full,IMG_3462.heic,,T117,0.526,T117:0.526;D.E.P.:0.52;Compass:0.492;Cruella:0.444;Glyph:0.395,0,,,
2026-10-10T12:34:40,20261010-123438-979ed7,identify,crop,IMG_3462.heic,"[201, 309, 675, 772]",T117,0.424,T117:0.424;Lotus:0.376;Stilts:0.361;Shingles:0.341;Esther:0.333,0,,,
2026-10-10T12:34:40,20261010-123438-979ed7,identify,tight,IMG_3462.heic,"[201, 309, 675, 772]",Esther,0.469,Esther:0.469;D.E.P.:0.441;Shingles:0.424;T117:0.419;T103x:0.386,0,,,
2026-10-10T12:34:46,20261010-123440-f19fdf,identify,best,IMG_3465.heic,,Spikey,1.37,Spikey:1.37;T117:0.88;Compass:0.78;Shingles:0.76;T039_70:0.75,1,,,spot 1.7
2026-10-10T12:34:46,20261010-123440-f19fdf,identify,sift,IMG_3465.heic,"[108, 143, 853, 936]",Spikey,1.7,Spikey:1.7;T039_70:0.8;T104:0.6;Chopsticks:0.6;Cruella:0.5,1,,,
2026-10-10T12:34:46,20261010-123440-f19fdf,identify,combined,IMG_3465.heic,"[108, 143, 853, 936]",T117,0.473,T117:0.473;Compass:0.381;Spikey:0.373;Shingles:0.365;Stilts:0.354,0,,,
2026-10-10T12:34:46,20261010-123440-f19fdf,identify,full,IMG_3465.heic,,Glyph,0.501,Glyph:0.501;T117:0.454;D.E.P.:0.451;Sunflower:0.448;Compass:0.446,0,,,
2026-10-10T12:34:46,20261010-123440-f19fdf,identify,crop,IMG_3465.heic,"[108, 143, 853, 936]",Compass,0.53,Compass:0.53;T117:0.516;Sunflower:0.455;Glyph:0.442;Shingles:0.419,0,,,
2026-10-10T12:34:46,20261010-123440-f19fdf,identify,tight,IMG_3465.heic,"[108, 143, 853, 936]",T117,0.454,T117:0.454;Lotus:0.436;Bubbles:0.425;Sunflower:0.42;Cruella:0.386,0,,,
2026-10-10T12:34:48,20261010-123446-354aed,identify,best,IMG_3470.heic,,Compass,1.65,Compass:1.65;T117:0.98;Aztec:0.81;Cruella:0.79;Shingles:0.78,1,,,spot 2.0
2026-10-10T12:34:48,20261010-123446-354aed,identify,sift,IMG_3470.heic,"[168, 260, 750, 936]",Compass,2.0,Compass:2.0;T117:0.9;Cruella:0.8;Faded_Flower:0.6;Jigsaw:0.6,1,,,
2026-10-10T12:34:48,20261010-123446-354aed,identify,combined,IMG_3470.heic,"[168, 260, 750, 936]",Compass,0.548,Compass:0.548;Spikey:0.4;Aztec:0.399;T117:0.353;D.E.P.:0.336,0,,,
2026-10-10T12:34:48,20261010-123446-354aed,identify,full,IMG_3470.heic,,Compass,0.493,Compass:0.493;T117:0.461;Jigsaw:0.455;Strobe:0.438;Shingles:0.438,0,,,
2026-10-10T12:34:48,20261010-123446-354aed,identify,crop,IMG_3470.heic,"[168, 260, 750, 936]",Compass,0.579,Compass:0.579;Spikey:0.541;T103x:0.472;T122:0.452;Jigsaw:0.437,0,,,
2026-10-10T12:34:48,20261010-123446-354aed,identify,tight,IMG_3470.heic,"[168, 260, 750, 936]",Spikey,0.673,Spikey:0.673;Compass:0.636;T117:0.534;Shingles:0.515;Aztec:0.494,0,,,
2026-10-10T12:34:51,20261010-123448-f88956,identify,best,IMG_3471.heic,,Compass,1.98,Compass:1.98;D.E.P.:0.76;Esther:0.75;T122:0.7;T117:0.7,1,,,spot 3.3
2026-10-10T12:34:51,20261010-123448-f88956,identify,sift,IMG_3471.heic,"[203, 168, 810, 807]",Compass,3.3,Compass:3.3;T122:0.7;Esther:0.6;Strobe_II:0.5;Flower:0.5,1,,,
2026-10-10T12:34:51,20261010-123448-f88956,identify,combined,IMG_3471.heic,"[203, 168, 810, 807]",Compass,0.531,Compass:0.531;D.E.P.:0.418;Spikey:0.399;T117:0.331;Lotus:0.278,0,,,
2026-10-10T12:34:51,20261010-123448-f88956,identify,full,IMG_3471.heic,,D.E.P.,0.526,D.E.P.:0.526;Compass:0.492;Jigsaw:0.463;Cruella:0.439;T103x:0.423,0,,,
2026-10-10T12:34:51,20261010-123448-f88956,identify,crop,IMG_3471.heic,"[203, 168, 810, 807]",Flower_2,0.538,Flower_2:0.538;Cruella:0.484;Compass:0.462;Flower:0.447;T117:0.432,0,,,
2026-10-10T12:34:51,20261010-123448-f88956,identify,tight,IMG_3471.heic,"[203, 168, 810, 807]",Compass,0.674,Compass:0.674;D.E.P.:0.579;T016:0.547;Rooster_II:0.496;Flower:0.495,0,,,
2026-10-10T12:34:54,20261010-123451-6150da,identify,best,IMG_3473.HEIC,,Shingles,0.66,Shingles:0.66;T039_70:0.55;Esther:0.54;T117:0.53;Cruella:0.53,1,,,spot 0.3
2026-10-10T12:34:54,20261010-123451-6150da,identify,sift,IMG_3473.HEIC,"[409, 323, 642, 638]",Chopsticks,0.4,Chopsticks:0.4;T117:0.4;T039_70:0.4;T022_23:0.4;Shingles:0.3,1,,,
2026-10-10T12:34:54,20261010-123451-6150da,identify,combined,IMG_3473.HEIC,"[409, 323, 642, 638]",Esther,0.422,Esther:0.422;Shingles:0.415;Cruella:0.296;Rooster_II:0.276;T026:0.262,0,,,
2026-10-10T12:34:54,20261010-123451-6150da,identify,full,IMG_3473.HEIC,,Lotus,0.405,Lotus:0.405;T117:0.357;Shingles:0.351;T039_70:0.332;Cruella:0.309,0,,,
2026-10-10T12:34:54,20261010-123451-6150da,identify,crop,IMG_3473.HEIC,"[409, 323, 642, 638]",Lotus,0.418,Lotus:0.418;Esther:0.414;T039_70:0.392;Shingles:0.386;T117:0.343,0,,,
2026-10-10T12:34:54,20261010-123451-6150da,identify,tight,IMG_3473.HEIC,"[409, 323, 642, 638]",Cruella,0.47,Cruella:0.47;Shingles:0.445;Aztec:0.427;T016:0.415;Jigsaw:0.403,0,,,
2026-10-10T12:34:56,20261010-123454-d898e4,identify,best,IMG_3474.heic,,Compass,0.82,Compass:0.82;T117:0.78;Chopsticks:0.67;Sunflower:0.6;Jigsaw:0.59,1,,,spot 0.6
2026-10-10T12:34:56,20261010-123454-d898e4,identify,sift,IMG_3474.heic,"[168, 178, 825, 897]",Wishbone,0.6,Wishbone:0.6;Compass:0.6;T117:0.4;Shingles:0.4;T122:0.4,1,,,
2026-10-10T12:34:56,20261010-123454-d898e4,identify,combined,IMG_3474.heic,"[168, 178, 825, 897]",T117,0.417,T117:0.417;Chopsticks:0.416;Compass:0.369;Jigsaw:0.341;Aztec:0.337,0,,,
2026-10-10T12:34:56,20261010-123454-d898e4,identify,full,IMG_3474.heic,,Compass,0.469,Compass:0.469;Jigsaw:0.457;T117:0.455;Sunflower:0.436;D.E.P.:0.426,0,,,
2026-10-10T12:34:56,20261010-123454-d898e4,identify,crop,IMG_3474.heic,"[168, 178, 825, 897]",T117,0.525,T117:0.525;Jigsaw:0.493;Compass:0.444;Aztec:0.405;Chopsticks:0.379,0,,,
2026-10-10T12:34:56,20261010-123454-d898e4,identify,tight,IMG_3474.heic,"[168, 178, 825, 897]",Glyph,0.606,Glyph:0.606;Sunflower:0.604;Compass:0.498;Cruella:0.498;Jigsaw:0.491,0,,,
2026-10-10T12:34:58,20261010-123456-686c59,identify,best,IMG_3475.HEIC,,Cruella,0.77,Cruella:0.77;Esther:0.68;Jigsaw:0.63;Rooster_II:0.62;Flower:0.58,1,,,spot 0.4
2026-10-10T12:34:58,20261010-123456-686c59,identify,sift,IMG_3475.HEIC,"[831, 310, 868, 384]",Wishbone,0.4,Wishbone:0.4;D.E.P.:0.4;Esther:0.4;Aztec:0.4;Spikey:0.4,1,,,
2026-10-10T12:34:58,20261010-123456-686c59,identify,combined,IMG_3475.HEIC,"[831, 310, 868, 384]",Cruella,0.435,Cruella:0.435;Jigsaw:0.364;Esther:0.342;Rooster_II:0.289;T117:0.265,0,,,
2026-10-10T12:34:58,20261010-123456-686c59,identify,full,IMG_3475.HEIC,,Shingles,0.402,Shingles:0.402;T117:0.334;Lotus:0.318;Cruella:0.281;Esther:0.28,0,,,
2026-10-10T12:34:58,20261010-123456-686c59,identify,crop,IMG_3475.HEIC,"[831, 310, 868, 384]",Cruella,0.773,Cruella:0.773;Jigsaw:0.586;Jazzy:0.452;Esther:0.417;Flower:0.416,0,,,
2026-10-10T12:34:58,20261010-123456-686c59,identify,tight,IMG_3475.HEIC,"[831, 310, 868, 384]",Cruella,0.507,Cruella:0.507;Jigsaw:0.486;Esther:0.405;Aztec:0.386;T117:0.364,0,,,
2026-10-10T12:35:01,20261010-123458-3c39f0,identify,best,IMG_3476.heic,,T117,0.89,T117:0.89;Glyph:0.72;Cruella:0.71;Esther:0.69;Jigsaw:0.68,1,,,spot 0.6
2026-10-10T12:35:01,20261010-123458-3c39f0,identify,sift,IMG_3476.heic,"[148, 178, 840, 873]",T066,0.7,T066:0.7;T104:0.6;T117:0.6;Esther:0.6;Cruella:0.6,1,,,
2026-10-10T12:35:01,20261010-123458-3c39f0,identify,combined,IMG_3476.heic,"[148, 178, 840, 873]",Glyph,0.49,Glyph:0.49;T117:0.43;T016:0.384;Aztec:0.314;Jigsaw:0.31,0,,,
2026-10-10T12:35:01,20261010-123458-3c39f0,identify,full,IMG_3476.heic,,Compass,0.597,Compass:0.597;Shingles:0.503;Jigsaw:0.502;T117:0.501;Flower:0.478,0,,,
2026-10-10T12:35:01,20261010-123458-3c39f0,identify,crop,IMG_3476.heic,"[148, 178, 840, 873]",T117,0.532,T117:0.532;Compass:0.439;Glyph:0.432;Chopsticks:0.425;Jigsaw:0.407,0,,,
2026-10-10T12:35:01,20261010-123458-3c39f0,identify,tight,IMG_3476.heic,"[148, 178, 840, 873]",T117,0.644,T117:0.644;T122:0.563;Jigsaw:0.559;Sunflower:0.556;Cruella:0.517,0,,,
2026-10-10T12:35:04,20261010-123501-b3b570,identify,best,IMG_3480.heic,,Emoji,0.93,Emoji:0.93;T122:0.71;Spikey:0.71;Cruella:0.66;D.E.P.:0.63,1,,,spot 0.4
2026-10-10T12:35:04,20261010-123501-b3b570,identify,sift,IMG_3480.heic,"[91, 107, 881, 895]",Flower,0.5,Flower:0.5;Shingles:0.4;Cruella:0.4;Emoji:0.4;Rooster_II:0.4,1,,,
2026-10-10T12:35:04,20261010-123501-b3b570,identify,combined,IMG_3480.heic,"[91, 107, 881, 895]",Emoji,0.593,Emoji:0.593;T122:0.477;Spikey:0.476;Flower_2:0.442;D.E.P.:0.399,0,,,
2026-10-10T12:35:04,20261010-123501-b3b570,identify,full,IMG_3480.heic,,Cruella,0.613,Cruella:0.613;Flower_2:0.598;T122:0.53;Compass:0.484;Flower:0.473,0,,,
2026-10-10T12:35:04,20261010-123501-b3b570,identify,crop,IMG_3480.heic,"[91, 107, 881, 895]",Emoji,0.585,Emoji:0.585;Compass:0.537;T122:0.527;Cruella:0.445;D.E.P.:0.44,0,,,
2026-10-10T12:35:04,20261010-123501-b3b570,identify,tight,IMG_3480.heic,"[91, 107, 881, 895]",T117,0.69,T117:0.69;Spikey:0.676;Emoji:0.6;T122:0.583;Cruella:0.535,0,,,
2026-10-10T12:35:07,20261010-123504-e08964,identify,best,IMG_3481.heic,,Emoji,1.57,Emoji:1.57;Cruella:1.07;Bubbles:1.01;D.E.P.:1.0;Compass:0.89,1,,,spot 1.8
2026-10-10T12:35:07,20261010-123504-e08964,identify,sift,IMG_3481.heic,"[134, 144, 884, 917]",Emoji,1.8,Emoji:1.8;Bubbles:1.1;Cruella:0.9;Compass:0.8;D.E.P.:0.8,1,,,
2026-10-10T12:35:07,20261010-123504-e08964,identify,combined,IMG_3481.heic,"[134, 144, 884, 917]",Flower_2,0.585,Flower_2:0.585;Emoji:0.521;T122:0.508;Sunflower:0.427;D.E.P.:0.416,0,,,
2026-10-10T12:35:07,20261010-123504-e08964,identify,full,IMG_3481.heic,,Cruella,0.627,Cruella:0.627;Shingles:0.593;T122:0.582;Flower_2:0.573;T117:0.496,0,,,
2026-10-10T12:35:07,20261010-123504-e08964,identify,crop,IMG_3481.heic,"[134, 144, 884, 917]",Cruella,0.66,Cruella:0.66;Flower_2:0.613;Shingles:0.537;T122:0.512;Compass:0.499,0,,,
2026-10-10T12:35:07,20261010-123504-e08964,identify,tight,IMG_3481.heic,"[134, 144, 884, 917]",T117,0.638,T117:0.638;Cruella:0.615;Glyph:0.612;Flower_2:0.591;T122:0.586,0,,,
2026-10-10T12:35:09,20261010-123507-52194c,identify,best,IMG_3482.heic,,Emoji,1.57,Emoji:1.57;T117:0.89;Compass:0.89;T039_70:0.85;Glyph:0.81,1,,,spot 1.6
2026-10-10T12:35:09,20261010-123507-52194c,identify,sift,IMG_3482.heic,"[121, 177, 855, 900]",Emoji,1.6,Emoji:1.6;Jigsaw:0.9;Wishbone:0.8;T117:0.8;T039_70:0.7,1,,,
2026-10-10T12:35:09,20261010-123507-52194c,identify,combined,IMG_3482.heic,"[121, 177, 855, 900]",Emoji,0.605,Emoji:0.605;T122:0.531;Flower_2:0.491;Spikey:0.424;Compass:0.377,0,,,
2026-10-10T12:35:09,20261010-123507-52194c,identify,full,IMG_3482.heic,,Flower_2,0.708,Flower_2:0.708;Cruella:0.62;Flower:0.537;Compass:0.47;T122:0.467,0,,,
2026-10-10T12:35:09,20261010-123507-52194c,identify,crop,IMG_3482.heic,"[121, 177, 855, 900]",Cruella,0.5,Cruella:0.5;Flower_2:0.492;T122:0.463;Compass:0.452;T117:0.436,0,,,
2026-10-10T12:35:09,20261010-123507-52194c,identify,tight,IMG_3482.heic,"[121, 177, 855, 900]",Emoji,0.647,Emoji:0.647;T122:0.641;Spikey:0.629;Cruella:0.575;Flower_2:0.561,0,,,
2026-10-10T12:35:12,20261010-123509-17dbd7,identify,best,IMG_3483.heic,,T122,0.9,T122:0.9;Rooster_II:0.85;Emoji:0.79;Compass:0.73;Cruella:0.68,1,,,spot 0.5
2026-10-10T12:35:12,20261010-123509-17dbd7,identify,sift,IMG_3483.heic,"[152, 123, 853, 903]",Rooster_II,0.8,Rooster_II:0.8;Compass:0.7;T122:0.5;Shingles:0.5;Lotus:0.4,1,,,
2026-10-10T12:35:12,20261010-123509-17dbd7,identify,combined,IMG_3483.heic,"[152, 123, 853, 903]",Emoji,0.568,Emoji:0.568;T122:0.518;Flower_2:0.459;Spikey:0.402;Cruella:0.361,0,,,
2026-10-10T12:35:12,20261010-123509-17dbd7,identify,full,IMG_3483.heic,,T122,0.544,T122:0.544;Cruella:0.542;Shingles:0.538;Flower_2:0.513;T117:0.448,0,,,
2026-10-10T12:35:12,20261010-123509-17dbd7,identify,crop,IMG_3483.heic,"[152, 123, 853, 903]",Flower_2,0.636,Flower_2:0.636;Cruella:0.591;Emoji:0.507;T117:0.466;Shingles:0.463,0,,,
2026-10-10T12:35:12,20261010-123509-17dbd7,identify,tight,IMG_3483.heic,"[152, 123, 853, 903]",T122,0.665,T122:0.665;Spikey:0.614;T117:0.604;Sunflower:0.56;Cruella:0.56,0,,,
2026-10-10T12:35:15,20261010-123512-066b38,identify,best,IMG_3491.heic,,Lotus,1.41,Lotus:1.41;Jigsaw:1.4;Esther:1.37;T117:1.24;Compass:1.22,1,,,spot 1.6
2026-10-10T12:35:15,20261010-123512-066b38,identify,sift,IMG_3491.heic,"[803, 139, 853, 191]",Spikey,2.2,Spikey:2.2;T022_23:1.6;T117:1.6;Compass:1.6;Jigsaw:1.6,1,,,
2026-10-10T12:35:15,20261010-123512-066b38,identify,combined,IMG_3491.heic,"[803, 139, 853, 191]",Esther,0.634,Esther:0.634;Lotus:0.441;Jigsaw:0.426;Cruella:0.309;Shingles:0.267,0,,,
2026-10-10T12:35:15,20261010-123512-066b38,identify,full,IMG_3491.heic,,Shingles,0.496,Shingles:0.496;Lotus:0.464;D.E.P.:0.453;T039_70:0.42;Esther:0.419,0,,,
2026-10-10T12:35:15,20261010-123512-066b38,identify,crop,IMG_3491.heic,"[803, 139, 853, 191]",Esther,0.714,Esther:0.714;Cruella:0.44;Lotus:0.431;Shingles:0.414;Flower:0.347,0,,,
2026-10-10T12:35:15,20261010-123512-066b38,identify,tight,IMG_3491.heic,"[803, 139, 853, 191]",Esther,0.675,Esther:0.675;Jigsaw:0.623;Lotus:0.58;Cruella:0.479;T117:0.454,0,,,
2026-10-10T12:35:18,20261010-123515-5a029f,identify,best,IMG_3492.heic,,T117,1.91,T117:1.91;Flower:0.78;Sunflower:0.6;Lotus:0.55;Shingles:0.55,1,,,spot 3.8
2026-10-10T12:35:18,20261010-123515-5a029f,identify,sift,IMG_3492.heic,"[121, 79, 937, 878]",T117,3.8,T117:3.8;Flower:0.5;T039_70:0.4;Spikey:0.3;Shingles:0.3,1,,,
2026-10-10T12:35:18,20261010-123515-5a029f,identify,combined,IMG_3492.heic,"[121, 79, 937, 878]",Flower,0.401,Flower:0.401;T117:0.346;Aztec:0.335;Lotus:0.334;Sunflower:0.321,0,,,
2026-10-10T12:35:18,20261010-123515-5a029f,identify,full,IMG_3492.heic,,Flower_2,0.54,Flower_2:0.54;Cruella:0.511;Flower:0.508;Jigsaw:0.444;T117:0.381,0,,,
2026-10-10T12:35:18,20261010-123515-5a029f,identify,crop,IMG_3492.heic,"[121, 79, 937, 878]",T117,0.546,T117:0.546;Flower_2:0.469;Cruella:0.394;Flower:0.388;T122:0.364,0,,,
2026-10-10T12:35:18,20261010-123515-5a029f,identify,tight,IMG_3492.heic,"[121, 79, 937, 878]",Flower,0.703,Flower:0.703;Faded_Flower:0.684;Sunflower:0.617;Chopsticks:0.556;Lotus:0.483,0,,,
2026-10-10T12:35:21,20261010-123518-09203c,identify,best,IMG_3493.heic,,T117,1.54,T117:1.54;Flower:1.19;Cruella:0.82;Jigsaw:0.77;Compass:0.5,1,,,spot 2.0
2026-10-10T12:35:21,20261010-123518-09203c,identify,sift,IMG_3493.heic,"[74, 126, 856, 936]",T117,2.0,T117:2.0;Flower:0.9;Jigsaw:0.4;Compass:0.4;Cruella:0.4,1,,,
2026-10-10T12:35:21,20261010-123518-09203c,identify,combined,IMG_3493.heic,"[74, 126, 856, 936]",Flower,0.541,Flower:0.541;Cruella:0.49;T117:0.437;Jigsaw:0.436;Lotus:0.27,0,,,
2026-10-10T12:35:21,20261010-123518-09203c,identify,full,IMG_3493.heic,,Flower,0.571,Flower:0.571;Cruella:0.566;T117:0.504;Flower_2:0.478;Shingles:0.476,0,,,
2026-10-10T12:35:21,20261010-123518-09203c,identify,crop,IMG_3493.heic,"[74, 126, 856, 936]",T117,0.472,T117:0.472;Jigsaw:0.472;Cruella:0.45;Flower:0.44;Flower_2:0.359,0,,,
2026-10-10T12:35:21,20261010-123518-09203c,identify,tight,IMG_3493.heic,"[74, 126, 856, 936]",Flower,0.688,Flower:0.688;T117:0.596;Shingles:0.576;Cruella:0.542;Spikey:0.529,0,,,
2026-10-10T12:35:24,20261010-123521-aa531f,identify,best,IMG_3494.heic,,T117,2.16,T117:2.16;Flower:0.62;Shingles:0.56;Flower_2:0.56;Cruella:0.56,0,,,spot 4.8
2026-10-10T12:35:24,20261010-123521-aa531f,identify,sift,IMG_3494.heic,"[74, 38, 920, 977]",T117,4.8,T117:4.8;Wishbone:0.6;T104:0.4;Compass:0.3;Flower:0.3,0,,,
2026-10-10T12:35:24,20261010-123521-aa531f,identify,combined,IMG_3494.heic,"[74, 38, 920, 977]",T117,0.399,T117:0.399;Flower_2:0.352;Flower:0.331;Cruella:0.323;Shingles:0.305,0,,,
2026-10-10T12:35:24,20261010-123521-aa531f,identify,full,IMG_3494.heic,,T117,0.427,T117:0.427;Flower:0.423;Shingles:0.397;Jigsaw:0.39;T044:0.371,0,,,
2026-10-10T12:35:24,20261010-123521-aa531f,identify,crop,IMG_3494.heic,"[74, 38, 920, 977]",T117,0.516,T117:0.516;Flower_2:0.436;Cruella:0.404;Flower:0.366;T044:0.345,0,,,
2026-10-10T12:35:24,20261010-123521-aa531f,identify,tight,IMG_3494.heic,"[74, 38, 920, 977]",T122,0.614,T122:0.614;D.E.P.:0.545;T117:0.524;Rooster:0.522;Flower:0.521,0,,,
2026-10-10T12:35:27,20261010-123524-d9aaa3,identify,best,IMG_3495.heic,,Shingles,1.05,Shingles:1.05;T117:1.0;Flower:0.93;Cruella:0.83;Flower_2:0.82,1,,,spot 0.9
2026-10-10T12:35:27,20261010-123524-d9aaa3,identify,sift,IMG_3495.heic,"[91, 50, 856, 969]",Shingles,0.9,Shingles:0.9;T066:0.7;T117:0.7;Cruella:0.7;D.E.P.:0.7,1,,,
2026-10-10T12:35:27,20261010-123524-d9aaa3,identify,combined,IMG_3495.heic,"[91, 50, 856, 969]",Flower_2,0.498,Flower_2:0.498;Flower:0.465;T117:0.461;Shingles:0.426;Cruella:0.308,0,,,
2026-10-10T12:35:27,20261010-123524-d9aaa3,identify,full,IMG_3495.heic,,Flower_2,0.556,Flower_2:0.556;Cruella:0.53;T117:0.492;Shingles:0.456;Flower:0.347,0,,,
2026-10-10T12:35:27,20261010-123524-d9aaa3,identify,crop,IMG_3495.heic,"[91, 50, 856, 969]",Shingles,0.696,Shingles:0.696;Flower_2:0.623;T117:0.616;Cruella:0.591;Jigsaw:0.436,0,,,
2026-10-10T12:35:27,20261010-123524-d9aaa3,identify,tight,IMG_3495.heic,"[91, 50, 856, 969]",Flower_2,0.649,Flower_2:0.649;Sunflower:0.645;T066:0.622;Flower:0.621;T117:0.608,0,,,
2026-10-10T12:35:30,20261010-123527-73e1fa,identify,best,IMG_3496.heic,,T117,0.92,T117:0.92;Cruella:0.83;Esther:0.7;Wishbone:0.63;Rooster_II:0.57,1,,,spot 0.9
2026-10-10T12:35:30,20261010-123527-73e1fa,identify,sift,IMG_3496.heic,"[151, 55, 690, 867]",T117,0.9,T117:0.9;Esther:0.7;Wishbone:0.6;Cruella:0.5;Shingles:0.4,1,,,
2026-10-10T12:35:30,20261010-123527-73e1fa,identify,combined,IMG_3496.heic,"[151, 55, 690, 867]",Cruella,0.433,Cruella:0.433;Sunflower:0.305;Jigsaw:0.295;T117:0.282;Rooster_II:0.245,0,,,
2026-10-10T12:35:30,20261010-123527-73e1fa,identify,full,IMG_3496.heic,,Flower_2,0.594,Flower_2:0.594;T122:0.582;T117:0.545;Compass:0.525;Cruella:0.476,0,,,
2026-10-10T12:35:30,20261010-123527-73e1fa,identify,crop,IMG_3496.heic,"[151, 55, 690, 867]",T117,0.647,T117:0.647;Cruella:0.592;Flower_2:0.465;Compass:0.397;Sunflower:0.388,0,,,
2026-10-10T12:35:30,20261010-123527-73e1fa,identify,tight,IMG_3496.heic,"[151, 55, 690, 867]",Compass,0.513,Compass:0.513;T016:0.497;Sunflower:0.466;D.E.P.:0.454;Esther:0.453,0,,,
2026-10-10T12:35:33,20261010-123530-1e9490,identify,best,IMG_3497.heic,,T117,1.85,T117:1.85;Chopsticks:1.73;Sunflower:0.81;Flower:0.8;T045:0.79,1,,,spot 3.4
2026-10-10T12:35:33,20261010-123530-1e9490,identify,sift,IMG_3497.heic,"[160, 219, 829, 871]",Chopsticks,3.7,Chopsticks:3.7;T117:3.4;Sunflower:0.9;Cruella:0.8;Compass:0.6,1,,,
2026-10-10T12:35:33,20261010-123530-1e9490,identify,combined,IMG_3497.heic,"[160, 219, 829, 871]",T117,0.357,T117:0.357;T022_23:0.354;Flower:0.341;T045:0.321;T066:0.29,1,,,
2026-10-10T12:35:33,20261010-123530-1e9490,identify,full,IMG_3497.heic,,Esther,0.438,Esther:0.438;T104:0.409;Flower_2:0.401;T022_23:0.391;Strobe:0.365,0,,,
2026-10-10T12:35:33,20261010-123530-1e9490,identify,crop,IMG_3497.heic,"[160, 219, 829, 871]",T022_23,0.501,T022_23:0.501;Fist:0.487;T066:0.464;Flower:0.451;T045:0.384,0,,,
2026-10-10T12:35:33,20261010-123530-1e9490,identify,tight,IMG_3497.heic,"[160, 219, 829, 871]",Flower,0.517,Flower:0.517;T117:0.508;T066:0.507;Faded_Flower:0.504;Chopsticks:0.481,0,,,
2026-10-10T12:35:36,20261010-123533-59f131,identify,best,IMG_3498.HEIC,,Jigsaw,1.2,Jigsaw:1.2;Esther:1.16;Cruella:1.11;D.E.P.:0.9;Shingles:0.9,1,,,spot 1.0
2026-10-10T12:35:36,20261010-123533-59f131,identify,sift,IMG_3498.HEIC,"[732, 388, 769, 421]",D.E.P.,1.0,D.E.P.:1.0;Jigsaw:1.0;Spikey:1.0;Cruella:1.0;Aztec:1.0,1,,,
2026-10-10T12:35:36,20261010-123533-59f131,identify,combined,IMG_3498.HEIC,"[732, 388, 769, 421]",Esther,0.626,Esther:0.626;Jigsaw:0.481;Cruella:0.396;T104:0.292;Lotus:0.289,0,,,
2026-10-10T12:35:36,20261010-123533-59f131,identify,full,IMG_3498.HEIC,,Esther,0.447,Esther:0.447;T117:0.44;Lotus:0.415;Shingles:0.339;Sunflower:0.3,0,,,
2026-10-10T12:35:36,20261010-123533-59f131,identify,crop,IMG_3498.HEIC,"[732, 388, 769, 421]",Esther,0.817,Esther:0.817;Cruella:0.535;Jazzy:0.486;Jigsaw:0.446;Lotus:0.421,0,,,
2026-10-10T12:35:36,20261010-123533-59f131,identify,tight,IMG_3498.HEIC,"[732, 388, 769, 421]",Jigsaw,0.721,Jigsaw:0.721;Esther:0.717;Cruella:0.618;Lotus:0.585;T117:0.472,0,,,
2026-10-10T12:35:39,20261010-123536-cb32fa,identify,best,IMG_3499.heic,,T117,2.09,T117:2.09;Jigsaw:0.83;T122:0.72;Sunflower:0.72;Esther:0.71,0,,,spot 4.0
2026-10-10T12:35:39,20261010-123536-cb32fa,identify,sift,IMG_3499.heic,"[128, 203, 862, 971]",T117,4.0,T117:4.0;Jigsaw:0.7;Esther:0.6;Fist:0.6;Stilts:0.4,0,,,
2026-10-10T12:35:39,20261010-123536-cb32fa,identify,combined,IMG_3499.heic,"[128, 203, 862, 971]",T117,0.493,T117:0.493;T066:0.454;T122:0.446;Sunflower:0.443;Flower:0.359,0,,,
2026-10-10T12:35:39,20261010-123536-cb32fa,identify,full,IMG_3499.heic,,Sunflower,0.664,Sunflower:0.664;T117:0.578;T026:0.577;Flower:0.521;Strobe:0.501,0,,,
2026-10-10T12:35:39,20261010-123536-cb32fa,identify,crop,IMG_3499.heic,"[128, 203, 862, 971]",T117,0.61,T117:0.61;Sunflower:0.604;T122:0.542;T026:0.495;Cruella:0.472,0,,,
2026-10-10T12:35:39,20261010-123536-cb32fa,identify,tight,IMG_3499.heic,"[128, 203, 862, 971]",T066,0.696,T066:0.696;T117:0.642;Flower:0.616;Faded_Flower:0.599;Sunflower:0.583,0,,,
2026-10-10T12:35:41,20261010-123539-5a8158,identify,best,IMG_3500.heic,,T117,2.03,T117:2.03;Cruella:0.67;Jigsaw:0.64;Sunflower:0.62;Esther:0.61,1,,,spot 3.2
2026-10-10T12:35:41,20261010-123539-5a8158,identify,sift,IMG_3500.heic,"[91, 186, 803, 912]",T117,3.2,T117:3.2;Flower:0.6;Jigsaw:0.5;Cruella:0.5;T103x:0.4,1,,,
2026-10-10T12:35:41,20261010-123539-5a8158,identify,combined,IMG_3500.heic,"[91, 186, 803, 912]",T117,0.602,T117:0.602;Esther:0.423;T066:0.362;Sunflower:0.343;T122:0.331,0,,,
2026-10-10T12:35:41,20261010-123539-5a8158,identify,full,IMG_3500.heic,,T117,0.613,T117:0.613;Sunflower:0.596;Flower:0.546;T122:0.542;T026:0.541,0,,,
2026-10-10T12:35:41,20261010-123539-5a8158,identify,crop,IMG_3500.heic,"[91, 186, 803, 912]",T117,0.656,T117:0.656;Esther:0.595;T026:0.592;Sunflower:0.528;T122:0.502,0,,,
2026-10-10T12:35:41,20261010-123539-5a8158,identify,tight,IMG_3500.heic,"[91, 186, 803, 912]",T117,0.551,T117:0.551;T066:0.501;Cruella:0.48;T122:0.465;Sunflower:0.411,0,,,
2026-10-10T12:35:44,20261010-123541-fc9deb,identify,best,IMG_3502.heic,,D.E.P.,1.27,D.E.P.:1.27;T039_70:1.08;Shingles:0.99;Faded_Flower:0.85;Esther:0.79,1,,,spot 0.8
2026-10-10T12:35:44,20261010-123541-fc9deb,identify,sift,IMG_3502.heic,"[122, 35, 924, 912]",D.E.P.,0.8,D.E.P.:0.8;T039_70:0.7;T066:0.7;Bubbles:0.7;Chopsticks:0.6,1,,,
2026-10-10T12:35:44,20261010-123541-fc9deb,identify,combined,IMG_3502.heic,"[122, 35, 924, 912]",D.E.P.,0.674,D.E.P.:0.674;T039_70:0.54;Shingles:0.53;Rooster_II:0.503;Faded_Flower:0.473,0,,,
2026-10-10T12:35:44,20261010-123541-fc9deb,identify,full,IMG_3502.heic,,D.E.P.,0.859,D.E.P.:0.859;Shingles:0.798;T039_70:0.759;T104:0.607;Rooster_II:0.592,0,,,
2026-10-10T12:35:44,20261010-123541-fc9deb,identify,crop,IMG_3502.heic,"[122, 35, 924, 912]",D.E.P.,0.793,D.E.P.:0.793;Shingles:0.758;Rooster_II:0.719;T039_70:0.699;T104:0.673,0,,,
2026-10-10T12:35:44,20261010-123541-fc9deb,identify,tight,IMG_3502.heic,"[122, 35, 924, 912]",T039_70,0.773,T039_70:0.773;D.E.P.:0.767;Faded_Flower:0.749;Rooster_II:0.63;Shingles:0.626,0,,,
2026-10-10T12:35:48,20261010-123544-2ab878,identify,best,IMG_3729 2.heic,,Shingles,0.92,Shingles:0.92;T117:0.88;Esther:0.71;Faded_Flower:0.7;Cruella:0.6,1,,,spot 0.5
2026-10-10T12:35:48,20261010-123544-2ab878,identify,sift,IMG_3729 2.heic,"[148, 172, 843, 895]",T117,0.7,T117:0.7;Esther:0.5;Fist:0.5;Shingles:0.5;Sunflower:0.4,1,,,
2026-10-10T12:35:48,20261010-123544-2ab878,identify,combined,IMG_3729 2.heic,"[148, 172, 843, 895]",Shingles,0.55,Shingles:0.55;Faded_Flower:0.47;T117:0.378;Cruella:0.37;Compass:0.304,0,,,
2026-10-10T12:35:48,20261010-123544-2ab878,identify,full,IMG_3729 2.heic,,Shingles,0.409,Shingles:0.409;T117:0.371;Cruella:0.327;Lotus:0.297;Esther:0.293,0,,,
2026-10-10T12:35:48,20261010-123544-2ab878,identify,crop,IMG_3729 2.heic,"[148, 172, 843, 895]",Shingles,0.512,Shingles:0.512;T117:0.463;Faded_Flower:0.381;Cruella:0.371;Bubbles:0.311,0,,,
2026-10-10T12:35:48,20261010-123544-2ab878,identify,tight,IMG_3729 2.heic,"[148, 172, 843, 895]",Faded_Flower,0.568,Faded_Flower:0.568;T047x:0.552;D.E.P.:0.531;Esther:0.503;Shingles:0.503,0,,,
2026-10-10T12:35:51,20261010-123548-eb11cf,identify,best,IMG_3729.heic,,Shingles,0.9,Shingles:0.9;Faded_Flower:0.68;Cruella:0.63;T016:0.61;Rooster_II:0.55,1,,,spot 0.6
2026-10-10T12:35:51,20261010-123548-eb11cf,identify,sift,IMG_3729.heic,"[267, 321, 627, 691]",Shingles,0.6,Shingles:0.6;T103x:0.4;T039_70:0.4;T066:0.4;Faded_Flower:0.4,1,,,
2026-10-10T12:35:51,20261010-123548-eb11cf,identify,combined,IMG_3729.heic,"[267, 321, 627, 691]",Shingles,0.437,Shingles:0.437;T016:0.389;Faded_Flower:0.36;Compass:0.322;Cruella:0.316,0,,,
2026-10-10T12:35:51,20261010-123548-eb11cf,identify,full,IMG_3729.heic,,T117,0.447,T117:0.447;Flower:0.432;Cruella:0.429;Shingles:0.4;Jigsaw:0.375,0,,,
2026-10-10T12:35:51,20261010-123548-eb11cf,identify,crop,IMG_3729.heic,"[267, 321, 627, 691]",Shingles,0.511,Shingles:0.511;T104:0.487;Faded_Flower:0.385;Rooster_II:0.377;Esther:0.371,0,,,
2026-10-10T12:35:51,20261010-123548-eb11cf,identify,tight,IMG_3729.heic,"[267, 321, 627, 691]",T016,0.563,T016:0.563;Esther:0.533;Rooster:0.396;Cruella:0.36;Glyph:0.349,0,,,
2026-10-10T12:35:53,20261010-123551-27ff9d,identify,best,IMG_3730.heic,,Shingles,1.24,Shingles:1.24;D.E.P.:0.69;Bubbles:0.69;Jigsaw:0.69;T117:0.67,1,,,spot 0.9
2026-10-10T12:35:53,20261010-123551-27ff9d,identify,sift,IMG_3730.heic,"[159, 71, 825, 804]",Shingles,0.9,Shingles:0.9;Jigsaw:0.8;Bubbles:0.4;D.E.P.:0.4;Cruella:0.4,1,,,
2026-10-10T12:35:53,20261010-123551-27ff9d,identify,combined,IMG_3730.heic,"[159, 71, 825, 804]",Shingles,0.611,Shingles:0.611;Faded_Flower:0.409;Emoji:0.36;D.E.P.:0.355;T016:0.353,0,,,
2026-10-10T12:35:53,20261010-123551-27ff9d,identify,full,IMG_3730.heic,,T117,0.468,T117:0.468;Bubbles:0.421;T104:0.376;Shingles:0.374;Compass:0.336,0,,,
2026-10-10T12:35:53,20261010-123551-27ff9d,identify,crop,IMG_3730.heic,"[159, 71, 825, 804]",Shingles,0.625,Shingles:0.625;T117:0.43;Bubbles:0.414;Faded_Flower:0.387;Cruella:0.336,0,,,
2026-10-10T12:35:53,20261010-123551-27ff9d,identify,tight,IMG_3730.heic,"[159, 71, 825, 804]",Bubbles,0.488,Bubbles:0.488;Shingles:0.477;T047x:0.434;Emoji:0.405;D.E.P.:0.399,0,,,
2026-10-10T12:35:55,20261010-123553-91c3de,identify,best,IMG_3731.heic,,Shingles,0.97,Shingles:0.97;Bubbles:0.8;Sunflower:0.77;T117:0.76;Cruella:0.67,1,,,spot 0.5
2026-10-10T12:35:55,20261010-123553-91c3de,identify,sift,IMG_3731.heic,"[160, 95, 775, 908]",Sunflower,0.5,Sunflower:0.5;T039_70:0.5;Shingles:0.5;Cruella:0.5;Bubbles:0.4,1,,,
2026-10-10T12:35:55,20261010-123553-91c3de,identify,combined,IMG_3731.heic,"[160, 95, 775, 908]",Shingles,0.538,Shingles:0.538;T117:0.455;Bubbles:0.434;Sunflower:0.338;Flower:0.331,0,,,
2026-10-10T12:35:55,20261010-123553-91c3de,identify,full,IMG_3731.heic,,Shingles,0.558,Shingles:0.558;Sunflower:0.409;T117:0.408;Compass:0.393;T104:0.362,0,,,
2026-10-10T12:35:55,20261010-123553-91c3de,identify,crop,IMG_3731.heic,"[160, 95, 775, 908]",Shingles,0.728,Shingles:0.728;T117:0.519;Sunflower:0.477;Bubbles:0.408;Flower:0.406,0,,,
2026-10-10T12:35:55,20261010-123553-91c3de,identify,tight,IMG_3731.heic,"[160, 95, 775, 908]",Bubbles,0.582,Bubbles:0.582;T047x:0.581;T117:0.537;Shingles:0.482;D.E.P.:0.448,0,,,
2026-10-10T12:35:58,20261010-123555-ee481d,identify,best,IMG_3732.heic,,T117,0.73,T117:0.73;Compass:0.7;Shingles:0.7;D.E.P.:0.69;Cruella:0.67,1,,,spot 0.5
2026-10-10T12:35:58,20261010-123555-ee481d,identify,sift,IMG_3732.heic,"[138, 262, 797, 726]",Chopsticks,0.7,Chopsticks:0.7;Cruella:0.6;T117:0.5;Esther:0.5;T066:0.5,1,,,
2026-10-10T12:35:58,20261010-123555-ee481d,identify,combined,IMG_3732.heic,"[138, 262, 797, 726]",Shingles,0.421,Shingles:0.421;Compass:0.41;Bubbles:0.386;D.E.P.:0.333;Emoji:0.32,0,,,
2026-10-10T12:35:58,20261010-123555-ee481d,identify,full,IMG_3732.heic,,Shingles,0.566,Shingles:0.566;T117:0.42;T104:0.414;Lotus:0.357;Esther:0.356,0,,,
2026-10-10T12:35:58,20261010-123555-ee481d,identify,crop,IMG_3732.heic,"[138, 262, 797, 726]",Shingles,0.591,Shingles:0.591;T104:0.435;T117:0.428;Rooster_II:0.407;Emoji:0.388,0,,,
2026-10-10T12:35:58,20261010-123555-ee481d,identify,tight,IMG_3732.heic,"[138, 262, 797, 726]",Glyph,0.486,Glyph:0.486;Bubbles:0.48;Rooster_II:0.438;T047x:0.414;Shingles:0.396,0,,,
2026-10-10T12:36:01,20261010-123558-26d3f6,identify,best,IMG_3733.heic,,Shingles,0.95,Shingles:0.95;T117:0.85;Flower:0.78;D.E.P.:0.71;Glyph:0.68,1,,,spot 0.7
2026-10-10T12:36:01,20261010-123558-26d3f6,identify,sift,IMG_3733.heic,"[98, 206, 755, 775]",Jigsaw,0.7,Jigsaw:0.7;Shingles:0.7;Flower:0.7;T103x:0.7;T117:0.7,1,,,
2026-10-10T12:36:01,20261010-123558-26d3f6,identify,combined,IMG_3733.heic,"[98, 206, 755, 775]",Emoji,0.443,Emoji:0.443;Shingles:0.408;D.E.P.:0.374;T117:0.348;Cruella:0.321,0,,,
2026-10-10T12:36:01,20261010-123558-26d3f6,identify,full,IMG_3733.heic,,T104,0.428,T104:0.428;T117:0.426;Shingles:0.424;Cruella:0.388;Compass:0.362,0,,,
2026-10-10T12:36:01,20261010-123558-26d3f6,identify,crop,IMG_3733.heic,"[98, 206, 755, 775]",Shingles,0.521,Shingles:0.521;Cruella:0.396;Emoji:0.395;T117:0.376;Compass:0.35,0,,,
2026-10-10T12:36:01,20261010-123558-26d3f6,identify,tight,IMG_3733.heic,"[98, 206, 755, 775]",Glyph,0.491,Glyph:0.491;D.E.P.:0.449;Shingles:0.443;Emoji:0.428;Sunflower:0.396,0,,,
2026-10-10T12:36:03,20261010-123601-c89b10,identify,best,IMG_3735.HEIC,,Esther,1.21,Esther:1.21;Jigsaw:1.02;Cruella:1.01;Lotus:0.97;T039_70:0.87,1,,,spot 0.9
2026-10-10T12:36:03,20261010-123601-c89b10,identify,sift,IMG_3735.HEIC,"[763, 622, 780, 646]",Rooster,0.9,Rooster:0.9;Chopsticks:0.9;T039_70:0.9;Esther:0.9;T117:0.9,1,,,
2026-10-10T12:36:03,20261010-123601-c89b10,identify,combined,IMG_3735.HEIC,"[763, 622, 780, 646]",Esther,0.563,Esther:0.563;Jigsaw:0.55;Cruella:0.367;Lotus:0.322;D.E.P.:0.275,0,,,
2026-10-10T12:36:03,20261010-123601-c89b10,identify,full,IMG_3735.HEIC,,Lotus,0.348,Lotus:0.348;Jigsaw:0.331;Spikey:0.31;Flower:0.291;T117:0.289,0,,,
2026-10-10T12:36:03,20261010-123601-c89b10,identify,crop,IMG_3735.HEIC,"[763, 622, 780, 646]",Esther,0.611,Esther:0.611;Lotus:0.443;Jigsaw:0.403;Cruella:0.371;D.E.P.:0.355,0,,,
2026-10-10T12:36:03,20261010-123601-c89b10,identify,tight,IMG_3735.HEIC,"[763, 622, 780, 646]",Jigsaw,0.682,Jigsaw:0.682;Esther:0.659;Cruella:0.498;D.E.P.:0.46;Lotus:0.368,0,,,
2026-10-10T12:36:06,20261010-123603-55ad01,identify,best,IMG_3737.heic,,Jigsaw,0.82,Jigsaw:0.82;Rooster_II:0.81;Shingles:0.74;Bubbles:0.73;Cruella:0.71,1,,,spot 0.8
2026-10-10T12:36:06,20261010-123603-55ad01,identify,sift,IMG_3737.heic,"[166, 64, 839, 855]",Rooster_II,0.9,Rooster_II:0.9;Jigsaw:0.8;Bubbles:0.7;Sunflower:0.7;Flower:0.6,1,,,
2026-10-10T12:36:06,20261010-123603-55ad01,identify,combined,IMG_3737.heic,"[166, 64, 839, 855]",Faded_Flower,0.499,Faded_Flower:0.499;Shingles:0.409;Cruella:0.375;T016:0.331;Esther:0.316,0,,,
2026-10-10T12:36:06,20261010-123603-55ad01,identify,full,IMG_3737.heic,,Cruella,0.44,Cruella:0.44;Faded_Flower:0.388;Sunflower:0.384;Glyph:0.372;Shingles:0.36,0,,,
2026-10-10T12:36:06,20261010-123603-55ad01,identify,crop,IMG_3737.heic,"[166, 64, 839, 855]",Faded_Flower,0.441,Faded_Flower:0.441;D.E.P.:0.432;Cruella:0.374;Rooster:0.362;Shingles:0.352,0,,,
2026-10-10T12:36:06,20261010-123603-55ad01,identify,tight,IMG_3737.heic,"[166, 64, 839, 855]",Bubbles,0.511,Bubbles:0.511;T047x:0.51;Esther:0.445;Shingles:0.425;T117:0.384,0,,,
2026-10-10T12:36:08,20261010-123606-b27ce5,identify,best,IMG_3738.heic,,T117,0.91,T117:0.91;Rooster_II:0.89;Shingles:0.82;Bubbles:0.81;D.E.P.:0.8,1,,,spot 0.8
2026-10-10T12:36:08,20261010-123606-b27ce5,identify,sift,IMG_3738.heic,"[67, 80, 874, 966]",Rooster_II,0.9,Rooster_II:0.9;T117:0.8;T039_70:0.7;Bubbles:0.7;T066:0.6,1,,,
2026-10-10T12:36:08,20261010-123606-b27ce5,identify,combined,IMG_3738.heic,"[67, 80, 874, 966]",Shingles,0.552,Shingles:0.552;Rooster:0.474;Cruella:0.379;Faded_Flower:0.371;Esther:0.368,0,,,
2026-10-10T12:36:08,20261010-123606-b27ce5,identify,full,IMG_3738.heic,,Sunflower,0.448,Sunflower:0.448;Shingles:0.439;Cruella:0.433;Rooster:0.357;Faded_Flower:0.351,0,,,
2026-10-10T12:36:08,20261010-123606-b27ce5,identify,crop,IMG_3738.heic,"[67, 80, 874, 966]",Shingles,0.533,Shingles:0.533;Cruella:0.47;Rooster:0.441;Sunflower:0.43;Faded_Flower:0.337,0,,,
2026-10-10T12:36:08,20261010-123606-b27ce5,identify,tight,IMG_3738.heic,"[67, 80, 874, 966]",T047x,0.571,T047x:0.571;Bubbles:0.548;Shingles:0.531;T117:0.502;D.E.P.:0.453,0,,,
2026-10-10T12:36:11,20261010-123608-3de66d,identify,best,IMG_3739.heic,,Shingles,0.85,Shingles:0.85;Esther:0.82;Compass:0.73;Faded_Flower:0.7;Sunflower:0.68,1,,,spot 0.5
2026-10-10T12:36:11,20261010-123608-3de66d,identify,sift,IMG_3739.heic,"[60, 68, 893, 951]",Sunflower,0.7,Sunflower:0.7;T039_70:0.6;T022_23:0.5;Bubbles:0.5;Esther:0.5,1,,,
2026-10-10T12:36:11,20261010-123608-3de66d,identify,combined,IMG_3739.heic,"[60, 68, 893, 951]",Shingles,0.462,Shingles:0.462;Faded_Flower:0.461;Esther:0.416;Cruella:0.401;Compass:0.342,0,,,
2026-10-10T12:36:11,20261010-123608-3de66d,identify,full,IMG_3739.heic,,Cruella,0.427,Cruella:0.427;Shingles:0.398;Faded_Flower:0.383;Sunflower:0.358;Esther:0.346,0,,,
2026-10-10T12:36:11,20261010-123608-3de66d,identify,crop,IMG_3739.heic,"[60, 68, 893, 951]",Cruella,0.446,Cruella:0.446;Rooster:0.414;Faded_Flower:0.394;Shingles:0.347;Sunflower:0.339,0,,,
2026-10-10T12:36:11,20261010-123608-3de66d,identify,tight,IMG_3739.heic,"[60, 68, 893, 951]",Esther,0.543,Esther:0.543;T047x:0.54;Faded_Flower:0.513;Lotus:0.483;D.E.P.:0.442,0,,,
2026-10-10T12:36:13,20261010-123611-5a37d2,identify,best,IMG_3740.HEIC,,Jigsaw,2.0,Jigsaw:2.0;Chopsticks:1.93;Flower:1.92;T117:1.89;Spikey:1.8,0,,,spot 4.7
2026-10-10T12:36:13,20261010-123611-5a37d2,identify,sift,IMG_3740.HEIC,"[824, 569, 843, 601]",Chopsticks,4.7,Chopsticks:4.7;Flower:4.7;Jigsaw:4.7;Spikey:4.7;Compass:4.1,0,,,
2026-10-10T12:36:13,20261010-123611-5a37d2,identify,combined,IMG_3740.HEIC,"[824, 569, 843, 601]",Esther,0.549,Esther:0.549;Lotus:0.375;Cruella:0.292;T117:0.267;T047x:0.264,0,,,
2026-10-10T12:36:13,20261010-123611-5a37d2,identify,full,IMG_3740.HEIC,,Jigsaw,0.306,Jigsaw:0.306;Compass:0.296;Esther:0.294;Glyph:0.287;Sunflower:0.286,1,,,
2026-10-10T12:36:13,20261010-123611-5a37d2,identify,crop,IMG_3740.HEIC,"[824, 569, 843, 601]",Esther,0.603,Esther:0.603;Lotus:0.408;Cruella:0.334;Shingles:0.327;D.E.P.:0.31,0,,,
2026-10-10T12:36:13,20261010-123611-5a37d2,identify,tight,IMG_3740.HEIC,"[824, 569, 843, 601]",Esther,0.658,Esther:0.658;Cruella:0.584;Jigsaw:0.559;T117:0.447;Lotus:0.429,0,,,
2026-10-10T12:36:16,20261010-123613-3b0d0c,identify,best,IMG_3741.HEIC,,Compass,0.83,Compass:0.83;Shingles:0.75;Jigsaw:0.74;Lotus:0.73;Chopsticks:0.71,1,,,spot 0.6
2026-10-10T12:36:16,20261010-123613-3b0d0c,identify,sift,IMG_3741.HEIC,"[518, 412, 655, 545]",Chopsticks,0.8,Chopsticks:0.8;Jigsaw:0.8;Faded_Flower:0.6;Compass:0.6;D.E.P.:0.6,1,,,
2026-10-10T12:36:16,20261010-123613-3b0d0c,identify,combined,IMG_3741.HEIC,"[518, 412, 655, 545]",Lotus,0.368,Lotus:0.368;Shingles:0.355;Esther:0.342;Compass:0.34;T117:0.272,0,,,
2026-10-10T12:36:16,20261010-123613-3b0d0c,identify,full,IMG_3741.HEIC,,Shingles,0.496,Shingles:0.496;T039_70:0.477;Lotus:0.446;Esther:0.409;D.E.P.:0.399,0,,,
2026-10-10T12:36:16,20261010-123613-3b0d0c,identify,crop,IMG_3741.HEIC,"[518, 412, 655, 545]",Esther,0.649,Esther:0.649;Flower:0.614;Shingles:0.476;Lotus:0.46;T104:0.447,0,,,
2026-10-10T12:36:16,20261010-123613-3b0d0c,identify,tight,IMG_3741.HEIC,"[518, 412, 655, 545]",Jigsaw,0.512,Jigsaw:0.512;Lotus:0.482;Cruella:0.46;Esther:0.459;T117:0.42,0,,,
2026-10-10T12:36:19,20261010-123616-8e25a4,identify,best,IMG_3742.jpg,,Rooster,0.91,Rooster:0.91;Compass:0.71;Sunflower:0.65;Cruella:0.61;Shingles:0.57,1,,,spot 0.4
2026-10-10T12:36:19,20261010-123616-8e25a4,identify,sift,IMG_3742.jpg,"[126, 44, 912, 917]",Shingles,0.5,Shingles:0.5;T066:0.4;Wishbone:0.4;Rooster:0.4;Stilts:0.4,1,,,
2026-10-10T12:36:19,20261010-123616-8e25a4,identify,combined,IMG_3742.jpg,"[126, 44, 912, 917]",Rooster,0.569,Rooster:0.569;Sunflower:0.455;Compass:0.397;Cruella:0.385;T122:0.316,0,,,
2026-10-10T12:36:19,20261010-123616-8e25a4,identify,full,IMG_3742.jpg,,Rooster,0.626,Rooster:0.626;Cruella:0.572;Sunflower:0.571;T122:0.46;Compass:0.436,0,,,
2026-10-10T12:36:19,20261010-123616-8e25a4,identify,crop,IMG_3742.jpg,"[126, 44, 912, 917]",Rooster,0.679,Rooster:0.679;Cruella:0.67;Sunflower:0.617;T122:0.55;Compass:0.466,0,,,
2026-10-10T12:36:19,20261010-123616-8e25a4,identify,tight,IMG_3742.jpg,"[126, 44, 912, 917]",Compass,0.702,Compass:0.702;Rooster:0.655;Sunflower:0.532;Cruella:0.489;Strobe_II:0.449,0,,,
2026-10-10T12:36:23,20261010-123619-2b666c,identify,best,IMG_3743.jpg,,Rooster,0.77,Rooster:0.77;Sunflower:0.76;Cruella:0.68;Spikey:0.66;T117:0.64,1,,,spot 0.2
2026-10-10T12:36:23,20261010-123619-2b666c,identify,sift,IMG_3743.jpg,"[98, 50, 878, 936]",Chopsticks,0.6,Chopsticks:0.6;Bubbles:0.5;T104:0.4;Spikey:0.4;D.E.P.:0.4,1,,,
2026-10-10T12:36:23,20261010-123619-2b666c,identify,combined,IMG_3743.jpg,"[98, 50, 878, 936]",Rooster,0.545,Rooster:0.545;Sunflower:0.506;Cruella:0.429;Compass:0.345;T117:0.326,0,,,
2026-10-10T12:36:23,20261010-123619-2b666c,identify,full,IMG_3743.jpg,,Rooster,0.599,Rooster:0.599;Sunflower:0.567;Cruella:0.561;Aztec:0.471;Compass:0.421,0,,,
2026-10-10T12:36:23,20261010-123619-2b666c,identify,crop,IMG_3743.jpg,"[98, 50, 878, 936]",Rooster,0.663,Rooster:0.663;Sunflower:0.646;Cruella:0.574;T122:0.494;Compass:0.46,0,,,
2026-10-10T12:36:23,20261010-123619-2b666c,identify,tight,IMG_3743.jpg,"[98, 50, 878, 936]",Compass,0.596,Compass:0.596;Rooster:0.552;T117:0.546;Sunflower:0.53;Cruella:0.47,0,,,
2026-10-10T12:36:26,20261010-123623-d937c2,identify,best,IMG_3744.jpg,,Sunflower,0.83,Sunflower:0.83;Cruella:0.77;Rooster:0.77;D.E.P.:0.72;Flower:0.7,1,,,spot 0.5
2026-10-10T12:36:26,20261010-123623-d937c2,identify,sift,IMG_3744.jpg,"[168, 114, 762, 903]",Flower,0.8,Flower:0.8;D.E.P.:0.6;T045:0.6;Esther:0.6;Bubbles:0.5,1,,,
2026-10-10T12:36:26,20261010-123623-d937c2,identify,combined,IMG_3744.jpg,"[168, 114, 762, 903]",Rooster,0.527,Rooster:0.527;Sunflower:0.44;Cruella:0.379;Spikey:0.364;Compass:0.358,0,,,
2026-10-10T12:36:26,20261010-123623-d937c2,identify,full,IMG_3744.jpg,,T122,0.605,T122:0.605;Rooster:0.581;Sunflower:0.557;Cruella:0.55;Esther:0.457,0,,,
2026-10-10T12:36:26,20261010-123623-d937c2,identify,crop,IMG_3744.jpg,"[168, 114, 762, 903]",Rooster,0.658,Rooster:0.658;T122:0.623;Sunflower:0.597;Cruella:0.586;T026:0.503,0,,,
2026-10-10T12:36:26,20261010-123623-d937c2,identify,tight,IMG_3744.jpg,"[168, 114, 762, 903]",Compass,0.678,Compass:0.678;Rooster:0.564;Sunflower:0.532;Spikey:0.515;Strobe_II:0.481,0,,,
2026-10-10T12:36:29,20261010-123626-0f17f6,identify,best,IMG_3745.jpg,,D.E.P.,0.72,D.E.P.:0.72;Jigsaw:0.67;Rooster_II:0.64;Rooster:0.62;Sunflower:0.57,1,,,spot 0.4
2026-10-10T12:36:29,20261010-123626-0f17f6,identify,sift,IMG_3745.jpg,"[128, 97, 906, 889]",Jigsaw,0.5,Jigsaw:0.5;Rooster_II:0.5;D.E.P.:0.4;Wishbone:0.4;Lotus:0.3,1,,,
2026-10-10T12:36:29,20261010-123626-0f17f6,identify,combined,IMG_3745.jpg,"[128, 97, 906, 889]",Rooster,0.503,Rooster:0.503;Sunflower:0.377;Aztec:0.367;Compass:0.357;D.E.P.:0.356,0,,,
2026-10-10T12:36:29,20261010-123626-0f17f6,identify,full,IMG_3745.jpg,,Rooster,0.588,Rooster:0.588;Aztec:0.527;Compass:0.519;Sunflower:0.499;Cruella:0.475,0,,,
2026-10-10T12:36:29,20261010-123626-0f17f6,identify,crop,IMG_3745.jpg,"[128, 97, 906, 889]",Rooster,0.641,Rooster:0.641;Sunflower:0.509;Spikey:0.501;Compass:0.5;T122:0.473,0,,,
2026-10-10T12:36:29,20261010-123626-0f17f6,identify,tight,IMG_3745.jpg,"[128, 97, 906, 889]",Compass,0.589,Compass:0.589;D.E.P.:0.541;Rooster:0.523;Strobe_II:0.496;Aztec:0.492,0,,,
2026-10-10T12:36:32,20261010-123629-a2cbf6,identify,best,IMG_3746.jpg,,Rooster,0.81,Rooster:0.81;Cruella:0.76;Aztec:0.68;Sunflower:0.67;Compass:0.63,1,,,spot 0.3
2026-10-10T12:36:32,20261010-123629-a2cbf6,identify,sift,IMG_3746.jpg,"[116, 79, 874, 928]",Flower,0.6,Flower:0.6;Shingles:0.6;Cruella:0.4;Emoji:0.4;Aztec:0.4,1,,,
2026-10-10T12:36:32,20261010-123629-a2cbf6,identify,combined,IMG_3746.jpg,"[116, 79, 874, 928]",Rooster,0.568,Rooster:0.568;Sunflower:0.413;Cruella:0.394;Compass:0.36;T122:0.351,0,,,
2026-10-10T12:36:32,20261010-123629-a2cbf6,identify,full,IMG_3746.jpg,,Cruella,0.649,Cruella:0.649;Rooster:0.63;Sunflower:0.608;T122:0.606;T026:0.426,0,,,
2026-10-10T12:36:32,20261010-123629-a2cbf6,identify,crop,IMG_3746.jpg,"[116, 79, 874, 928]",Rooster,0.759,Rooster:0.759;Sunflower:0.65;Cruella:0.643;T122:0.635;Compass:0.486,0,,,
2026-10-10T12:36:32,20261010-123629-a2cbf6,identify,tight,IMG_3746.jpg,"[116, 79, 874, 928]",Rooster,0.616,Rooster:0.616;Compass:0.603;Cruella:0.573;Sunflower:0.57;Strobe_II:0.549,0,,,
2026-10-10T12:36:34,20261010-123632-9b74d7,identify,best,IMG_3872.HEIC,,Esther,1.49,Esther:1.49;Spikey:0.95;Lotus:0.93;D.E.P.:0.9;Cruella:0.85,1,,,spot 1.3
2026-10-10T12:36:34,20261010-123632-9b74d7,identify,sift,IMG_3872.HEIC,"[760, 391, 785, 421]",Esther,1.3,Esther:1.3;Spikey:1.3;D.E.P.:1.0;T122:1.0;Flower:1.0,1,,,
2026-10-10T12:36:34,20261010-123632-9b74d7,identify,combined,IMG_3872.HEIC,"[760, 391, 785, 421]",Esther,0.657,Esther:0.657;Lotus:0.43;Cruella:0.352;Jigsaw:0.346;Rooster:0.256,0,,,
2026-10-10T12:36:34,20261010-123632-9b74d7,identify,full,IMG_3872.HEIC,,Bubbles,0.28,Bubbles:0.28;Shingles:0.252;Sunflower:0.235;Cruella:0.22;T104:0.209,1,,,
2026-10-10T12:36:34,20261010-123632-9b74d7,identify,crop,IMG_3872.HEIC,"[760, 391, 785, 421]",Esther,0.73,Esther:0.73;Lotus:0.491;Cruella:0.436;Jigsaw:0.36;T104:0.355,0,,,
2026-10-10T12:36:34,20261010-123632-9b74d7,identify,tight,IMG_3872.HEIC,"[760, 391, 785, 421]",Esther,0.631,Esther:0.631;Jigsaw:0.613;Cruella:0.585;Lotus:0.51;T117:0.421,0,,,
2026-10-10T12:36:37,20261010-123634-490b79,identify,best,IMG_3873.HEIC,,Jigsaw,1.35,Jigsaw:1.35;Lotus:1.04;Chopsticks:1.01;Cruella:0.88;Esther:0.86,1,,,spot 2.1
2026-10-10T12:36:37,20261010-123634-490b79,identify,sift,IMG_3873.HEIC,"[566, 407, 666, 526]",Jigsaw,2.1,Jigsaw:2.1;Chopsticks:1.7;Rooster:1.1;Flower:0.9;Compass:0.9,1,,,
2026-10-10T12:36:37,20261010-123634-490b79,identify,combined,IMG_3873.HEIC,"[566, 407, 666, 526]",Lotus,0.472,Lotus:0.472;Esther:0.413;Cruella:0.311;Bubbles:0.283;Shingles:0.28,0,,,
2026-10-10T12:36:37,20261010-123634-490b79,identify,full,IMG_3873.HEIC,,Lotus,0.483,Lotus:0.483;Esther:0.477;Cruella:0.393;Bubbles:0.348;D.E.P.:0.322,0,,,
2026-10-10T12:36:37,20261010-123634-490b79,identify,crop,IMG_3873.HEIC,"[566, 407, 666, 526]",Esther,0.677,Esther:0.677;Jazzy:0.545;Lotus:0.528;Shingles:0.51;Cruella:0.446,0,,,
2026-10-10T12:36:37,20261010-123634-490b79,identify,tight,IMG_3873.HEIC,"[566, 407, 666, 526]",Esther,0.619,Esther:0.619;Cruella:0.601;Lotus:0.546;Jazzy:0.525;Shingles:0.476,0,,,
2026-10-10T12:36:39,20261010-123637-1f43b8,identify,best,IMG_3874.HEIC,,Glyph,1.24,Glyph:1.24;Shingles:0.78;Esther:0.66;Cruella:0.65;T066:0.65,1,,,spot 1.8
2026-10-10T12:36:39,20261010-123637-1f43b8,identify,sift,IMG_3874.HEIC,"[482, 381, 710, 640]",Glyph,1.8,Glyph:1.8;T117:0.6;Jigsaw:0.6;Fist:0.6;Compass:0.5,1,,,
2026-10-10T12:36:39,20261010-123637-1f43b8,identify,combined,IMG_3874.HEIC,"[482, 381, 710, 640]",Jazzy,0.454,Jazzy:0.454;Bubbles:0.412;Shingles:0.403;Esther:0.399;Lotus:0.327,0,,,
2026-10-10T12:36:39,20261010-123637-1f43b8,identify,full,IMG_3874.HEIC,,Lotus,0.52,Lotus:0.52;Esther:0.509;Cruella:0.393;Bubbles:0.344;Shingles:0.343,0,,,
2026-10-10T12:36:39,20261010-123637-1f43b8,identify,crop,IMG_3874.HEIC,"[482, 381, 710, 640]",Jazzy,0.592,Jazzy:0.592;Esther:0.546;Shingles:0.483;Lotus:0.38;Cruella:0.378,0,,,
2026-10-10T12:36:39,20261010-123637-1f43b8,identify,tight,IMG_3874.HEIC,"[482, 381, 710, 640]",Jazzy,0.532,Jazzy:0.532;Glyph:0.523;Shingles:0.504;Bubbles:0.474;D.E.P.:0.452,0,,,
2026-10-10T12:36:43,20261010-123639-13220a,identify,best,IMG_3875.heic,,Glyph,1.5,Glyph:1.5;Esther:0.71;Shingles:0.66;T117:0.65;Cruella:0.61,1,,,spot 2.2
2026-10-10T12:36:43,20261010-123639-13220a,identify,sift,IMG_3875.heic,"[162, 219, 762, 936]",Glyph,2.2,Glyph:2.2;Cruella:0.5;Flower:0.5;T117:0.5;Spikey:0.5,1,,,
2026-10-10T12:36:43,20261010-123639-13220a,identify,combined,IMG_3875.heic,"[162, 219, 762, 936]",Bubbles,0.407,Bubbles:0.407;Esther:0.396;Lotus:0.396;Emoji:0.355;Shingles:0.352,0,,,
2026-10-10T12:36:43,20261010-123639-13220a,identify,full,IMG_3875.heic,,Lotus,0.599,Lotus:0.599;Esther:0.547;Bubbles:0.366;Cruella:0.342;Shingles:0.328,0,,,
2026-10-10T12:36:43,20261010-123639-13220a,identify,crop,IMG_3875.heic,"[162, 219, 762, 936]",Shingles,0.461,Shingles:0.461;Esther:0.39;Lotus:0.385;Bubbles:0.374;Cruella:0.346,0,,,
2026-10-10T12:36:43,20261010-123639-13220a,identify,tight,IMG_3875.heic,"[162, 219, 762, 936]",Emoji,0.586,Emoji:0.586;Bubbles:0.543;D.E.P.:0.511;Glyph:0.485;Rooster_II:0.459,0,,,
2026-10-10T12:36:45,20261010-123643-6c23b8,identify,best,IMG_3876.heic,,Glyph,1.78,Glyph:1.78;Esther:1.03;Fist:0.88;Cruella:0.86;D.E.P.:0.83,1,,,spot 3.4
2026-10-10T12:36:45,20261010-123643-6c23b8,identify,sift,IMG_3876.heic,"[116, 195, 880, 950]",Glyph,3.4,Glyph:3.4;Esther:0.9;D.E.P.:0.8;Fist:0.8;T066:0.6,1,,,
2026-10-10T12:36:45,20261010-123643-6c23b8,identify,combined,IMG_3876.heic,"[116, 195, 880, 950]",Cruella,0.407,Cruella:0.407;Esther:0.391;Shingles:0.337;Bubbles:0.308;Fist:0.308,0,,,
2026-10-10T12:36:45,20261010-123643-6c23b8,identify,full,IMG_3876.heic,,Esther,0.637,Esther:0.637;Lotus:0.6;Cruella:0.313;Fist:0.288;Bubbles:0.288,0,,,
2026-10-10T12:36:45,20261010-123643-6c23b8,identify,crop,IMG_3876.heic,"[116, 195, 880, 950]",Lotus,0.465,Lotus:0.465;Esther:0.449;Cruella:0.444;Bubbles:0.379;Faded_Flower:0.266,0,,,
2026-10-10T12:36:45,20261010-123643-6c23b8,identify,tight,IMG_3876.heic,"[116, 195, 880, 950]",Emoji,0.748,Emoji:0.748;D.E.P.:0.698;Flower_2:0.663;Fist:0.644;T045:0.628,0,,,
2026-10-10T12:36:49,20261010-123645-0d38c5,identify,best,IMG_3877.heic,,Glyph,2.17,Glyph:2.17;Faded_Flower:1.0;D.E.P.:0.94;Esther:0.92;Lotus:0.85,0,,,spot 4.8
2026-10-10T12:36:49,20261010-123645-0d38c5,identify,sift,IMG_3877.heic,"[156, 59, 831, 847]",Glyph,4.8,Glyph:4.8;Faded_Flower:1.2;T039_70:1.0;D.E.P.:1.0;Compass:0.8,0,,,
2026-10-10T12:36:49,20261010-123645-0d38c5,identify,combined,IMG_3877.heic,"[156, 59, 831, 847]",Glyph,0.405,Glyph:0.405;Bubbles:0.401;Lotus:0.375;Shingles:0.369;Esther:0.334,0,,,
2026-10-10T12:36:49,20261010-123645-0d38c5,identify,full,IMG_3877.heic,,Esther,0.544,Esther:0.544;Lotus:0.498;Cruella:0.431;Bubbles:0.382;T117:0.323,0,,,
2026-10-10T12:36:49,20261010-123645-0d38c5,identify,crop,IMG_3877.heic,"[156, 59, 831, 847]",Cruella,0.455,Cruella:0.455;Lotus:0.452;Shingles:0.45;Esther:0.437;Bubbles:0.356,0,,,
2026-10-10T12:36:49,20261010-123645-0d38c5,identify,tight,IMG_3877.heic,"[156, 59, 831, 847]",Glyph,0.54,Glyph:0.54;T117:0.536;Emoji:0.534;D.E.P.:0.523;Shingles:0.517,0,,,
2026-10-10T12:36:51,20261010-123649-d77584,identify,best,IMG_3878.heic,,Glyph,1.17,Glyph:1.17;Cruella:0.9;Esther:0.7;T117:0.68;Bubbles:0.63,1,,,spot 1.5
2026-10-10T12:36:51,20261010-123649-d77584,identify,sift,IMG_3878.heic,"[98, 128, 817, 915]",Glyph,1.5,Glyph:1.5;Cruella:0.8;T117:0.8;T039_70:0.5;T044:0.5,1,,,
2026-10-10T12:36:51,20261010-123649-d77584,identify,combined,IMG_3878.heic,"[98, 128, 817, 915]",Bubbles,0.432,Bubbles:0.432;Esther:0.396;Emoji:0.353;D.E.P.:0.34;Cruella:0.323,0,,,
2026-10-10T12:36:51,20261010-123649-d77584,identify,full,IMG_3878.heic,,Esther,0.534,Esther:0.534;Lotus:0.465;Cruella:0.34;Bubbles:0.339;Compass:0.273,0,,,
2026-10-10T12:36:51,20261010-123649-d77584,identify,crop,IMG_3878.heic,"[98, 128, 817, 915]",Lotus,0.44,Lotus:0.44;Cruella:0.431;Bubbles:0.407;Esther:0.39;Shingles:0.368,0,,,
2026-10-10T12:36:51,20261010-123649-d77584,identify,tight,IMG_3878.heic,"[98, 128, 817, 915]",Emoji,0.744,Emoji:0.744;D.E.P.:0.666;Bubbles:0.602;Flower_2:0.581;T122:0.547,0,,,
2026-10-10T12:36:54,20261010-123651-1c2f33,identify,best,IMG_3879.HEIC,,Shingles,0.87,Shingles:0.87;T045:0.83;D.E.P.:0.8;T117:0.77;Glyph:0.76,1,,,spot 0.6
2026-10-10T12:36:54,20261010-123651-1c2f33,identify,sift,IMG_3879.HEIC,"[289, 120, 755, 810]",T045,0.8,T045:0.8;Strobe_II:0.7;T117:0.7;Wishbone:0.6;T066:0.6,1,,,
2026-10-10T12:36:54,20261010-123651-1c2f33,identify,combined,IMG_3879.HEIC,"[289, 120, 755, 810]",Shingles,0.409,Shingles:0.409;Bubbles:0.379;Esther:0.355;D.E.P.:0.337;Glyph:0.298,0,,,
2026-10-10T12:36:54,20261010-123651-1c2f33,identify,full,IMG_3879.HEIC,,Esther,0.556,Esther:0.556;Lotus:0.38;Shingles:0.352;Rooster:0.33;Cruella:0.272,0,,,
2026-10-10T12:36:54,20261010-123651-1c2f33,identify,crop,IMG_3879.HEIC,"[289, 120, 755, 810]",Shingles,0.514,Shingles:0.514;Esther:0.452;Bubbles:0.401;Lotus:0.362;Cruella:0.36,0,,,
2026-10-10T12:36:54,20261010-123651-1c2f33,identify,tight,IMG_3879.HEIC,"[289, 120, 755, 810]",Shingles,0.641,Shingles:0.641;Flower_2:0.569;D.E.P.:0.543;Glyph:0.532;T117:0.528,0,,,
2026-10-10T12:36:56,20261010-123654-b4a89e,identify,best,IMG_3880.HEIC,,Shingles,0.82,Shingles:0.82;Cruella:0.81;Esther:0.76;Glyph:0.64;Rooster_II:0.63,1,,,spot 0.7
2026-10-10T12:36:56,20261010-123654-b4a89e,identify,sift,IMG_3880.HEIC,"[305, 244, 712, 888]",Shingles,0.7,Shingles:0.7;Flower_2:0.6;Esther:0.6;Lotus:0.5;Compass:0.5,1,,,
2026-10-10T12:36:56,20261010-123654-b4a89e,identify,combined,IMG_3880.HEIC,"[305, 244, 712, 888]",Cruella,0.482,Cruella:0.482;Glyph:0.321;Fist:0.31;Esther:0.308;Shingles:0.286,0,,,
2026-10-10T12:36:56,20261010-123654-b4a89e,identify,full,IMG_3880.HEIC,,Esther,0.555,Esther:0.555;Lotus:0.505;Cruella:0.43;Shingles:0.366;Compass:0.286,0,,,
2026-10-10T12:36:56,20261010-123654-b4a89e,identify,crop,IMG_3880.HEIC,"[305, 244, 712, 888]",Cruella,0.591,Cruella:0.591;Shingles:0.391;Compass:0.389;Fist:0.387;Rooster:0.386,0,,,
2026-10-10T12:36:56,20261010-123654-b4a89e,identify,tight,IMG_3880.HEIC,"[305, 244, 712, 888]",Shingles,0.46,Shingles:0.46;Cruella:0.42;Rooster_II:0.378;Spikey:0.377;Fist:0.374,0,,,
2026-10-10T12:36:58,20261010-123656-bdfc31,identify,best,IMG_3881.HEIC,,Cruella,2.66,Cruella:2.66;Shingles:2.5;Esther:2.43;T117:2.36;Jigsaw:2.28,0,,,spot 9.1
2026-10-10T12:36:58,20261010-123656-bdfc31,identify,sift,IMG_3881.HEIC,"[637, 563, 656, 601]",Shingles,9.1,Shingles:9.1;Cruella:9.1;Jigsaw:7.3;T117:7.3;Flower:7.3,0,,,
2026-10-10T12:36:58,20261010-123656-bdfc31,identify,combined,IMG_3881.HEIC,"[637, 563, 656, 601]",Esther,0.564,Esther:0.564;Cruella:0.345;Lotus:0.343;T104:0.315;T117:0.246,0,,,
2026-10-10T12:36:58,20261010-123656-bdfc31,identify,full,IMG_3881.HEIC,,Lotus,0.283,Lotus:0.283;Esther:0.278;Sunflower:0.276;Glyph:0.261;Flower:0.255,1,,,
2026-10-10T12:36:58,20261010-123656-bdfc31,identify,crop,IMG_3881.HEIC,"[637, 563, 656, 601]",Esther,0.612,Esther:0.612;Lotus:0.347;T104:0.345;Shingles:0.291;T026:0.261,0,,,
2026-10-10T12:36:58,20261010-123656-bdfc31,identify,tight,IMG_3881.HEIC,"[637, 563, 656, 601]",Esther,0.666,Esther:0.666;Cruella:0.639;T117:0.516;Lotus:0.483;Jigsaw:0.481,0,,,
2026-10-10T12:37:00,20261010-123658-4192c8,identify,best,IMG_3882.HEIC,,Cruella,1.88,Cruella:1.88;Lotus:1.73;Flower_2:1.42;T104:1.4;Jigsaw:1.37,1,,,spot 3.7
2026-10-10T12:37:00,20261010-123658-4192c8,identify,sift,IMG_3882.HEIC,"[692, 673, 717, 723]",Cruella,3.7,Cruella:3.7;Flower_2:3.0;Lotus:3.0;T104:2.2;Spikey:2.2,1,,,
2026-10-10T12:37:00,20261010-123658-4192c8,identify,combined,IMG_3882.HEIC,"[692, 673, 717, 723]",Esther,0.607,Esther:0.607;Lotus:0.352;Cruella:0.33;T117:0.288;T047x:0.261,0,,,
2026-10-10T12:37:00,20261010-123658-4192c8,identify,full,IMG_3882.HEIC,,Sunflower,0.288,Sunflower:0.288;Glyph:0.277;Compass:0.261;Flower:0.259;Lotus:0.256,1,,,
2026-10-10T12:37:00,20261010-123658-4192c8,identify,crop,IMG_3882.HEIC,"[692, 673, 717, 723]",Esther,0.684,Esther:0.684;Lotus:0.379;T104:0.369;Shingles:0.349;T039_70:0.29,0,,,
2026-10-10T12:37:00,20261010-123658-4192c8,identify,tight,IMG_3882.HEIC,"[692, 673, 717, 723]",Esther,0.686,Esther:0.686;Cruella:0.633;Lotus:0.515;T117:0.507;Jigsaw:0.481,0,,,
2026-10-10T12:37:03,20261010-123700-a73adc,identify,best,IMG_3883.HEIC,,Cruella,0.87,Cruella:0.87;Glyph:0.8;Jazzy:0.78;D.E.P.:0.78;Esther:0.77,1,,,spot 0.4
2026-10-10T12:37:03,20261010-123700-a73adc,identify,sift,IMG_3883.HEIC,"[662, 502, 792, 645]",Glyph,0.9,Glyph:0.9;D.E.P.:0.8;Strobe_II:0.5;Shingles:0.5;Bubbles:0.4,1,,,
2026-10-10T12:37:03,20261010-123700-a73adc,identify,combined,IMG_3883.HEIC,"[662, 502, 792, 645]",Cruella,0.543,Cruella:0.543;Jazzy:0.513;Esther:0.456;T117:0.351;Flower:0.335,0,,,
2026-10-10T12:37:03,20261010-123700-a73adc,identify,full,IMG_3883.HEIC,,T117,0.46,T117:0.46;Esther:0.412;Glyph:0.399;Bubbles:0.398;Shingles:0.371,0,,,
2026-10-10T12:37:03,20261010-123700-a73adc,identify,crop,IMG_3883.HEIC,"[662, 502, 792, 645]",Jazzy,0.744,Jazzy:0.744;Cruella:0.728;Esther:0.692;Flower:0.447;T117:0.419,0,,,
2026-10-10T12:37:03,20261010-123700-a73adc,identify,tight,IMG_3883.HEIC,"[662, 502, 792, 645]",Esther,0.709,Esther:0.709;Jazzy:0.676;Cruella:0.653;Glyph:0.546;Shingles:0.526,0,,,
2026-10-10T12:37:05,20261010-123703-5b8d7b,identify,best,IMG_3884.HEIC,,Glyph,1.28,Glyph:1.28;Shingles:0.99;T117:0.72;Bubbles:0.7;Jazzy:0.68,1,,,spot 1.6
2026-10-10T12:37:05,20261010-123703-5b8d7b,identify,sift,IMG_3884.HEIC,"[197, 453, 551, 853]",Glyph,1.6,Glyph:1.6;Shingles:0.9;Bubbles:0.7;Rooster_II:0.5;Emoji:0.4,1,,,
2026-10-10T12:37:05,20261010-123703-5b8d7b,identify,combined,IMG_3884.HEIC,"[197, 453, 551, 853]",Jazzy,0.537,Jazzy:0.537;Esther:0.461;Shingles:0.36;D.E.P.:0.35;T117:0.35,0,,,
2026-10-10T12:37:05,20261010-123703-5b8d7b,identify,full,IMG_3884.HEIC,,T117,0.615,T117:0.615;Esther:0.561;T016:0.547;Shingles:0.506;Glyph:0.461,0,,,
2026-10-10T12:37:05,20261010-123703-5b8d7b,identify,crop,IMG_3884.HEIC,"[197, 453, 551, 853]",Esther,0.741,Esther:0.741;Jazzy:0.661;Cruella:0.631;D.E.P.:0.433;Shingles:0.417,0,,,
2026-10-10T12:37:05,20261010-123703-5b8d7b,identify,tight,IMG_3884.HEIC,"[197, 453, 551, 853]",Jazzy,0.674,Jazzy:0.674;Glyph:0.622;D.E.P.:0.62;Esther:0.617;Shingles:0.606,0,,,
2026-10-10T12:37:08,20261010-123705-8bcc2c,identify,best,IMG_3885.HEIC,,Glyph,1.24,Glyph:1.24;D.E.P.:1.0;Shingles:0.88;T117:0.79;Flower:0.69,1,,,spot 1.6
2026-10-10T12:37:08,20261010-123705-8bcc2c,identify,sift,IMG_3885.HEIC,"[444, 421, 804, 822]",Glyph,1.6,Glyph:1.6;Wishbone:0.8;Flower:0.7;Rooster_II:0.6;Shingles:0.6,1,,,
2026-10-10T12:37:08,20261010-123705-8bcc2c,identify,combined,IMG_3885.HEIC,"[444, 421, 804, 822]",D.E.P.,0.54,D.E.P.:0.54;Jazzy:0.486;T117:0.423;Shingles:0.415;Esther:0.32,0,,,
2026-10-10T12:37:08,20261010-123705-8bcc2c,identify,full,IMG_3885.HEIC,,T016,0.523,T016:0.523;D.E.P.:0.507;Compass:0.507;Glyph:0.484;Cruella:0.458,0,,,
2026-10-10T12:37:08,20261010-123705-8bcc2c,identify,crop,IMG_3885.HEIC,"[444, 421, 804, 822]",Jazzy,0.606,Jazzy:0.606;Esther:0.574;Cruella:0.54;D.E.P.:0.509;Shingles:0.487,0,,,
2026-10-10T12:37:08,20261010-123705-8bcc2c,identify,tight,IMG_3885.HEIC,"[444, 421, 804, 822]",Jazzy,0.647,Jazzy:0.647;D.E.P.:0.646;Lotus:0.532;Shingles:0.508;T117:0.488,0,,,
2026-10-10T12:37:10,20261010-123708-031a7c,identify,best,IMG_3886.HEIC,,Jigsaw,1.13,Jigsaw:1.13;Shingles:1.1;Esther:1.0;Spikey:0.97;Compass:0.85,1,,,spot 1.2
2026-10-10T12:37:10,20261010-123708-031a7c,identify,sift,IMG_3886.HEIC,"[895, 175, 930, 251]",Jigsaw,1.2,Jigsaw:1.2;Shingles:1.2;Spikey:1.2;Compass:0.9;Chopsticks:0.9,1,,,
2026-10-10T12:37:10,20261010-123708-031a7c,identify,combined,IMG_3886.HEIC,"[895, 175, 930, 251]",Esther,0.542,Esther:0.542;Cruella:0.373;Lotus:0.366;Jigsaw:0.366;Shingles:0.333,0,,,
2026-10-10T12:37:10,20261010-123708-031a7c,identify,full,IMG_3886.HEIC,,Shingles,0.373,Shingles:0.373;Bubbles:0.332;Esther:0.323;Lotus:0.315;T117:0.297,0,,,
2026-10-10T12:37:10,20261010-123708-031a7c,identify,crop,IMG_3886.HEIC,"[895, 175, 930, 251]",Esther,0.596,Esther:0.596;Cruella:0.525;Shingles:0.487;Jazzy:0.461;T104:0.436,0,,,
2026-10-10T12:37:10,20261010-123708-031a7c,identify,tight,IMG_3886.HEIC,"[895, 175, 930, 251]",Esther,0.722,Esther:0.722;Cruella:0.654;Jigsaw:0.64;T117:0.621;Lotus:0.543,0,,,
2026-10-10T12:37:13,20261010-123710-1d9c5b,identify,best,IMG_5105.JPEG,,Compass,0.72,Compass:0.72;Rooster_II:0.67;Rooster:0.65;Shingles:0.6;Aztec:0.5,1,,,spot 0.2
2026-10-10T12:37:13,20261010-123710-1d9c5b,identify,sift,IMG_5105.JPEG,"[250, 267, 781, 808]",Rooster_II,0.4,Rooster_II:0.4;Sunflower:0.3;Shingles:0.3;T066:0.3;Glyph:0.3,1,,,
2026-10-10T12:37:13,20261010-123710-1d9c5b,identify,combined,IMG_5105.JPEG,"[250, 267, 781, 808]",Compass,0.527,Compass:0.527;Rooster:0.441;Rooster_II:0.335;Shingles:0.316;T047x:0.301,0,,,
2026-10-10T12:37:13,20261010-123710-1d9c5b,identify,full,IMG_5105.JPEG,,Compass,0.611,Compass:0.611;Cruella:0.516;Jigsaw:0.414;Strobe:0.379;Aztec:0.369,0,,,
2026-10-10T12:37:13,20261010-123710-1d9c5b,identify,crop,IMG_5105.JPEG,"[250, 267, 781, 808]",Compass,0.641,Compass:0.641;Cruella:0.548;Flower:0.42;T122:0.407;Sunflower:0.403,0,,,
2026-10-10T12:37:13,20261010-123710-1d9c5b,identify,tight,IMG_5105.JPEG,"[250, 267, 781, 808]",Strobe_II,0.608,Strobe_II:0.608;Compass:0.606;Spikey:0.579;Sunflower:0.547;Rooster:0.538,0,,,
2026-10-10T12:37:17,20261010-123713-2b45c4,identify,best,IMG_5106.JPEG,,Rooster,0.7,Rooster:0.7;Sunflower:0.7;Compass:0.7;Cruella:0.63;T122:0.58,1,,,spot 0.2
2026-10-10T12:37:17,20261010-123713-2b45c4,identify,sift,IMG_5106.JPEG,"[244, 275, 772, 818]",Spikey,0.5,Spikey:0.5;Sunflower:0.5;Shingles:0.5;Glyph:0.4;Jigsaw:0.3,1,,,
2026-10-10T12:37:17,20261010-123713-2b45c4,identify,combined,IMG_5106.JPEG,"[244, 275, 772, 818]",Rooster,0.493,Rooster:0.493;Compass:0.489;Cruella:0.377;Aztec:0.369;T122:0.331,0,,,
2026-10-10T12:37:17,20261010-123713-2b45c4,identify,full,IMG_5106.JPEG,,Compass,0.737,Compass:0.737;Cruella:0.567;Sunflower:0.504;Flower:0.476;T122:0.447,0,,,
2026-10-10T12:37:17,20261010-123713-2b45c4,identify,crop,IMG_5106.JPEG,"[244, 275, 772, 818]",Compass,0.629,Compass:0.629;Cruella:0.55;Rooster_II:0.465;Sunflower:0.461;Flower:0.432,0,,,
2026-10-10T12:37:17,20261010-123713-2b45c4,identify,tight,IMG_5106.JPEG,"[244, 275, 772, 818]",Compass,0.58,Compass:0.58;Cruella:0.573;Rooster:0.566;Strobe_II:0.547;Sunflower:0.519,0,,,
2026-10-10T12:37:20,20261010-123717-df6bb5,identify,best,IMG_5107.JPEG,,Cruella,0.72,Cruella:0.72;Compass:0.69;Rooster:0.67;Sunflower:0.6;Rooster_II:0.56,1,,,spot 0.4
2026-10-10T12:37:20,20261010-123717-df6bb5,identify,sift,IMG_5107.JPEG,"[257, 276, 788, 831]",Glyph,0.5,Glyph:0.5;Wishbone:0.4;Cruella:0.4;Sunflower:0.3;Chopsticks:0.3,1,,,
2026-10-10T12:37:20,20261010-123717-df6bb5,identify,combined,IMG_5107.JPEG,"[257, 276, 788, 831]",Rooster,0.484,Rooster:0.484;Compass:0.476;Cruella:0.404;Rooster_II:0.355;Sunflower:0.337,0,,,
2026-10-10T12:37:20,20261010-123717-df6bb5,identify,full,IMG_5107.JPEG,,Compass,0.654,Compass:0.654;Flower:0.545;Cruella:0.535;T117:0.533;T122:0.45,0,,,
2026-10-10T12:37:20,20261010-123717-df6bb5,identify,crop,IMG_5107.JPEG,"[257, 276, 788, 831]",Compass,0.641,Compass:0.641;Cruella:0.587;Sunflower:0.563;Flower:0.505;Rooster_II:0.445,0,,,
2026-10-10T12:37:20,20261010-123717-df6bb5,identify,tight,IMG_5107.JPEG,"[257, 276, 788, 831]",Compass,0.628,Compass:0.628;Strobe_II:0.58;Sunflower:0.568;Rooster:0.562;Cruella:0.527,0,,,
2026-10-10T12:37:24,20261010-123720-555e17,identify,best,IMG_5108.JPEG,,Cruella,0.79,Cruella:0.79;T122:0.75;T117:0.74;Rooster:0.72;Compass:0.68,1,,,spot 0.6
2026-10-10T12:37:24,20261010-123720-555e17,identify,sift,IMG_5108.JPEG,"[272, 233, 831, 767]",T117,0.7,T117:0.7;Cruella:0.6;Glyph:0.5;T103x:0.4;T039_70:0.4,1,,,
2026-10-10T12:37:24,20261010-123720-555e17,identify,combined,IMG_5108.JPEG,"[272, 233, 831, 767]",Rooster,0.516,Rooster:0.516;Compass:0.457;T122:0.456;Rooster_II:0.378;Sunflower:0.346,0,,,
2026-10-10T12:37:24,20261010-123720-555e17,identify,full,IMG_5108.JPEG,,Compass,0.673,Compass:0.673;Cruella:0.482;T122:0.425;Flower:0.414;Flower_2:0.382,0,,,
2026-10-10T12:37:24,20261010-123720-555e17,identify,crop,IMG_5108.JPEG,"[272, 233, 831, 767]",Compass,0.664,Compass:0.664;T122:0.514;Rooster_II:0.487;Flower_2:0.472;Cruella:0.461,0,,,
2026-10-10T12:37:24,20261010-123720-555e17,identify,tight,IMG_5108.JPEG,"[272, 233, 831, 767]",Sunflower,0.619,Sunflower:0.619;Compass:0.608;Strobe_II:0.566;T117:0.534;Rooster:0.533,0,,,
2026-10-10T12:37:27,20261010-123724-9c4bb4,identify,best,IMG_5109.JPEG,,Shingles,0.69,Shingles:0.69;Bubbles:0.67;Cruella:0.62;Flower:0.62;Compass:0.59,1,,,spot 0.6
2026-10-10T12:37:27,20261010-123724-9c4bb4,identify,sift,IMG_5109.JPEG,"[146, 297, 665, 888]",Bubbles,0.7,Bubbles:0.7;Shingles:0.6;T066:0.6;T039_70:0.5;Flower:0.4,1,,,
2026-10-10T12:37:27,20261010-123724-9c4bb4,identify,combined,IMG_5109.JPEG,"[146, 297, 665, 888]",Cruella,0.394,Cruella:0.394;Compass:0.39;Aztec:0.36;Rooster:0.322;Flower:0.283,0,,,
2026-10-10T12:37:27,20261010-123724-9c4bb4,identify,full,IMG_5109.JPEG,,Compass,0.711,Compass:0.711;Cruella:0.588;Sunflower:0.55;Flower:0.505;T117:0.404,0,,,
2026-10-10T12:37:27,20261010-123724-9c4bb4,identify,crop,IMG_5109.JPEG,"[146, 297, 665, 888]",Compass,0.622,Compass:0.622;Cruella:0.502;Aztec:0.403;T122:0.386;Flower:0.363,0,,,
2026-10-10T12:37:27,20261010-123724-9c4bb4,identify,tight,IMG_5109.JPEG,"[146, 297, 665, 888]",Compass,0.644,Compass:0.644;Cruella:0.592;Spikey:0.546;Strobe_II:0.508;T122:0.482,0,,,
2026-10-10T12:37:30,20261010-123727-f62f2c,identify,best,IMG_5111.JPEG,,Compass,0.75,Compass:0.75;Cruella:0.73;Aztec:0.66;Spikey:0.63;Flower:0.6,1,,,spot 0.4
2026-10-10T12:37:30,20261010-123727-f62f2c,identify,sift,IMG_5111.JPEG,"[215, 330, 597, 804]",Chopsticks,0.5,Chopsticks:0.5;T022_23:0.5;Fist:0.4;Compass:0.4;Flower:0.3,1,,,
2026-10-10T12:37:30,20261010-123727-f62f2c,identify,combined,IMG_5111.JPEG,"[215, 330, 597, 804]",Cruella,0.495,Cruella:0.495;Compass:0.428;T122:0.374;Aztec:0.363;Spikey:0.328,0,,,
2026-10-10T12:37:30,20261010-123727-f62f2c,identify,full,IMG_5111.JPEG,,Compass,0.537,Compass:0.537;Flower_2:0.489;Cruella:0.483;Sunflower:0.467;T122:0.433,0,,,
2026-10-10T12:37:30,20261010-123727-f62f2c,identify,crop,IMG_5111.JPEG,"[215, 330, 597, 804]",Compass,0.574,Compass:0.574;Cruella:0.504;T122:0.486;Rooster:0.408;Sunflower:0.405,0,,,
2026-10-10T12:37:30,20261010-123727-f62f2c,identify,tight,IMG_5111.JPEG,"[215, 330, 597, 804]",Spikey,0.681,Spikey:0.681;Compass:0.644;Cruella:0.581;T122:0.562;Strobe_II:0.541,0,,,
2026-10-10T12:37:32,20261010-123730-a8d1bd,identify,best,IMG_5112.JPEG,,T117,0.78,T117:0.78;Cruella:0.76;Flower:0.67;Spikey:0.65;D.E.P.:0.64,1,,,spot 0.7
2026-10-10T12:37:32,20261010-123730-a8d1bd,identify,sift,IMG_5112.JPEG,"[215, 309, 584, 804]",T117,0.7,T117:0.7;Sunflower:0.6;Shingles:0.5;D.E.P.:0.4;Chopsticks:0.4,1,,,
2026-10-10T12:37:32,20261010-123730-a8d1bd,identify,combined,IMG_5112.JPEG,"[215, 309, 584, 804]",Cruella,0.438,Cruella:0.438;Compass:0.414;T122:0.349;Flower:0.343;Spikey:0.324,0,,,
2026-10-10T12:37:32,20261010-123730-a8d1bd,identify,full,IMG_5112.JPEG,,Compass,0.603,Compass:0.603;Cruella:0.5;Flower:0.483;T122:0.454;T117:0.429,0,,,
2026-10-10T12:37:32,20261010-123730-a8d1bd,identify,crop,IMG_5112.JPEG,"[215, 309, 584, 804]",Compass,0.571,Compass:0.571;Cruella:0.495;Rooster:0.491;Aztec:0.39;Flower:0.379,0,,,
2026-10-10T12:37:32,20261010-123730-a8d1bd,identify,tight,IMG_5112.JPEG,"[215, 309, 584, 804]",Compass,0.674,Compass:0.674;Spikey:0.662;T122:0.595;Cruella:0.546;Strobe_II:0.529,0,,,
2026-10-10T12:37:34,20261010-123732-84c724,identify,best,IMG_6670.JPEG,,Cruella,1.72,Cruella:1.72;Esther:1.3;Shingles:1.13;Jigsaw:1.05;T117:1.02,1,,,spot 2.6
2026-10-10T12:37:34,20261010-123732-84c724,identify,sift,IMG_6670.JPEG,"[492, 363, 545, 462]",Cruella,2.6,Cruella:2.6;T117:1.3;Esther:1.3;Shingles:1.3;Jigsaw:1.0,1,,,
2026-10-10T12:37:34,20261010-123732-84c724,identify,combined,IMG_6670.JPEG,"[492, 363, 545, 462]",Esther,0.477,Esther:0.477;Cruella:0.449;Jigsaw:0.342;Shingles:0.307;Jazzy:0.263,0,,,
2026-10-10T12:37:34,20261010-123732-84c724,identify,full,IMG_6670.JPEG,,Shingles,0.652,Shingles:0.652;Flower:0.492;T104:0.447;Lotus:0.416;Wishbone:0.413,0,,,
2026-10-10T12:37:34,20261010-123732-84c724,identify,crop,IMG_6670.JPEG,"[492, 363, 545, 462]",Esther,0.698,Esther:0.698;Jazzy:0.643;Cruella:0.593;Shingles:0.466;T104:0.461,0,,,
2026-10-10T12:37:34,20261010-123732-84c724,identify,tight,IMG_6670.JPEG,"[492, 363, 545, 462]",Cruella,0.696,Cruella:0.696;Jigsaw:0.66;Esther:0.619;T117:0.537;Lotus:0.433,0,,,
2026-10-10T12:37:37,20261010-123734-bf80c8,identify,best,IMG_6671.JPEG,,Bubbles,0.91,Bubbles:0.91;Cruella:0.9;Wishbone:0.88;D.E.P.:0.76;Rooster_II:0.75,1,,,spot 1.0
2026-10-10T12:37:37,20261010-123734-bf80c8,identify,sift,IMG_6671.JPEG,"[390, 287, 825, 688]",Bubbles,1.0,Bubbles:1.0;Cruella:0.8;T066:0.7;Wishbone:0.6;Faded_Flower:0.6,1,,,
2026-10-10T12:37:37,20261010-123734-bf80c8,identify,combined,IMG_6671.JPEG,"[390, 287, 825, 688]",Wishbone,0.382,Wishbone:0.382;Rooster_II:0.376;Cruella:0.321;D.E.P.:0.308;T045:0.305,0,,,
2026-10-10T12:37:37,20261010-123734-bf80c8,identify,full,IMG_6671.JPEG,,Flower,0.649,Flower:0.649;Fist:0.586;Wishbone:0.583;T045:0.578;Compass:0.572,0,,,
2026-10-10T12:37:37,20261010-123734-bf80c8,identify,crop,IMG_6671.JPEG,"[390, 287, 825, 688]",Wishbone,0.6,Wishbone:0.6;Rooster_II:0.598;Fist:0.502;Cruella:0.497;Chopsticks:0.468,0,,,
2026-10-10T12:37:37,20261010-123734-bf80c8,identify,tight,IMG_6671.JPEG,"[390, 287, 825, 688]",T122,0.598,T122:0.598;D.E.P.:0.583;Rooster_II:0.544;T045:0.499;Bubbles:0.479,0,,,
2026-10-10T12:37:41,20261010-123737-9195c8,identify,best,IMG_7369.jpg,,Jazzy,1.91,Jazzy:1.91;T039_70:0.74;Cruella:0.71;Wishbone:0.63;Glyph:0.59,1,,,spot 3.3
2026-10-10T12:37:41,20261010-123737-9195c8,identify,sift,IMG_7369.jpg,"[128, 258, 892, 982]",Jazzy,3.3,Jazzy:3.3;T039_70:1.0;Stilts:0.6;Cruella:0.6;T066:0.5,1,,,
2026-10-10T12:37:41,20261010-123737-9195c8,identify,combined,IMG_7369.jpg,"[128, 258, 892, 982]",Jazzy,0.439,Jazzy:0.439;Glyph:0.364;Bubbles:0.357;T122:0.339;Rooster_II:0.315,0,,,
2026-10-10T12:37:41,20261010-123737-9195c8,identify,full,IMG_7369.jpg,,Jazzy,0.587,Jazzy:0.587;T117:0.496;T104:0.441;Stilts:0.409;T122:0.399,0,,,
2026-10-10T12:37:41,20261010-123737-9195c8,identify,crop,IMG_7369.jpg,"[128, 258, 892, 982]",T122,0.454,T122:0.454;Compass:0.453;Cruella:0.442;Shingles:0.436;Flower_2:0.42,0,,,
2026-10-10T12:37:41,20261010-123737-9195c8,identify,tight,IMG_7369.jpg,"[128, 258, 892, 982]",D.E.P.,0.572,D.E.P.:0.572;Shingles:0.56;T122:0.548;Glyph:0.545;Jazzy:0.538,0,,,
2026-10-10T12:37:43,20261010-123741-fd8001,identify,best,IMG_7412.jpg,,Jazzy,0.82,Jazzy:0.82;Bubbles:0.73;D.E.P.:0.71;Shingles:0.6;Flower_2:0.58,1,,,spot 0.6
2026-10-10T12:37:43,20261010-123741-fd8001,identify,sift,IMG_7412.jpg,"[174, 237, 937, 951]",Jazzy,0.6,Jazzy:0.6;Wishbone:0.6;Lotus:0.4;Cruella:0.4;Jigsaw:0.4,1,,,
2026-10-10T12:37:43,20261010-123741-fd8001,identify,combined,IMG_7412.jpg,"[174, 237, 937, 951]",Bubbles,0.504,Bubbles:0.504;Flower_2:0.46;Emoji:0.419;D.E.P.:0.398;Jazzy:0.341,0,,,
2026-10-10T12:37:43,20261010-123741-fd8001,identify,full,IMG_7412.jpg,,T122,0.542,T122:0.542;Jazzy:0.477;Flower_2:0.445;T117:0.361;Shingles:0.349,0,,,
2026-10-10T12:37:43,20261010-123741-fd8001,identify,crop,IMG_7412.jpg,"[174, 237, 937, 951]",T122,0.45,T122:0.45;Compass:0.407;Cruella:0.384;Flower_2:0.378;T117:0.377,0,,,
2026-10-10T12:37:43,20261010-123741-fd8001,identify,tight,IMG_7412.jpg,"[174, 237, 937, 951]",Bubbles,0.688,Bubbles:0.688;Glyph:0.569;Flower_2:0.565;D.E.P.:0.548;Emoji:0.54,0,,,
2026-10-10T12:37:47,20261010-123743-de142d,identify,best,IMG_7518.JPEG,,Esther,1.07,Esther:1.07;Cruella:0.75;T117:0.72;Lotus:0.69;T104:0.61,1,,,spot 0.6
2026-10-10T12:37:47,20261010-123743-de142d,identify,sift,IMG_7518.JPEG,"[386, 420, 537, 497]",T104,0.6,T104:0.6;Esther:0.6;T117:0.5;Wishbone:0.4;D.E.P.:0.4,1,,,
2026-10-10T12:37:47,20261010-123743-de142d,identify,combined,IMG_7518.JPEG,"[386, 420, 537, 497]",Esther,0.618,Esther:0.618;Cruella:0.455;Lotus:0.446;T117:0.33;Shingles:0.284,0,,,
2026-10-10T12:37:47,20261010-123743-de142d,identify,full,IMG_7518.JPEG,,Shingles,0.413,Shingles:0.413;Bubbles:0.398;T039_70:0.394;D.E.P.:0.385;Glyph:0.381,0,,,
2026-10-10T12:37:47,20261010-123743-de142d,identify,crop,IMG_7518.JPEG,"[386, 420, 537, 497]",Esther,0.725,Esther:0.725;Cruella:0.494;Lotus:0.393;Jazzy:0.361;Shingles:0.353,0,,,
2026-10-10T12:37:47,20261010-123743-de142d,identify,tight,IMG_7518.JPEG,"[386, 420, 537, 497]",Cruella,0.733,Cruella:0.733;T117:0.64;Esther:0.626;Jigsaw:0.558;Lotus:0.504,0,,,
2026-10-10T12:37:49,20261010-123747-87208c,identify,best,IMG_7529.JPEG,,Jigsaw,1.09,Jigsaw:1.09;Cruella:1.07;Spikey:1.0;Compass:0.85;Shingles:0.78,1,,,spot 0.9
2026-10-10T12:37:49,20261010-123747-87208c,identify,sift,IMG_7529.JPEG,"[507, 411, 620, 520]",Spikey,1.4,Spikey:1.4;Cruella:1.2;Rooster:0.9;Jigsaw:0.9;D.E.P.:0.9,1,,,
2026-10-10T12:37:49,20261010-123747-87208c,identify,combined,IMG_7529.JPEG,"[507, 411, 620, 520]",Jigsaw,0.429,Jigsaw:0.429;Shingles:0.396;Esther:0.366;Cruella:0.302;T039_70:0.263,0,,,
2026-10-10T12:37:49,20261010-123747-87208c,identify,full,IMG_7529.JPEG,,Bubbles,0.443,Bubbles:0.443;T117:0.322;Glyph:0.303;Jigsaw:0.298;Faded_Flower:0.295,0,,,
2026-10-10T12:37:49,20261010-123747-87208c,identify,crop,IMG_7529.JPEG,"[507, 411, 620, 520]",Esther,0.607,Esther:0.607;Cruella:0.606;Jazzy:0.507;Shingles:0.445;T039_70:0.436,0,,,
2026-10-10T12:37:49,20261010-123747-87208c,identify,tight,IMG_7529.JPEG,"[507, 411, 620, 520]",Jigsaw,0.606,Jigsaw:0.606;Cruella:0.577;Esther:0.566;Lotus:0.484;Shingles:0.46,0,,,
2026-10-10T12:37:52,20261010-123749-8bf1e9,identify,best,IMG_7530.JPEG,,Cruella,1.22,Cruella:1.22;Jigsaw:1.12;Jazzy:0.92;Shingles:0.92;Esther:0.82,1,,,spot 1.3
2026-10-10T12:37:52,20261010-123749-8bf1e9,identify,sift,IMG_7530.JPEG,"[531, 377, 638, 524]",Cruella,1.3,Cruella:1.3;Shingles:1.2;Jigsaw:0.9;Faded_Flower:0.9;Esther:0.9,1,,,
2026-10-10T12:37:52,20261010-123749-8bf1e9,identify,combined,IMG_7530.JPEG,"[531, 377, 638, 524]",Jazzy,0.613,Jazzy:0.613;Jigsaw:0.474;Cruella:0.396;D.E.P.:0.241;T117:0.216,0,,,
2026-10-10T12:37:52,20261010-123749-8bf1e9,identify,full,IMG_7530.JPEG,,Bubbles,0.389,Bubbles:0.389;Glyph:0.372;Jigsaw:0.302;Shingles:0.299;D.E.P.:0.299,0,,,
2026-10-10T12:37:52,20261010-123749-8bf1e9,identify,crop,IMG_7530.JPEG,"[531, 377, 638, 524]",Jazzy,0.706,Jazzy:0.706;Cruella:0.599;Jigsaw:0.577;Esther:0.45;T103x:0.331,0,,,
2026-10-10T12:37:52,20261010-123749-8bf1e9,identify,tight,IMG_7530.JPEG,"[531, 377, 638, 524]",Jazzy,0.731,Jazzy:0.731;Cruella:0.582;Jigsaw:0.472;Rooster_II:0.471;Esther:0.387,0,,,
2026-10-10T12:37:54,20261010-123752-c914cd,identify,best,IMG_7531.JPEG,,Jigsaw,1.3,Jigsaw:1.3;T044:1.15;Cruella:1.06;D.E.P.:1.02;Lotus:0.99,1,,,spot 1.3
2026-10-10T12:37:54,20261010-123752-c914cd,identify,sift,IMG_7531.JPEG,"[594, 408, 716, 542]",T044,1.9,T044:1.9;Jigsaw:1.3;Lotus:1.3;Bubbles:1.3;Spikey:1.1,1,,,
2026-10-10T12:37:54,20261010-123752-c914cd,identify,combined,IMG_7531.JPEG,"[594, 408, 716, 542]",Jigsaw,0.462,Jigsaw:0.462;Cruella:0.401;T039_70:0.368;Shingles:0.311;D.E.P.:0.27,0,,,
2026-10-10T12:37:54,20261010-123752-c914cd,identify,full,IMG_7531.JPEG,,Bubbles,0.367,Bubbles:0.367;T122:0.301;T117:0.297;Cruella:0.292;Jigsaw:0.285,0,,,
2026-10-10T12:37:54,20261010-123752-c914cd,identify,crop,IMG_7531.JPEG,"[594, 408, 716, 542]",Cruella,0.556,Cruella:0.556;Jazzy:0.532;Jigsaw:0.458;Esther:0.445;Flower:0.337,0,,,
2026-10-10T12:37:54,20261010-123752-c914cd,identify,tight,IMG_7531.JPEG,"[594, 408, 716, 542]",Jigsaw,0.655,Jigsaw:0.655;Cruella:0.587;Esther:0.567;T039_70:0.455;D.E.P.:0.453,0,,,
2026-10-10T12:37:57,20261010-123754-d243dc,identify,best,IMG_7557.JPEG,,Shingles,0.9,Shingles:0.9;T066:0.79;Cruella:0.77;Flower:0.75;Lotus:0.73,1,,,spot 0.5
2026-10-10T12:37:57,20261010-123754-d243dc,identify,sift,IMG_7557.JPEG,"[421, 417, 542, 663]",T066,0.8,T066:0.8;Flower:0.7;Wishbone:0.6;Jazzy:0.6;Fist:0.6,1,,,
2026-10-10T12:37:57,20261010-123754-d243dc,identify,combined,IMG_7557.JPEG,"[421, 417, 542, 663]",Shingles,0.515,Shingles:0.515;Emoji:0.396;Lotus:0.358;Esther:0.358;Cruella:0.324,0,,,
2026-10-10T12:37:57,20261010-123754-d243dc,identify,full,IMG_7557.JPEG,,T026,0.453,T026:0.453;T117:0.436;T122:0.398;Jigsaw:0.367;Cruella:0.344,0,,,
2026-10-10T12:37:57,20261010-123754-d243dc,identify,crop,IMG_7557.JPEG,"[421, 417, 542, 663]",Esther,0.499,Esther:0.499;Shingles:0.483;T039_70:0.45;Cruella:0.422;T104:0.413,0,,,
2026-10-10T12:37:57,20261010-123754-d243dc,identify,tight,IMG_7557.JPEG,"[421, 417, 542, 663]",Esther,0.653,Esther:0.653;Shingles:0.549;Lotus:0.501;Emoji:0.437;T104:0.41,0,,,
2026-10-10T12:38:01,20261010-123757-745b89,identify,best,IMG_7562.JPEG,,Jazzy,1.85,Jazzy:1.85;T117:0.68;Sunflower:0.61;Glyph:0.59;Bubbles:0.58,1,,,spot 2.5
2026-10-10T12:38:01,20261010-123757-745b89,identify,sift,IMG_7562.JPEG,"[323, 219, 712, 621]",Jazzy,2.5,Jazzy:2.5;Bubbles:0.5;Chopsticks:0.4;T117:0.4;Wishbone:0.4,1,,,
2026-10-10T12:38:01,20261010-123757-745b89,identify,combined,IMG_7562.JPEG,"[323, 219, 712, 621]",Jazzy,0.6,Jazzy:0.6;D.E.P.:0.35;Glyph:0.34;T117:0.336;Sunflower:0.335,0,,,
2026-10-10T12:38:01,20261010-123757-745b89,identify,full,IMG_7562.JPEG,,T117,0.628,T117:0.628;T122:0.521;T026:0.491;Lotus:0.456;Shingles:0.447,0,,,
2026-10-10T12:38:01,20261010-123757-745b89,identify,crop,IMG_7562.JPEG,"[323, 219, 712, 621]",Sunflower,0.536,Sunflower:0.536;Esther:0.526;T026:0.51;Jazzy:0.498;D.E.P.:0.48,0,,,
2026-10-10T12:38:01,20261010-123757-745b89,identify,tight,IMG_7562.JPEG,"[323, 219, 712, 621]",Jazzy,0.581,Jazzy:0.581;T122:0.471;T117:0.46;Spikey:0.456;Flower_2:0.45,0,,,
2026-10-10T12:38:05,20261010-123801-62948a,identify,best,IMG_7616.JPEG,,Jazzy,1.58,Jazzy:1.58;T045:0.93;Cruella:0.93;T117:0.84;Bubbles:0.8,1,,,spot 2.3
2026-10-10T12:38:05,20261010-123801-62948a,identify,sift,IMG_7616.JPEG,"[384, 227, 800, 650]",Jazzy,2.3,Jazzy:2.3;Cruella:0.9;T117:0.8;Shingles:0.7;Bubbles:0.7,1,,,
2026-10-10T12:38:05,20261010-123801-62948a,identify,combined,IMG_7616.JPEG,"[384, 227, 800, 650]",T045,0.479,T045:0.479;Sunflower:0.432;Jazzy:0.401;Glyph:0.374;Flower:0.318,0,,,
2026-10-10T12:38:05,20261010-123801-62948a,identify,full,IMG_7616.JPEG,,T117,0.634,T117:0.634;T104:0.522;Jazzy:0.521;Flower_2:0.433;Cruella:0.424,0,,,
2026-10-10T12:38:05,20261010-123801-62948a,identify,crop,IMG_7616.JPEG,"[384, 227, 800, 650]",T045,0.522,T045:0.522;Flower_2:0.465;Cruella:0.452;T117:0.451;Jazzy:0.417,0,,,
2026-10-10T12:38:05,20261010-123801-62948a,identify,tight,IMG_7616.JPEG,"[384, 227, 800, 650]",T122,0.595,T122:0.595;Wishbone:0.568;Fist:0.566;T045:0.557;Cruella:0.556,0,,,
2026-10-10T12:38:09,20261010-123805-7ca52a,identify,best,IMG_7676.JPG,,D.E.P.,0.68,D.E.P.:0.68;Cruella:0.63;Chopsticks:0.6;Jazzy:0.58;Rooster_II:0.55,1,,,spot 0.4
2026-10-10T12:38:09,20261010-123805-7ca52a,identify,sift,IMG_7676.JPG,"[309, 348, 678, 707]",T117,0.4,T117:0.4;Chopsticks:0.4;Wishbone:0.4;D.E.P.:0.4;Shingles:0.3,1,,,
2026-10-10T12:38:09,20261010-123805-7ca52a,identify,combined,IMG_7676.JPG,"[309, 348, 678, 707]",Cruella,0.371,Cruella:0.371;Jazzy:0.361;Rooster_II:0.351;D.E.P.:0.348;Aztec:0.339,0,,,
2026-10-10T12:38:09,20261010-123805-7ca52a,identify,full,IMG_7676.JPG,,T104,0.518,T104:0.518;Cruella:0.402;Compass:0.366;T122:0.362;Jazzy:0.322,0,,,
2026-10-10T12:38:09,20261010-123805-7ca52a,identify,crop,IMG_7676.JPG,"[309, 348, 678, 707]",Jazzy,0.527,Jazzy:0.527;Cruella:0.486;Jigsaw:0.471;Compass:0.378;T117:0.353,0,,,
2026-10-10T12:38:09,20261010-123805-7ca52a,identify,tight,IMG_7676.JPG,"[309, 348, 678, 707]",Compass,0.592,Compass:0.592;D.E.P.:0.574;Rooster_II:0.556;Chopsticks:0.522;Cruella:0.498,0,,,
2026-10-10T12:38:12,20261010-123809-ab67ac,identify,best,IMG_7678.jpg,,Wishbone,0.87,Wishbone:0.87;Rooster_II:0.71;Cruella:0.68;Rooster:0.59;Compass:0.58,1,,,spot 0.6
2026-10-10T12:38:12,20261010-123809-ab67ac,identify,sift,IMG_7678.jpg,"[91, 74, 922, 908]",T039_70,0.7,T039_70:0.7;Wishbone:0.6;T066:0.6;Cruella:0.5;Stilts:0.4,1,,,
2026-10-10T12:38:12,20261010-123809-ab67ac,identify,combined,IMG_7678.jpg,"[91, 74, 922, 908]",Rooster,0.468,Rooster:0.468;Wishbone:0.391;Rooster_II:0.385;Aztec:0.347;Compass:0.311,0,,,
2026-10-10T12:38:12,20261010-123809-ab67ac,identify,full,IMG_7678.jpg,,Rooster_II,0.577,Rooster_II:0.577;Cruella:0.498;Jazzy:0.432;T122:0.424;Compass:0.414,0,,,
2026-10-10T12:38:12,20261010-123809-ab67ac,identify,crop,IMG_7678.jpg,"[91, 74, 922, 908]",Rooster_II,0.461,Rooster_II:0.461;Compass:0.447;T122:0.439;Cruella:0.416;Wishbone:0.406,0,,,
2026-10-10T12:38:12,20261010-123809-ab67ac,identify,tight,IMG_7678.jpg,"[91, 74, 922, 908]",Aztec,0.505,Aztec:0.505;Rooster:0.469;Compass:0.445;Wishbone:0.444;T045:0.423,0,,,
2026-10-10T12:38:15,20261010-123812-3c929c,identify,best,IMG_7682.jpg,,Cruella,0.84,Cruella:0.84;Shingles:0.78;T045:0.78;T104:0.65;Fist:0.65,1,,,spot 0.5
2026-10-10T12:38:15,20261010-123812-3c929c,identify,sift,IMG_7682.jpg,"[182, 161, 804, 915]",Shingles,1.0,Shingles:1.0;T104:0.8;T045:0.8;Fist:0.8;T066:0.7,1,,,
2026-10-10T12:38:15,20261010-123812-3c929c,identify,combined,IMG_7682.jpg,"[182, 161, 804, 915]",Cruella,0.426,Cruella:0.426;Jazzy:0.371;Aztec:0.371;Jigsaw:0.349;Compass:0.329,0,,,
2026-10-10T12:38:15,20261010-123812-3c929c,identify,full,IMG_7682.jpg,,Compass,0.568,Compass:0.568;T122:0.444;Cruella:0.411;Rooster_II:0.356;Aztec:0.355,0,,,
2026-10-10T12:38:15,20261010-123812-3c929c,identify,crop,IMG_7682.jpg,"[182, 161, 804, 915]",Cruella,0.595,Cruella:0.595;Jazzy:0.585;Jigsaw:0.577;Compass:0.513;Aztec:0.438,0,,,
2026-10-10T12:38:15,20261010-123812-3c929c,identify,tight,IMG_7682.jpg,"[182, 161, 804, 915]",Compass,0.578,Compass:0.578;Aztec:0.548;Rooster_II:0.506;Rooster:0.473;Cruella:0.47,0,,,
2026-10-10T12:38:18,20261010-123815-60e78c,identify,best,IMG_7848.jpg,,Emoji,0.9,Emoji:0.9;Sunflower:0.73;T122:0.69;Cruella:0.68;T045:0.65,1,,,spot 0.4
2026-10-10T12:38:18,20261010-123815-60e78c,identify,sift,IMG_7848.jpg,"[82, 103, 895, 919]",T066,0.6,T066:0.6;Spikey:0.5;Shingles:0.5;Sunflower:0.4;T117:0.4,1,,,
2026-10-10T12:38:18,20261010-123815-60e78c,identify,combined,IMG_7848.jpg,"[82, 103, 895, 919]",Emoji,0.588,Emoji:0.588;T122:0.577;Cruella:0.375;Sunflower:0.367;Bubbles:0.354,0,,,
2026-10-10T12:38:18,20261010-123815-60e78c,identify,full,IMG_7848.jpg,,Cruella,0.724,Cruella:0.724;T122:0.636;Sunflower:0.53;Compass:0.52;T039_70:0.51,0,,,
2026-10-10T12:38:18,20261010-123815-60e78c,identify,crop,IMG_7848.jpg,"[82, 103, 895, 919]",T122,0.733,T122:0.733;Emoji:0.713;Sunflower:0.652;Cruella:0.597;Rooster:0.563,0,,,
2026-10-10T12:38:18,20261010-123815-60e78c,identify,tight,IMG_7848.jpg,"[82, 103, 895, 919]",Emoji,0.654,Emoji:0.654;T122:0.634;Fist:0.63;Flower_2:0.599;T039_70:0.561,0,,,
2026-10-10T12:38:21,20261010-123818-3dd8f6,identify,best,IMG_7849.JPEG,,Emoji,1.07,Emoji:1.07;Cruella:0.76;Compass:0.7;Bubbles:0.7;Shingles:0.59,1,,,spot 0.7
2026-10-10T12:38:21,20261010-123818-3dd8f6,identify,sift,IMG_7849.JPEG,"[287, 219, 706, 773]",Emoji,0.7,Emoji:0.7;T039_70:0.5;Cruella:0.5;Esther:0.4;T066:0.4,1,,,
2026-10-10T12:38:21,20261010-123818-3dd8f6,identify,combined,IMG_7849.JPEG,"[287, 219, 706, 773]",Emoji,0.537,Emoji:0.537;T122:0.423;Compass:0.401;Bubbles:0.401;Cruella:0.334,0,,,
2026-10-10T12:38:21,20261010-123818-3dd8f6,identify,full,IMG_7849.JPEG,,Emoji,0.547,Emoji:0.547;Glyph:0.491;D.E.P.:0.479;T122:0.44;Rooster:0.436,0,,,
2026-10-10T12:38:21,20261010-123818-3dd8f6,identify,crop,IMG_7849.JPEG,"[287, 219, 706, 773]",T122,0.512,T122:0.512;Emoji:0.477;Cruella:0.472;Sunflower:0.385;Rooster:0.369,0,,,
2026-10-10T12:38:21,20261010-123818-3dd8f6,identify,tight,IMG_7849.JPEG,"[287, 219, 706, 773]",Bubbles,0.624,Bubbles:0.624;Emoji:0.623;D.E.P.:0.606;Cruella:0.534;T117:0.512,0,,,
2026-10-10T12:38:26,20261010-123821-c38658,identify,best,IMG_7849.jpg,,Emoji,1.38,Emoji:1.38;Cruella:0.81;Flower:0.75;Sunflower:0.73;Compass:0.72,1,,,spot 1.3
2026-10-10T12:38:26,20261010-123821-c38658,identify,sift,IMG_7849.jpg,"[128, 30, 814, 930]",Emoji,1.3,Emoji:1.3;Esther:0.6;Jigsaw:0.6;Sunflower:0.6;Compass:0.6,1,,,
2026-10-10T12:38:26,20261010-123821-c38658,identify,combined,IMG_7849.jpg,"[128, 30, 814, 930]",Emoji,0.525,Emoji:0.525;T122:0.434;Bubbles:0.408;Cruella:0.354;T117:0.324,0,,,
2026-10-10T12:38:26,20261010-123821-c38658,identify,full,IMG_7849.jpg,,Emoji,0.614,Emoji:0.614;T122:0.549;Glyph:0.524;D.E.P.:0.498;Cruella:0.485,0,,,
2026-10-10T12:38:26,20261010-123821-c38658,identify,crop,IMG_7849.jpg,"[128, 30, 814, 930]",Emoji,0.573,Emoji:0.573;T122:0.547;Cruella:0.43;D.E.P.:0.415;Compass:0.395,0,,,
2026-10-10T12:38:26,20261010-123821-c38658,identify,tight,IMG_7849.jpg,"[128, 30, 814, 930]",Emoji,0.708,Emoji:0.708;Bubbles:0.69;D.E.P.:0.596;T117:0.572;Wishbone:0.542,0,,,
2026-10-10T12:38:29,20261010-123826-52928b,identify,best,IMG_7850.jpg,,Shingles,0.83,Shingles:0.83;Cruella:0.81;Bubbles:0.75;Sunflower:0.74;T066:0.69,1,,,spot 0.6
2026-10-10T12:38:29,20261010-123826-52928b,identify,sift,IMG_7850.jpg,"[102, 163, 634, 821]",Spikey,0.8,Spikey:0.8;Cruella:0.6;Chopsticks:0.6;Jigsaw:0.6;Shingles:0.6,1,,,
2026-10-10T12:38:29,20261010-123826-52928b,identify,combined,IMG_7850.jpg,"[102, 163, 634, 821]",Emoji,0.609,Emoji:0.609;Shingles:0.37;Cruella:0.353;Bubbles:0.351;T066:0.346,0,,,
2026-10-10T12:38:29,20261010-123826-52928b,identify,full,IMG_7850.jpg,,Rooster,0.735,Rooster:0.735;Cruella:0.61;Esther:0.602;Emoji:0.581;Shingles:0.552,0,,,
2026-10-10T12:38:29,20261010-123826-52928b,identify,crop,IMG_7850.jpg,"[102, 163, 634, 821]",Shingles,0.557,Shingles:0.557;Cruella:0.551;Rooster:0.495;Emoji:0.447;T066:0.447,0,,,
2026-10-10T12:38:29,20261010-123826-52928b,identify,tight,IMG_7850.jpg,"[102, 163, 634, 821]",Emoji,0.649,Emoji:0.649;D.E.P.:0.506;Rooster_II:0.476;Cruella:0.465;Compass:0.46,0,,,
2026-10-10T12:38:33,20261010-123829-e698e4,identify,best,IMG_7851.JPEG,,Cruella,0.78,Cruella:0.78;T117:0.69;Esther:0.58;Rooster:0.54;Flower_2:0.53,1,,,spot 0.3
2026-10-10T12:38:33,20261010-123829-e698e4,identify,sift,IMG_7851.JPEG,"[796, 534, 850, 585]",Rooster,0.5,Rooster:0.5;T117:0.4;Esther:0.4;T044:0.4;T066:0.3,1,,,
2026-10-10T12:38:33,20261010-123829-e698e4,identify,combined,IMG_7851.JPEG,"[796, 534, 850, 585]",Cruella,0.489,Cruella:0.489;T117:0.343;Flower_2:0.325;Faded_Flower:0.252;Shingles:0.244,0,,,
2026-10-10T12:38:33,20261010-123829-e698e4,identify,full,IMG_7851.JPEG,,Lotus,0.37,Lotus:0.37;Esther:0.358;T117:0.338;Shingles:0.315;Sunflower:0.247,0,,,
2026-10-10T12:38:33,20261010-123829-e698e4,identify,crop,IMG_7851.JPEG,"[796, 534, 850, 585]",Cruella,0.636,Cruella:0.636;Jazzy:0.573;Flower_2:0.493;D.E.P.:0.429;Shingles:0.424,0,,,
2026-10-10T12:38:33,20261010-123829-e698e4,identify,tight,IMG_7851.JPEG,"[796, 534, 850, 585]",T117,0.667,T117:0.667;Cruella:0.625;Esther:0.467;Jigsaw:0.464;Lotus:0.376,0,,,
2026-10-10T12:38:37,20261010-123833-b1ddc8,identify,best,IMG_7962.JPEG,,T122,1.55,T122:1.55;Compass:1.44;Flower:1.3;D.E.P.:1.25;Faded_Flower:1.21,1,,,spot 1.9
2026-10-10T12:38:37,20261010-123833-b1ddc8,identify,sift,IMG_7962.JPEG,"[263, 245, 706, 730]",Faded_Flower,2.6,Faded_Flower:2.6;Compass:2.0;Flower:2.0;T122:1.9;Esther:1.8,1,,,
2026-10-10T12:38:37,20261010-123833-b1ddc8,identify,combined,IMG_7962.JPEG,"[263, 245, 706, 730]",T122,0.476,T122:0.476;T039_70:0.359;Flower_2:0.358;Cruella:0.354;Rooster_II:0.347,0,,,
2026-10-10T12:38:37,20261010-123833-b1ddc8,identify,full,IMG_7962.JPEG,,T122,0.64,T122:0.64;Flower_2:0.616;Compass:0.536;Cruella:0.439;Strobe:0.4,0,,,
2026-10-10T12:38:37,20261010-123833-b1ddc8,identify,crop,IMG_7962.JPEG,"[263, 245, 706, 730]",T122,0.634,T122:0.634;Compass:0.596;Strobe:0.516;Flower_2:0.505;Cruella:0.443,0,,,
2026-10-10T12:38:37,20261010-123833-b1ddc8,identify,tight,IMG_7962.JPEG,"[263, 245, 706, 730]",Cruella,0.606,Cruella:0.606;Compass:0.578;Aztec:0.495;T122:0.482;Rooster:0.454,0,,,
2026-10-10T12:38:40,20261010-123837-1f4136,identify,best,IMG_7963.JPEG,,T122,1.39,T122:1.39;Cruella:1.03;T039_70:0.88;Flower:0.86;Compass:0.75,1,,,spot 1.3
2026-10-10T12:38:40,20261010-123837-1f4136,identify,sift,IMG_7963.JPEG,"[247, 309, 712, 695]",T122,1.3,T122:1.3;Cruella:1.0;Flower:0.9;T039_70:0.6;Compass:0.5,1,,,
2026-10-10T12:38:40,20261010-123837-1f4136,identify,combined,IMG_7963.JPEG,"[247, 309, 712, 695]",T122,0.582,T122:0.582;Emoji:0.438;T039_70:0.409;Flower_2:0.409;Compass:0.374,0,,,
2026-10-10T12:38:40,20261010-123837-1f4136,identify,full,IMG_7963.JPEG,,T122,0.635,T122:0.635;Flower_2:0.554;Cruella:0.532;Compass:0.493;T104:0.477,0,,,
2026-10-10T12:38:40,20261010-123837-1f4136,identify,crop,IMG_7963.JPEG,"[247, 309, 712, 695]",Flower_2,0.533,Flower_2:0.533;Cruella:0.483;Rooster_II:0.482;Compass:0.473;T122:0.432,0,,,
2026-10-10T12:38:40,20261010-123837-1f4136,identify,tight,IMG_7963.JPEG,"[247, 309, 712, 695]",Chopsticks,0.483,Chopsticks:0.483;T122:0.427;Cruella:0.411;Emoji:0.399;Compass:0.385,0,,,
2026-10-10T12:38:42,20261010-123840-a2ac3f,identify,best,IMG_7963.jpg,,T122,1.76,T122:1.76;D.E.P.:0.85;T039_70:0.79;Flower:0.78;Cruella:0.74,1,,,spot 2.1
2026-10-10T12:38:42,20261010-123840-a2ac3f,identify,sift,IMG_7963.jpg,"[49, 159, 874, 853]",T122,2.1,T122:2.1;D.E.P.:0.7;T039_70:0.6;Jigsaw:0.6;Flower:0.6,1,,,
2026-10-10T12:38:42,20261010-123840-a2ac3f,identify,combined,IMG_7963.jpg,"[49, 159, 874, 853]",T122,0.644,T122:0.644;Emoji:0.561;Flower_2:0.487;Bubbles:0.403;D.E.P.:0.35,0,,,
2026-10-10T12:38:42,20261010-123840-a2ac3f,identify,full,IMG_7963.jpg,,T122,0.563,T122:0.563;Compass:0.5;Cruella:0.498;Flower_2:0.467;Bubbles:0.386,0,,,
2026-10-10T12:38:42,20261010-123840-a2ac3f,identify,crop,IMG_7963.jpg,"[49, 159, 874, 853]",Flower_2,0.586,Flower_2:0.586;T122:0.56;Compass:0.546;Cruella:0.445;Flower:0.415,0,,,
2026-10-10T12:38:42,20261010-123840-a2ac3f,identify,tight,IMG_7963.jpg,"[49, 159, 874, 853]",T122,0.647,T122:0.647;D.E.P.:0.558;Bubbles:0.558;Emoji:0.528;Flower_2:0.503,0,,,
2026-10-10T12:38:45,20261010-123842-1ef9a4,identify,best,IMG_7964.JPEG,,T122,1.34,T122:1.34;Flower:1.08;Chopsticks:1.04;Compass:1.04;D.E.P.:0.91,1,,,spot 1.4
2026-10-10T12:38:45,20261010-123842-1ef9a4,identify,sift,IMG_7964.JPEG,"[304, 289, 663, 646]",T122,1.4,T122:1.4;Chopsticks:1.3;Jigsaw:0.9;Compass:0.9;Flower:0.9,1,,,
2026-10-10T12:38:45,20261010-123842-1ef9a4,identify,combined,IMG_7964.JPEG,"[304, 289, 663, 646]",T122,0.454,T122:0.454;Flower:0.419;Emoji:0.388;Cruella:0.382;Flower_2:0.379,0,,,
2026-10-10T12:38:45,20261010-123842-1ef9a4,identify,full,IMG_7964.JPEG,,T122,0.635,T122:0.635;Flower_2:0.569;T104:0.552;Compass:0.545;Cruella:0.446,0,,,
2026-10-10T12:38:45,20261010-123842-1ef9a4,identify,crop,IMG_7964.JPEG,"[304, 289, 663, 646]",Flower,0.476,Flower:0.476;Cruella:0.459;Flower_2:0.457;Compass:0.457;Shingles:0.446,0,,,
2026-10-10T12:38:45,20261010-123842-1ef9a4,identify,tight,IMG_7964.JPEG,"[304, 289, 663, 646]",Cruella,0.543,Cruella:0.543;Flower_2:0.494;T122:0.479;Spikey:0.465;D.E.P.:0.455,0,,,
2026-10-10T12:38:51,20261010-123845-16de37,identify,best,IMG_7964.jpg,,T122,1.59,T122:1.59;Compass:1.09;Flower:1.04;Chopsticks:1.01;T117:0.96,1,,,spot 2.0
2026-10-10T12:38:51,20261010-123845-16de37,identify,sift,IMG_7964.jpg,"[136, 170, 781, 824]",T122,2.0,T122:2.0;Faded_Flower:1.3;Chopsticks:1.3;Esther:1.0;Jigsaw:1.0,1,,,
2026-10-10T12:38:51,20261010-123845-16de37,identify,combined,IMG_7964.jpg,"[136, 170, 781, 824]",T122,0.496,T122:0.496;Emoji:0.461;Compass:0.397;Cruella:0.394;Flower_2:0.386,0,,,
2026-10-10T12:38:51,20261010-123845-16de37,identify,full,IMG_7964.jpg,,T122,0.641,T122:0.641;Flower_2:0.578;Compass:0.557;Strobe:0.444;Cruella:0.444,0,,,
2026-10-10T12:38:51,20261010-123845-16de37,identify,crop,IMG_7964.jpg,"[136, 170, 781, 824]",T122,0.553,T122:0.553;Compass:0.533;Flower_2:0.525;Cruella:0.513;T117:0.5,0,,,
2026-10-10T12:38:51,20261010-123845-16de37,identify,tight,IMG_7964.jpg,"[136, 170, 781, 824]",T122,0.525,T122:0.525;Cruella:0.513;D.E.P.:0.479;Compass:0.474;Flower_2:0.465,0,,,
2026-10-10T12:38:54,20261010-123851-f548d0,identify,best,IMG_7965.JPEG,,T122,1.52,T122:1.52;Compass:1.1;T066:1.05;Chopsticks:1.01;Flower:0.96,1,,,spot 2.1
2026-10-10T12:38:54,20261010-123851-f548d0,identify,sift,IMG_7965.JPEG,"[243, 276, 712, 720]",T122,2.1,T122:2.1;Faded_Flower:1.4;T066:1.4;Chopsticks:1.1;Compass:1.1,1,,,
2026-10-10T12:38:54,20261010-123851-f548d0,identify,combined,IMG_7965.JPEG,"[243, 276, 712, 720]",T039_70,0.502,T039_70:0.502;Cruella:0.383;T122:0.373;Compass:0.368;Flower_2:0.335,0,,,
2026-10-10T12:38:54,20261010-123851-f548d0,identify,full,IMG_7965.JPEG,,Compass,0.648,Compass:0.648;T122:0.644;Flower_2:0.572;Strobe:0.506;Flower:0.5,0,,,
2026-10-10T12:38:54,20261010-123851-f548d0,identify,crop,IMG_7965.JPEG,"[243, 276, 712, 720]",Cruella,0.593,Cruella:0.593;Compass:0.56;Chopsticks:0.489;Rooster_II:0.478;Flower_2:0.472,0,,,
2026-10-10T12:38:54,20261010-123851-f548d0,identify,tight,IMG_7965.JPEG,"[243, 276, 712, 720]",Compass,0.538,Compass:0.538;T039_70:0.521;Cruella:0.517;T117:0.493;Rooster:0.468,0,,,
2026-10-10T12:38:57,20261010-123854-b4ab24,identify,best,IMG_7965.jpg,,T122,1.56,T122:1.56;Cruella:0.95;T066:0.89;D.E.P.:0.88;Compass:0.86,1,,,spot 2.1
2026-10-10T12:38:57,20261010-123854-b4ab24,identify,sift,IMG_7965.jpg,"[78, 109, 938, 917]",T122,2.1,T122:2.1;T066:1.0;D.E.P.:1.0;Faded_Flower:0.9;Chopsticks:0.9,1,,,
2026-10-10T12:38:57,20261010-123854-b4ab24,identify,combined,IMG_7965.jpg,"[78, 109, 938, 917]",Rooster_II,0.47,Rooster_II:0.47;T122:0.419;Rooster:0.404;Cruella:0.392;Compass:0.381,0,,,
2026-10-10T12:38:57,20261010-123854-b4ab24,identify,full,IMG_7965.jpg,,T122,0.575,T122:0.575;Compass:0.491;Flower_2:0.463;Rooster_II:0.448;Cruella:0.444,0,,,
2026-10-10T12:38:57,20261010-123854-b4ab24,identify,crop,IMG_7965.jpg,"[78, 109, 938, 917]",Compass,0.599,Compass:0.599;T122:0.564;Rooster_II:0.496;Flower_2:0.464;Strobe:0.439,0,,,
2026-10-10T12:38:57,20261010-123854-b4ab24,identify,tight,IMG_7965.jpg,"[78, 109, 938, 917]",Cruella,0.551,Cruella:0.551;Rooster:0.531;T122:0.51;Rooster_II:0.478;D.E.P.:0.449,0,,,
2026-10-10T12:38:59,20261010-123857-889b92,identify,best,IMG_7967.JPEG,,Cruella,0.88,Cruella:0.88;Lotus:0.62;T117:0.61;Esther:0.58;Shingles:0.53,1,,,spot 0.5
2026-10-10T12:38:59,20261010-123857-889b92,identify,sift,IMG_7967.JPEG,"[632, 482, 668, 508]",Stilts,0.6,Stilts:0.6;Lotus:0.5;Cruella:0.5;T117:0.4;T066:0.4,1,,,
2026-10-10T12:38:59,20261010-123857-889b92,identify,combined,IMG_7967.JPEG,"[632, 482, 668, 508]",Cruella,0.496,Cruella:0.496;Flower_2:0.361;Esther:0.309;Glyph:0.301;T117:0.25,0,,,
2026-10-10T12:38:59,20261010-123857-889b92,identify,full,IMG_7967.JPEG,,T117,0.412,T117:0.412;Flower:0.362;Cruella:0.34;Shingles:0.332;T104:0.31,0,,,
2026-10-10T12:38:59,20261010-123857-889b92,identify,crop,IMG_7967.JPEG,"[632, 482, 668, 508]",Cruella,0.496,Cruella:0.496;Flower_2:0.467;D.E.P.:0.377;Esther:0.337;Sunflower:0.329,0,,,
2026-10-10T12:38:59,20261010-123857-889b92,identify,tight,IMG_7967.JPEG,"[632, 482, 668, 508]",Cruella,0.707,Cruella:0.707;T117:0.548;Jigsaw:0.541;Esther:0.492;Jazzy:0.387,0,,,
2026-10-10T12:39:18,20261010-123859-af061f,identify,best,IMG_7968.JPEG,,Shingles,1.25,Shingles:1.25;D.E.P.:0.89;Lotus:0.81;Esther:0.81;Sunflower:0.81,1,,,spot 1.1
2026-10-10T12:39:18,20261010-123859-af061f,identify,sift,IMG_7968.JPEG,"[299, 363, 513, 608]",D.E.P.,1.2,D.E.P.:1.2;Shingles:1.1;T117:0.8;Jigsaw:0.8;Esther:0.7,1,,,
2026-10-10T12:39:18,20261010-123859-af061f,identify,combined,IMG_7968.JPEG,"[299, 363, 513, 608]",Shingles,0.528,Shingles:0.528;Rooster_II:0.379;Lotus:0.334;Sunflower:0.317;Bubbles:0.296,0,,,
2026-10-10T12:39:18,20261010-123859-af061f,identify,full,IMG_7968.JPEG,,T117,0.722,T117:0.722;Cruella:0.487;Flower_2:0.479;T104:0.465;Shingles:0.454,0,,,
2026-10-10T12:39:18,20261010-123859-af061f,identify,crop,IMG_7968.JPEG,"[299, 363, 513, 608]",T104,0.568,T104:0.568;Lotus:0.532;Flower:0.52;Rooster_II:0.505;T117:0.502,0,,,
2026-10-10T12:39:18,20261010-123859-af061f,identify,tight,IMG_7968.JPEG,"[299, 363, 513, 608]",Shingles,0.684,Shingles:0.684;Esther:0.606;Glyph:0.601;Jazzy:0.55;Emoji:0.533,0,,,
2026-10-10T12:39:41,20261010-123918-a17b2a,identify,best,IMG_7968.jpg,,Shingles,1.16,Shingles:1.16;Lotus:1.0;Flower:0.93;D.E.P.:0.86;Esther:0.82,1,,,spot 0.9
2026-10-10T12:39:41,20261010-123918-a17b2a,identify,sift,IMG_7968.jpg,"[48, 172, 638, 818]",D.E.P.,1.0,D.E.P.:1.0;Flower:1.0;Compass:0.9;Lotus:0.9;Shingles:0.9,1,,,
2026-10-10T12:39:41,20261010-123918-a17b2a,identify,combined,IMG_7968.jpg,"[48, 172, 638, 818]",Shingles,0.509,Shingles:0.509;Lotus:0.348;Glyph:0.34;Bubbles:0.317;Rooster_II:0.263,0,,,
2026-10-10T12:39:41,20261010-123918-a17b2a,identify,full,IMG_7968.jpg,,T117,0.504,T117:0.504;Shingles:0.493;T104:0.486;Cruella:0.452;T122:0.393,0,,,
2026-10-10T12:39:41,20261010-123918-a17b2a,identify,crop,IMG_7968.jpg,"[48, 172, 638, 818]",Cruella,0.455,Cruella:0.455;Shingles:0.41;T104:0.396;Lotus:0.356;Rooster_II:0.336,0,,,
2026-10-10T12:39:41,20261010-123918-a17b2a,identify,tight,IMG_7968.jpg,"[48, 172, 638, 818]",Shingles,0.637,Shingles:0.637;T047x:0.542;Esther:0.526;T103x:0.525;T026:0.523,0,,,
2026-10-10T12:39:45,20261010-123941-41ca86,identify,best,IMG_7969.JPEG,,Shingles,1.74,Shingles:1.74;T117:0.51;Lotus:0.49;Chopsticks:0.49;Bubbles:0.47,1,,,spot 2.6
2026-10-10T12:39:45,20261010-123941-41ca86,identify,sift,IMG_7969.JPEG,"[294, 306, 708, 720]",Shingles,2.6,Shingles:2.6;Chopsticks:0.4;Compass:0.3;Sunflower:0.3;D.E.P.:0.3,1,,,
2026-10-10T12:39:45,20261010-123941-41ca86,identify,combined,IMG_7969.JPEG,"[294, 306, 708, 720]",Shingles,0.46,Shingles:0.46;Jazzy:0.393;Lotus:0.352;T117:0.313;Strobe:0.249,0,,,
2026-10-10T12:39:45,20261010-123941-41ca86,identify,full,IMG_7969.JPEG,,T117,0.562,T117:0.562;Flower:0.476;Shingles:0.471;Flower_2:0.465;T104:0.443,0,,,
2026-10-10T12:39:45,20261010-123941-41ca86,identify,crop,IMG_7969.JPEG,"[294, 306, 708, 720]",T044,0.603,T044:0.603;Flower:0.596;Shingles:0.527;T104:0.507;T117:0.502,0,,,
2026-10-10T12:39:45,20261010-123941-41ca86,identify,tight,IMG_7969.JPEG,"[294, 306, 708, 720]",Bubbles,0.45,Bubbles:0.45;Shingles:0.386;D.E.P.:0.375;Jazzy:0.338;Lotus:0.299,0,,,
2026-10-10T12:39:48,20261010-123945-e09084,identify,best,IMG_7969.jpg,,Shingles,1.81,Shingles:1.81;Flower:0.64;Lotus:0.57;T117:0.53;Cruella:0.53,1,,,spot 2.8
2026-10-10T12:39:48,20261010-123945-e09084,identify,sift,IMG_7969.jpg,"[159, 131, 866, 842]",Shingles,2.8,Shingles:2.8;T066:0.6;T039_70:0.5;Chopsticks:0.4;Flower:0.4,1,,,
2026-10-10T12:39:48,20261010-123945-e09084,identify,combined,IMG_7969.jpg,"[159, 131, 866, 842]",Shingles,0.481,Shingles:0.481;Lotus:0.357;Flower:0.283;Strobe:0.275;T016:0.255,0,,,
2026-10-10T12:39:48,20261010-123945-e09084,identify,full,IMG_7969.jpg,,T117,0.557,T117:0.557;T044:0.461;Shingles:0.454;T104:0.435;Flower:0.424,0,,,
2026-10-10T12:39:48,20261010-123945-e09084,identify,crop,IMG_7969.jpg,"[159, 131, 866, 842]",Shingles,0.46,Shingles:0.46;T117:0.456;Lotus:0.438;T044:0.437;Stilts:0.411,0,,,
2026-10-10T12:39:48,20261010-123945-e09084,identify,tight,IMG_7969.jpg,"[159, 131, 866, 842]",Shingles,0.512,Shingles:0.512;Bubbles:0.458;D.E.P.:0.428;Chopsticks:0.404;Glyph:0.375,0,,,
2026-10-10T12:39:52,20261010-123948-732453,identify,best,IMG_7970.JPEG,,Shingles,1.06,Shingles:1.06;Faded_Flower:0.69;Cruella:0.66;Flower:0.62;Rooster_II:0.58,1,,,spot 1.1
2026-10-10T12:39:52,20261010-123948-732453,identify,sift,IMG_7970.JPEG,"[193, 351, 597, 608]",Shingles,1.1,Shingles:1.1;Faded_Flower:0.6;T039_70:0.5;Cruella:0.5;Chopsticks:0.4,1,,,
2026-10-10T12:39:52,20261010-123948-732453,identify,combined,IMG_7970.JPEG,"[193, 351, 597, 608]",Flower_2,0.384,Flower_2:0.384;Shingles:0.336;Flower:0.295;Sunflower:0.277;Cruella:0.272,0,,,
2026-10-10T12:39:52,20261010-123948-732453,identify,full,IMG_7970.JPEG,,T117,0.565,T117:0.565;Cruella:0.511;T104:0.503;Shingles:0.49;Jigsaw:0.418,0,,,
2026-10-10T12:39:52,20261010-123948-732453,identify,crop,IMG_7970.JPEG,"[193, 351, 597, 608]",Jazzy,0.607,Jazzy:0.607;T104:0.52;Flower:0.494;T117:0.433;Cruella:0.426,0,,,
2026-10-10T12:39:52,20261010-123948-732453,identify,tight,IMG_7970.JPEG,"[193, 351, 597, 608]",Glyph,0.476,Glyph:0.476;Shingles:0.452;Bubbles:0.416;Flower_2:0.415;Emoji:0.375,0,,,
2026-10-10T12:39:55,20261010-123952-e443c2,identify,best,IMG_7971.JPEG,,Shingles,0.88,Shingles:0.88;Flower:0.75;Cruella:0.74;Sunflower:0.71;Emoji:0.67,1,,,spot 0.6
2026-10-10T12:39:55,20261010-123952-e443c2,identify,sift,IMG_7971.JPEG,"[0, 344, 404, 843]",Chopsticks,0.8,Chopsticks:0.8;Flower:0.8;Compass:0.6;Shingles:0.6;Spikey:0.6,1,,,
2026-10-10T12:39:55,20261010-123952-e443c2,identify,combined,IMG_7971.JPEG,"[0, 344, 404, 843]",Shingles,0.421,Shingles:0.421;Sunflower:0.387;Emoji:0.342;Rooster_II:0.331;Flower_2:0.325,0,,,
2026-10-10T12:39:55,20261010-123952-e443c2,identify,full,IMG_7971.JPEG,,Cruella,0.46,Cruella:0.46;T117:0.444;T104:0.332;Shingles:0.326;Jigsaw:0.32,0,,,
2026-10-10T12:39:55,20261010-123952-e443c2,identify,crop,IMG_7971.JPEG,"[0, 344, 404, 843]",Cruella,0.545,Cruella:0.545;Shingles:0.507;T117:0.468;T104:0.459;Flower_2:0.445,0,,,
2026-10-10T12:39:55,20261010-123952-e443c2,identify,tight,IMG_7971.JPEG,"[0, 344, 404, 843]",Shingles,0.585,Shingles:0.585;Sunflower:0.509;T047x:0.507;D.E.P.:0.507;Bubbles:0.494,0,,,
2026-10-10T12:39:58,20261010-123955-e4170b,identify,best,IMG_7972.JPEG,,Lotus,0.84,Lotus:0.84;Shingles:0.71;Esther:0.68;Cruella:0.66;Compass:0.48,1,,,spot 0.6
2026-10-10T12:39:58,20261010-123955-e4170b,identify,sift,IMG_7972.JPEG,"[556, 387, 597, 442]",Lotus,0.6,Lotus:0.6;T045:0.4;Chopsticks:0.4;Rooster:0.4;Fist:0.3,1,,,
2026-10-10T12:39:58,20261010-123955-e4170b,identify,combined,IMG_7972.JPEG,"[556, 387, 597, 442]",Esther,0.454,Esther:0.454;Cruella:0.431;Shingles:0.426;Lotus:0.388;Bubbles:0.268,0,,,
2026-10-10T12:39:58,20261010-123955-e4170b,identify,full,IMG_7972.JPEG,,T104,0.439,T104:0.439;T117:0.436;Lotus:0.388;Shingles:0.387;Cruella:0.363,0,,,
2026-10-10T12:39:58,20261010-123955-e4170b,identify,crop,IMG_7972.JPEG,"[556, 387, 597, 442]",Cruella,0.569,Cruella:0.569;Esther:0.55;Jazzy:0.498;Flower:0.491;T117:0.41,0,,,
2026-10-10T12:39:58,20261010-123955-e4170b,identify,tight,IMG_7972.JPEG,"[556, 387, 597, 442]",Lotus,0.527,Lotus:0.527;Cruella:0.477;Esther:0.465;Jigsaw:0.441;Shingles:0.42,0,,,
2026-10-10T12:40:01,20261010-123958-0ee0a5,identify,best,IMG_7973.JPEG,,Shingles,0.86,Shingles:0.86;Lotus:0.64;Esther:0.62;Cruella:0.62;Compass:0.5,1,,,spot 0.7
2026-10-10T12:40:01,20261010-123958-0ee0a5,identify,sift,IMG_7973.JPEG,"[606, 335, 672, 426]",Shingles,0.7,Shingles:0.7;Sunflower:0.4;Cruella:0.3;Flower_2:0.3;Lotus:0.3,1,,,
2026-10-10T12:40:01,20261010-123958-0ee0a5,identify,combined,IMG_7973.JPEG,"[606, 335, 672, 426]",Esther,0.472,Esther:0.472;Lotus:0.394;Cruella:0.373;Shingles:0.32;Bubbles:0.264,0,,,
2026-10-10T12:40:01,20261010-123958-0ee0a5,identify,full,IMG_7973.JPEG,,T117,0.551,T117:0.551;T104:0.494;Shingles:0.412;Cruella:0.395;Lotus:0.369,0,,,
2026-10-10T12:40:01,20261010-123958-0ee0a5,identify,crop,IMG_7973.JPEG,"[606, 335, 672, 426]",Esther,0.651,Esther:0.651;Cruella:0.63;Jazzy:0.607;Flower:0.502;Stilts:0.423,0,,,
2026-10-10T12:40:01,20261010-123958-0ee0a5,identify,tight,IMG_7973.JPEG,"[606, 335, 672, 426]",Cruella,0.478,Cruella:0.478;Esther:0.45;Jigsaw:0.389;Lotus:0.375;T117:0.364,0,,,
2026-10-10T12:40:05,20261010-124001-18de9e,identify,best,IMG_8027.JPEG,,Cruella,0.86,Cruella:0.86;Jigsaw:0.83;T066:0.67;Aztec:0.63;Jazzy:0.63,1,,,spot 0.5
2026-10-10T12:40:05,20261010-124001-18de9e,identify,sift,IMG_8027.JPEG,"[414, 396, 540, 552]",Flower,0.8,Flower:0.8;Jigsaw:0.7;Shingles:0.6;T066:0.6;Cruella:0.5,1,,,
2026-10-10T12:40:05,20261010-124001-18de9e,identify,combined,IMG_8027.JPEG,"[414, 396, 540, 552]",Cruella,0.483,Cruella:0.483;Jazzy:0.429;Aztec:0.343;Jigsaw:0.316;Rooster_II:0.309,0,,,
2026-10-10T12:40:05,20261010-124001-18de9e,identify,full,IMG_8027.JPEG,,T117,0.532,T117:0.532;Sunflower:0.457;Emoji:0.435;Esther:0.434;Rooster:0.4,0,,,
2026-10-10T12:40:05,20261010-124001-18de9e,identify,crop,IMG_8027.JPEG,"[414, 396, 540, 552]",Cruella,0.715,Cruella:0.715;Jigsaw:0.607;Jazzy:0.568;Esther:0.385;Compass:0.347,0,,,
2026-10-10T12:40:05,20261010-124001-18de9e,identify,tight,IMG_8027.JPEG,"[414, 396, 540, 552]",Rooster_II,0.681,Rooster_II:0.681;Cruella:0.63;Compass:0.549;Rooster:0.483;Aztec:0.465,0,,,
2026-10-10T12:40:08,20261010-124005-5da635,identify,best,IMG_8028.jpg,,Rooster_II,0.68,Rooster_II:0.68;T122:0.66;Chopsticks:0.62;Cruella:0.55;Compass:0.52,1,,,spot 0.2
2026-10-10T12:40:08,20261010-124005-5da635,identify,sift,IMG_8028.jpg,"[146, 217, 792, 908]",Chopsticks,0.6,Chopsticks:0.6;T066:0.5;Flower:0.4;Fist:0.4;Sunflower:0.3,1,,,
2026-10-10T12:40:08,20261010-124005-5da635,identify,combined,IMG_8028.jpg,"[146, 217, 792, 908]",Rooster_II,0.476,Rooster_II:0.476;T122:0.447;Rooster:0.405;Aztec:0.377;Cruella:0.343,0,,,
2026-10-10T12:40:08,20261010-124005-5da635,identify,full,IMG_8028.jpg,,T122,0.571,T122:0.571;Sunflower:0.482;T117:0.479;Emoji:0.471;Cruella:0.456,0,,,
2026-10-10T12:40:08,20261010-124005-5da635,identify,crop,IMG_8028.jpg,"[146, 217, 792, 908]",T122,0.717,T122:0.717;Rooster:0.593;Emoji:0.578;Cruella:0.475;Sunflower:0.437,0,,,
2026-10-10T12:40:08,20261010-124005-5da635,identify,tight,IMG_8028.jpg,"[146, 217, 792, 908]",Compass,0.557,Compass:0.557;Rooster_II:0.531;T122:0.476;D.E.P.:0.475;Emoji:0.399,0,,,
2026-10-10T12:40:11,20261010-124008-511383,identify,best,IMG_8029.jpg,,Rooster_II,0.95,Rooster_II:0.95;Cruella:0.91;T045:0.74;T122:0.57;Lotus:0.55,1,,,spot 0.8
2026-10-10T12:40:11,20261010-124008-511383,identify,sift,IMG_8029.jpg,"[89, 237, 755, 793]",T045,1.0,T045:1.0;Rooster_II:0.8;T066:0.5;T103x:0.4;Lotus:0.4,1,,,
2026-10-10T12:40:11,20261010-124008-511383,identify,combined,IMG_8029.jpg,"[89, 237, 755, 793]",Cruella,0.569,Cruella:0.569;Rooster_II:0.376;T122:0.376;Emoji:0.374;T016:0.367,0,,,
2026-10-10T12:40:11,20261010-124008-511383,identify,full,IMG_8029.jpg,,Emoji,0.525,Emoji:0.525;T117:0.496;D.E.P.:0.418;Glyph:0.417;Shingles:0.416,0,,,
2026-10-10T12:40:11,20261010-124008-511383,identify,crop,IMG_8029.jpg,"[89, 237, 755, 793]",T122,0.54,T122:0.54;Emoji:0.536;Cruella:0.475;T117:0.462;Rooster:0.393,0,,,
2026-10-10T12:40:11,20261010-124008-511383,identify,tight,IMG_8029.jpg,"[89, 237, 755, 793]",Cruella,0.59,Cruella:0.59;Spikey:0.533;T117:0.49;T016:0.48;Rooster_II:0.474,0,,,
2026-10-10T12:40:15,20261010-124011-31086b,identify,best,IMG_8030.JPEG,,Rooster_II,0.84,Rooster_II:0.84;Cruella:0.71;Jigsaw:0.66;T117:0.64;T122:0.61,1,,,spot 0.5
2026-10-10T12:40:15,20261010-124011-31086b,identify,sift,IMG_8030.JPEG,"[168, 287, 535, 649]",Cruella,0.5,Cruella:0.5;Jigsaw:0.5;Lotus:0.5;Rooster_II:0.5;T066:0.4,1,,,
2026-10-10T12:40:15,20261010-124011-31086b,identify,combined,IMG_8030.JPEG,"[168, 287, 535, 649]",T122,0.476,T122:0.476;Rooster_II:0.466;T117:0.332;Cruella:0.319;Rooster:0.299,0,,,
2026-10-10T12:40:15,20261010-124011-31086b,identify,full,IMG_8030.JPEG,,Rooster,0.638,Rooster:0.638;Emoji:0.57;Cruella:0.493;T122:0.483;Flower:0.475,0,,,
2026-10-10T12:40:15,20261010-124011-31086b,identify,crop,IMG_8030.JPEG,"[168, 287, 535, 649]",T122,0.503,T122:0.503;Rooster:0.448;Emoji:0.425;Shingles:0.414;Flower:0.385,0,,,
2026-10-10T12:40:15,20261010-124011-31086b,identify,tight,IMG_8030.JPEG,"[168, 287, 535, 649]",Compass,0.588,Compass:0.588;T122:0.545;Wishbone:0.524;Cruella:0.505;T045:0.499,0,,,
2026-10-10T12:40:18,20261010-124015-ead905,identify,best,IMG_8030.jpg,,Jigsaw,0.75,Jigsaw:0.75;T039_70:0.72;Wishbone:0.68;T066:0.64;Compass:0.62,1,,,spot 0.7
2026-10-10T12:40:18,20261010-124015-ead905,identify,sift,IMG_8030.jpg,"[46, 230, 592, 765]",Jigsaw,0.7,Jigsaw:0.7;T039_70:0.7;T066:0.7;Wishbone:0.6;Bubbles:0.5,1,,,
2026-10-10T12:40:18,20261010-124015-ead905,identify,combined,IMG_8030.jpg,"[46, 230, 592, 765]",T122,0.487,T122:0.487;Rooster_II:0.392;Rooster:0.314;Compass:0.306;Shingles:0.305,0,,,
2026-10-10T12:40:18,20261010-124015-ead905,identify,full,IMG_8030.jpg,,Rooster,0.644,Rooster:0.644;Emoji:0.608;T122:0.494;Flower:0.478;Esther:0.475,0,,,
2026-10-10T12:40:18,20261010-124015-ead905,identify,crop,IMG_8030.jpg,"[46, 230, 592, 765]",T122,0.628,T122:0.628;Emoji:0.549;T117:0.516;Shingles:0.441;Flower:0.435,0,,,
2026-10-10T12:40:18,20261010-124015-ead905,identify,tight,IMG_8030.jpg,"[46, 230, 592, 765]",Compass,0.643,Compass:0.643;T122:0.543;Shingles:0.529;Wishbone:0.493;T045:0.485,0,,,
2026-10-10T12:40:22,20261010-124018-9f9274,identify,best,IMG_8031.JPEG,,Cruella,0.89,Cruella:0.89;T117:0.77;Shingles:0.66;T066:0.65;T039_70:0.64,1,,,spot 0.4
2026-10-10T12:40:22,20261010-124018-9f9274,identify,sift,IMG_8031.JPEG,"[698, 644, 747, 689]",T117,0.5,T117:0.5;Shingles:0.5;Flower:0.5;Rooster_II:0.5;T045:0.4,1,,,
2026-10-10T12:40:22,20261010-124018-9f9274,identify,combined,IMG_8031.JPEG,"[698, 644, 747, 689]",Cruella,0.577,Cruella:0.577;T117:0.36;T066:0.307;T039_70:0.304;T122:0.271,0,,,
2026-10-10T12:40:22,20261010-124018-9f9274,identify,full,IMG_8031.JPEG,,T117,0.461,T117:0.461;Lotus:0.382;Esther:0.335;T026:0.324;Cruella:0.319,0,,,
2026-10-10T12:40:22,20261010-124018-9f9274,identify,crop,IMG_8031.JPEG,"[698, 644, 747, 689]",Cruella,0.677,Cruella:0.677;Jazzy:0.496;Jigsaw:0.46;D.E.P.:0.373;Esther:0.366,0,,,
2026-10-10T12:40:22,20261010-124018-9f9274,identify,tight,IMG_8031.JPEG,"[698, 644, 747, 689]",Cruella,0.858,Cruella:0.858;T117:0.58;Esther:0.479;Jigsaw:0.474;T039_70:0.382,0,,,
2026-10-10T12:40:25,20261010-124022-797964,identify,best,image0.jpg,,D.E.P.,1.0,D.E.P.:1.0;Glyph:0.99;Cruella:0.97;Jigsaw:0.89;Shingles:0.87,1,,,spot 0.8
2026-10-10T12:40:25,20261010-124022-797964,identify,sift,image0.jpg,"[332, 273, 868, 922]",Jigsaw,1.1,Jigsaw:1.1;T039_70:1.1;Cruella:1.1;D.E.P.:0.8;T117:0.8,1,,,
2026-10-10T12:40:25,20261010-124022-797964,identify,combined,image0.jpg,"[332, 273, 868, 922]",Jazzy,0.445,Jazzy:0.445;D.E.P.:0.386;Bubbles:0.386;Shingles:0.378;Glyph:0.377,0,,,
2026-10-10T12:40:25,20261010-124022-797964,identify,full,image0.jpg,,T122,0.472,T122:0.472;Jazzy:0.438;Shingles:0.394;Bubbles:0.391;Flower_2:0.368,0,,,
2026-10-10T12:40:25,20261010-124022-797964,identify,crop,image0.jpg,"[332, 273, 868, 922]",Shingles,0.52,Shingles:0.52;Cruella:0.47;D.E.P.:0.378;Jazzy:0.376;T122:0.375,0,,,
2026-10-10T12:40:25,20261010-124022-797964,identify,tight,image0.jpg,"[332, 273, 868, 922]",Rooster_II,0.581,Rooster_II:0.581;Jazzy:0.558;Glyph:0.521;D.E.P.:0.487;Cruella:0.435,0,,,
2026-10-10T12:40:27,20261010-124025-3959e1,identify,best,image2 2.JPEG,,Jigsaw,1.07,Jigsaw:1.07;Esther:1.06;Cruella:1.03;Shingles:0.87;Lotus:0.81,1,,,spot 0.6
2026-10-10T12:40:27,20261010-124025-3959e1,identify,sift,image2 2.JPEG,"[414, 280, 477, 442]",Sunflower,0.8,Sunflower:0.8;Chopsticks:0.8;Shingles:0.8;Spikey:0.8;Cruella:0.8,1,,,
2026-10-10T12:40:27,20261010-124025-3959e1,identify,combined,image2 2.JPEG,"[414, 280, 477, 442]",Jigsaw,0.59,Jigsaw:0.59;Esther:0.575;Cruella:0.422;T039_70:0.351;Lotus:0.326,0,,,
2026-10-10T12:40:27,20261010-124025-3959e1,identify,full,image2 2.JPEG,,Shingles,0.607,Shingles:0.607;T104:0.426;Chopsticks:0.402;T045:0.398;T117:0.39,0,,,
2026-10-10T12:40:27,20261010-124025-3959e1,identify,crop,image2 2.JPEG,"[414, 280, 477, 442]",Esther,0.746,Esther:0.746;Cruella:0.536;Shingles:0.456;Jigsaw:0.428;Jazzy:0.421,0,,,
2026-10-10T12:40:27,20261010-124025-3959e1,identify,tight,image2 2.JPEG,"[414, 280, 477, 442]",Jigsaw,0.743,Jigsaw:0.743;Esther:0.677;Cruella:0.574;T039_70:0.501;Lotus:0.487,0,,,
2026-10-10T12:40:30,20261010-124027-00c395,identify,best,image2.JPEG,,Jazzy,2.11,Jazzy:2.11;Glyph:0.67;Spikey:0.67;D.E.P.:0.59;Bubbles:0.55,1,,,spot 3.5
2026-10-10T12:40:30,20261010-124027-00c395,identify,sift,image2.JPEG,"[183, 303, 672, 718]",Jazzy,3.5,Jazzy:3.5;Spikey:0.6;T122:0.6;T103x:0.4;Glyph:0.4,1,,,
2026-10-10T12:40:30,20261010-124027-00c395,identify,combined,image2.JPEG,"[183, 303, 672, 718]",Jazzy,0.594,Jazzy:0.594;D.E.P.:0.375;Glyph:0.358;T117:0.331;Bubbles:0.327,0,,,
2026-10-10T12:40:30,20261010-124027-00c395,identify,full,image2.JPEG,,Jazzy,0.485,Jazzy:0.485;T117:0.48;Cruella:0.475;T104:0.457;Flower_2:0.364,0,,,
2026-10-10T12:40:30,20261010-124027-00c395,identify,crop,image2.JPEG,"[183, 303, 672, 718]",Jazzy,0.651,Jazzy:0.651;T104:0.472;T117:0.404;Cruella:0.396;Compass:0.384,0,,,
2026-10-10T12:40:30,20261010-124027-00c395,identify,tight,image2.JPEG,"[183, 303, 672, 718]",Jazzy,0.7,Jazzy:0.7;D.E.P.:0.651;Compass:0.546;Glyph:0.489;Rooster_II:0.478,0,,,
2026-10-10T12:40:33,20261010-124030-7b4a63,identify,best,image3.jpg,,Jazzy,1.59,Jazzy:1.59;T117:0.54;T045:0.51;Glyph:0.51;T016:0.5,1,,,spot 2.6
2026-10-10T12:40:33,20261010-124030-7b4a63,identify,sift,image3.jpg,"[152, 276, 856, 951]",Jazzy,2.6,Jazzy:2.6;T117:0.4;T045:0.4;T016:0.4;Shingles:0.3,1,,,
2026-10-10T12:40:33,20261010-124030-7b4a63,identify,combined,image3.jpg,"[152, 276, 856, 951]",Glyph,0.388,Glyph:0.388;Jazzy:0.305;Flower:0.297;Faded_Flower:0.284;D.E.P.:0.276,0,,,
2026-10-10T12:40:33,20261010-124030-7b4a63,identify,full,image3.jpg,,Jazzy,0.531,Jazzy:0.531;T117:0.477;T104:0.42;T122:0.403;Flower_2:0.4,0,,,
2026-10-10T12:40:33,20261010-124030-7b4a63,identify,crop,image3.jpg,"[152, 276, 856, 951]",T122,0.448,T122:0.448;Cruella:0.41;Compass:0.389;Fist:0.38;Flower_2:0.341,0,,,
2026-10-10T12:40:33,20261010-124030-7b4a63,identify,tight,image3.jpg,"[152, 276, 856, 951]",Jazzy,0.645,Jazzy:0.645;Glyph:0.626;Cruella:0.6;Sunflower:0.51;Shingles:0.436,0,,,
2026-10-10T12:53:02,20261010-123237-f26e03,feedback,,,,,,,,known,Compass,
2026-10-10T12:54:35,20261010-122253-e0cd06,feedback,,,,,,,,new_turtle,,
2026-10-10T12:54:37,20261010-122253-e0cd06,feedback,,,,,,,,new_turtle,,
2026-10-10T12:54:39,20261010-122255-75b3ec,feedback,,,,,,,,new_turtle,,
2026-10-10T12:54:52,20261010-122258-b439ca,feedback,,,,,,,,new_turtle,,
2026-10-10T12:54:55,20261010-122300-86ba9e,feedback,,,,,,,,new_turtle,,
2026-10-10T12:54:57,20261010-122303-9b6110,feedback,,,,,,,,new_turtle,,
2026-10-10T12:54:59,20261010-122305-17876d,feedback,,,,,,,,new_turtle,,
2026-10-10T12:55:00,20261010-122317-70fad9,feedback,,,,,,,,new_turtle,,
2026-10-10T12:55:01,20261010-122320-78e246,feedback,,,,,,,,new_turtle,,
2026-10-10T12:55:03,20261010-122323-a9f20a,feedback,,,,,,,,new_turtle,,
2026-10-10T12:55:08,20261010-122229-5e37f7,feedback,,,,,,,,new_turtle,,
2026-10-10T12:55:12,20261010-122233-1cc06a,feedback,,,,,,,,new_turtle,,
2026-10-10T12:55:34,20261010-122340-e90604,feedback,,,,,,,,new_turtle,,
2026-10-10T12:55:40,20261010-122344-364fa6,feedback,,,,,,,,new_turtle,,
2026-10-10T12:55:47,20261010-122347-9f800d,feedback,,,,,,,,new_turtle,,
2026-10-10T12:55:48,20261010-122350-d56ed7,feedback,,,,,,,,new_turtle,,
2026-10-10T12:55:53,20261010-122352-f2e78e,feedback,,,,,,,,new_turtle,,
2026-10-10T12:55:57,20261010-122354-6229c4,feedback,,,,,,,,new_turtle,,
2026-10-10T12:55:59,20261010-122356-5ec9a0,feedback,,,,,,,,new_turtle,,
2026-10-10T12:56:00,20261010-122358-c1b4b2,feedback,,,,,,,,new_turtle,,
2026-10-10T12:56:01,20261010-122400-79874e,feedback,,,,,,,,new_turtle,,
2026-10-10T12:56:03,20261010-122402-c5871e,feedback,,,,,,,,new_turtle,,
2026-10-10T12:56:05,20261010-122404-4bfdc3,feedback,,,,,,,,new_turtle,,
2026-10-10T12:56:09,20261010-122407-3ccb29,feedback,,,,,,,,new_turtle,,
2026-10-10T12:56:11,20261010-122409-2fd084,feedback,,,,,,,,new_turtle,,
2026-10-10T12:56:13,20261010-122412-1ab4a1,feedback,,,,,,,,new_turtle,,
2026-10-10T12:56:15,20261010-122415-61dd3b,feedback,,,,,,,,new_turtle,,
2026-10-10T12:56:17,20261010-122417-5fddef,feedback,,,,,,,,new_turtle,,
2026-10-10T12:56:23,20261010-122417-5fddef,feedback,,,,,,,,new_turtle,,
2026-10-10T12:56:38,20261010-122420-65d636,feedback,,,,,,,,new_turtle,,
2026-10-10T12:56:39,20261010-122424-c0f2b3,feedback,,,,,,,,new_turtle,,
2026-10-10T12:56:40,20261010-122427-7989a8,feedback,,,,,,,,new_turtle,,
2026-10-10T12:56:43,20261010-122430-02b10f,feedback,,,,,,,,new_turtle,,
2026-10-10T12:56:44,20261010-122433-424d0b,feedback,,,,,,,,new_turtle,,
2026-10-10T12:56:45,20261010-122436-df45e6,feedback,,,,,,,,new_turtle,,
2026-10-10T12:56:47,20261010-122438-366e34,feedback,,,,,,,,new_turtle,,
2026-10-10T12:56:50,20261010-122443-a11086,feedback,,,,,,,,new_turtle,,
2026-10-10T12:59:04,20261010-123732-84c724,feedback,,,,,,,,new_turtle,,
2026-10-10T12:59:05,20261010-123734-bf80c8,feedback,,,,,,,,new_turtle,,
2026-10-10T12:59:27,20261010-122446-761624,feedback,,,,,,,,new_turtle,,
2026-10-10T12:59:29,20261010-122450-661f3c,feedback,,,,,,,,new_turtle,,
2026-10-10T12:59:32,20261010-122452-18602a,feedback,,,,,,,,new_turtle,,
2026-10-10T12:59:34,20261010-122454-020be8,feedback,,,,,,,,new_turtle,,
2026-10-10T12:59:35,20261010-122456-f65b4a,feedback,,,,,,,,new_turtle,,
2026-10-10T12:59:36,20261010-122459-ffec9d,feedback,,,,,,,,new_turtle,,
2026-10-10T12:59:48,20261010-122501-248a82,feedback,,,,,,,,new_turtle,,
2026-10-10T12:59:54,20261010-122504-9283eb,feedback,,,,,,,,new_turtle,,
2026-10-10T12:59:56,20261010-122506-302bdd,feedback,,,,,,,,new_turtle,,
2026-10-10T13:00:01,20261010-122509-c30ea6,feedback,,,,,,,,new_turtle,,
2026-10-10T13:00:04,20261010-120513-426e48,feedback,,,,,,,,new_turtle,,
2026-10-10T13:00:44,20261010-122511-3d5776,feedback,,,,,,,,new_turtle,,
2026-10-10T13:00:46,20261010-122514-1947b7,feedback,,,,,,,,new_turtle,,
2026-10-10T13:00:49,20261010-122517-a47ff0,feedback,,,,,,,,new_turtle,,
2026-10-10T13:00:50,20261010-122519-305d46,feedback,,,,,,,,new_turtle,,
2026-10-10T13:00:52,20261010-122525-28bb26,feedback,,,,,,,,new_turtle,,
2026-10-10T13:00:54,20261010-122527-5a6fb7,feedback,,,,,,,,new_turtle,,
2026-10-10T13:01:39,20261010-122529-fdf188,feedback,,,,,,,,known,Faded_Flower,
2026-10-10T13:01:44,20261010-122531-08939d,feedback,,,,,,,,known,Faded_Flower,
2026-10-10T13:01:45,20261010-122535-9366fd,feedback,,,,,,,,known,Faded_Flower,
2026-10-10T13:01:47,20261010-122538-318e9b,feedback,,,,,,,,known,Faded_Flower,
2026-10-10T13:01:48,20261010-114252-faf732,feedback,,,,,,,,known,Faded_Flower,
2026-10-10T13:01:50,20261010-114306-9504ec,feedback,,,,,,,,known,Faded_Flower,
2026-10-10T13:01:51,20261010-122543-349dd6,feedback,,,,,,,,known,Faded_Flower,
2026-10-10T13:01:53,20261010-122540-61a300,feedback,,,,,,,,known,Faded_Flower,
2026-10-10T13:01:55,20261010-122545-5ec34e,feedback,,,,,,,,known,Faded_Flower,
2026-10-10T13:01:56,20261010-122549-f70557,feedback,,,,,,,,known,Faded_Flower,
2026-10-10T13:01:58,20261010-122551-13512e,feedback,,,,,,,,known,Chopsticks,
2026-10-10T13:02:02,20261010-122551-13512e,feedback,,,,,,,,known,Chopsticks,
2026-10-10T13:02:35,20261010-122551-13512e,feedback,,,,,,,,new_turtle,,
2026-10-10T13:02:38,20261010-122555-d0ba08,feedback,,,,,,,,new_turtle,,
2026-10-10T13:02:45,20261010-122602-4461ec,feedback,,,,,,,,new_turtle,,
2026-10-10T13:03:34,20261010-122606-df2ae9,feedback,,,,,,,,new_turtle,,
2026-10-10T13:03:35,20261010-122608-d0909a,feedback,,,,,,,,new_turtle,,
2026-10-10T13:03:37,20261010-122611-2492e1,feedback,,,,,,,,new_turtle,,
2026-10-10T13:03:49,20261010-122615-d7fa73,feedback,,,,,,,,known,Cruella,
2026-10-10T13:03:53,20261010-122618-64aac9,feedback,,,,,,,,known,Cruella,
2026-10-10T13:04:08,20261010-122622-126d39,feedback,,,,,,,,known,Cruella,
2026-10-10T13:04:14,20261010-122629-84d06a,feedback,,,,,,,,known,Cruella,
2026-10-10T13:04:15,20261010-122631-8aa0f9,feedback,,,,,,,,known,Cruella,
2026-10-10T13:04:20,20261010-122634-52ba5e,feedback,,,,,,,,known,Cruella,
2026-10-10T13:04:26,20261010-122636-4becdf,feedback,,,,,,,,known,Cruella,
2026-10-10T13:04:26,20261010-122640-e691bb,feedback,,,,,,,,known,Cruella,
2026-10-10T13:04:39,20261010-122643-8eb5a1,feedback,,,,,,,,known,Compass,
2026-10-10T13:04:44,20261010-122645-1686b5,feedback,,,,,,,,known,Compass,
2026-10-10T13:04:46,20261010-122648-1ecc25,feedback,,,,,,,,known,Compass,
2026-10-10T13:04:49,20261010-122650-91db74,feedback,,,,,,,,known,Compass,
2026-10-10T13:04:51,20261010-122653-ab6dcb,feedback,,,,,,,,known,Compass,
2026-10-10T13:05:05,20261010-122655-4b7e3b,feedback,,,,,,,,known,Shingles,
2026-10-10T13:05:21,20261010-122658-6ce430,feedback,,,,,,,,known,Shingles,
2026-10-10T13:05:24,20261010-122700-0510df,feedback,,,,,,,,known,Shingles,
2026-10-10T13:05:30,20261010-122703-fecf90,feedback,,,,,,,,known,Shingles,
2026-10-10T13:05:41,20261010-122705-3f6220,feedback,,,,,,,,known,Shingles,
2026-10-10T13:05:42,20261010-115009-9542e7,feedback,,,,,,,,known,Shingles,
2026-10-10T13:06:15,20261010-122709-144eeb,feedback,,,,,,,,new_turtle,,
2026-10-10T13:06:16,20261010-122712-46f26d,feedback,,,,,,,,new_turtle,,
2026-10-10T13:06:18,20261010-122715-847b4c,feedback,,,,,,,,new_turtle,,
2026-10-10T13:06:19,20261010-122718-cf981e,feedback,,,,,,,,new_turtle,,
2026-10-10T13:06:20,20261010-122722-4f531b,feedback,,,,,,,,new_turtle,,
2026-10-10T13:06:22,20261010-122724-4a9780,feedback,,,,,,,,new_turtle,,
2026-10-10T13:06:23,20261010-122729-dfeb69,feedback,,,,,,,,new_turtle,,
2026-10-10T13:06:26,20261010-122732-256d93,feedback,,,,,,,,new_turtle,,
2026-10-10T13:06:30,20261010-122736-a30d1c,feedback,,,,,,,,new_turtle,,
2026-10-10T13:06:31,20261010-122739-6f777f,feedback,,,,,,,,new_turtle,,
2026-10-10T13:06:33,20261010-122742-a01c2e,feedback,,,,,,,,new_turtle,,
2026-10-10T13:06:52,20261010-122755-7407e7,feedback,,,,,,,,new_turtle,,
2026-10-10T13:06:54,20261010-122757-747958,feedback,,,,,,,,new_turtle,,
2026-10-10T13:07:04,20261010-122800-de4877,feedback,,,,,,,,new_turtle,,
2026-10-10T13:07:07,20261010-122803-cc8b59,feedback,,,,,,,,new_turtle,,
2026-10-10T13:07:08,20261010-122806-b78557,feedback,,,,,,,,new_turtle,,
2026-10-10T13:07:13,20261010-122808-af9e82,feedback,,,,,,,,new_turtle,,
2026-10-10T13:07:16,20261010-122810-58f924,feedback,,,,,,,,new_turtle,,
2026-10-10T13:07:22,20261010-122813-ec0b8f,feedback,,,,,,,,new_turtle,,
2026-10-10T13:07:24,20261010-122816-fa64eb,feedback,,,,,,,,new_turtle,,
2026-10-10T13:07:34,20261010-122819-e53692,feedback,,,,,,,,new_turtle,,
2026-10-10T13:07:35,20261010-122822-44803e,feedback,,,,,,,,new_turtle,,
2026-10-10T13:07:36,20261010-122824-71ca43,feedback,,,,,,,,new_turtle,,
2026-10-10T13:07:38,20261010-122827-63101e,feedback,,,,,,,,new_turtle,,
2026-10-10T13:07:48,20261010-115154-75d49f,feedback,,,,,,,,known,Flower,
2026-10-10T13:07:49,20261010-122829-e99d8b,feedback,,,,,,,,known,Flower,
2026-10-10T13:07:50,20261010-122832-f3a724,feedback,,,,,,,,known,Flower,
2026-10-10T13:07:52,20261010-122835-7e3299,feedback,,,,,,,,known,Flower,
2026-10-10T13:07:53,20261010-122839-421fda,feedback,,,,,,,,known,Flower,
2026-10-10T13:07:55,20261010-122842-2758e0,feedback,,,,,,,,known,Flower,
2026-10-10T13:07:56,20261010-122845-4f9f74,feedback,,,,,,,,known,Flower,
2026-10-10T13:07:58,20261010-122849-771902,feedback,,,,,,,,known,Flower,
2026-10-10T13:07:59,20261010-122852-4e6770,feedback,,,,,,,,known,Flower,
2026-10-10T13:08:03,20261010-122855-e5489a,feedback,,,,,,,,bad_photo,,
2026-10-10T13:08:19,20261010-122859-c8d0cb,feedback,,,,,,,,known,Flower,
2026-10-10T13:08:21,20261010-122901-da0b32,feedback,,,,,,,,known,Flower,
2026-10-10T13:08:23,20261010-122904-c76d56,feedback,,,,,,,,known,Flower,
2026-10-10T13:08:24,20261010-122907-da00b5,feedback,,,,,,,,known,Flower,
2026-10-10T13:09:02,20261010-122910-c64a0a,feedback,,,,,,,,known,Flower,
2026-10-10T13:09:03,20261010-115304-f0aeec,feedback,,,,,,,,known,Flower,
2026-10-10T13:09:04,20261010-122912-855a51,feedback,,,,,,,,known,Flower,
2026-10-10T13:09:06,20261010-122915-85a213,feedback,,,,,,,,known,Flower,
2026-10-10T13:09:10,20261010-115920-2f39b8,feedback,,,,,,,,known,Flower,
2026-10-10T13:09:12,20261010-115843-647816,feedback,,,,,,,,known,Flower,
2026-10-10T13:09:21,20261010-122917-1a3b2e,feedback,,,,,,,,known,Flower,
2026-10-10T13:09:25,20261010-122920-c68d90,feedback,,,,,,,,known,Flower,
2026-10-10T13:09:28,20261010-122922-fd73f0,feedback,,,,,,,,known,Flower,
2026-10-10T13:09:34,20261010-115709-ec0fe3,feedback,,,,,,,,known,Flower,
2026-10-10T13:09:35,20261010-115327-494099,feedback,,,,,,,,known,Flower,
2026-10-10T13:10:50,20261010-122925-c64af0,feedback,,,,,,,,new_turtle,,
2026-10-10T13:10:52,20261010-122929-1b3d90,feedback,,,,,,,,new_turtle,,
2026-10-10T13:10:53,20261010-122932-fe9089,feedback,,,,,,,,new_turtle,,
2026-10-10T13:10:55,20261010-122934-6ad5d9,feedback,,,,,,,,new_turtle,,
2026-10-10T13:10:56,20261010-122936-d2a182,feedback,,,,,,,,new_turtle,,
2026-10-10T13:10:57,20261010-122939-cb2058,feedback,,,,,,,,new_turtle,,
2026-10-10T13:11:00,20261010-122942-b9837c,feedback,,,,,,,,new_turtle,,
2026-10-10T13:11:04,20261010-122944-da1269,feedback,,,,,,,,new_turtle,,
2026-10-10T13:11:10,20261010-122948-3a9cd0,feedback,,,,,,,,known,Aztec,
2026-10-10T13:11:11,20261010-122952-a08bd7,feedback,,,,,,,,known,Aztec,
2026-10-10T13:11:14,20261010-122956-ce1d7b,feedback,,,,,,,,known,Aztec,
2026-10-10T13:11:15,20261010-122958-5f539f,feedback,,,,,,,,known,Aztec,
2026-10-10T13:11:24,20261010-123001-0810e3,feedback,,,,,,,,known,Shingles,
2026-10-10T13:11:28,20261010-123737-9195c8,feedback,,,,,,,,known,Jazzy,
2026-10-10T13:11:29,20261010-124030-7b4a63,feedback,,,,,,,,known,Jazzy,
2026-10-10T13:11:30,20261010-124027-00c395,feedback,,,,,,,,known,Jazzy,
2026-10-10T13:11:31,20261010-123741-fd8001,feedback,,,,,,,,known,Jazzy,
2026-10-10T13:11:32,20261010-124022-797964,feedback,,,,,,,,known,D.E.P.,
2026-10-10T13:11:38,20261010-124022-797964,feedback,,,,,,,,known,Jazzy,
2026-10-10T13:11:41,20261010-120104-dcbe05,feedback,,,,,,,,known,Jazzy,
2026-10-10T13:11:46,20261010-123743-de142d,feedback,,,,,,,,known,Jazzy,
2026-10-10T13:11:50,20261010-123747-87208c,feedback,,,,,,,,known,Jazzy,
2026-10-10T13:11:54,20261010-123749-8bf1e9,feedback,,,,,,,,known,Jazzy,
2026-10-10T13:11:59,20261010-123752-c914cd,feedback,,,,,,,,known,Jazzy,
2026-10-10T13:12:03,20261010-123754-d243dc,feedback,,,,,,,,known,Jazzy,
2026-10-10T13:12:05,20261010-123757-745b89,feedback,,,,,,,,known,Jazzy,
2026-10-10T13:12:10,20261010-120204-dd0090,feedback,,,,,,,,known,Jazzy,
2026-10-10T13:12:11,20261010-123801-62948a,feedback,,,,,,,,known,Jazzy,
2026-10-10T13:12:30,20261010-123009-e74c60,feedback,,,,,,,,known,Cruella,
2026-10-10T13:12:32,20261010-123011-4aedf8,feedback,,,,,,,,known,Cruella,
2026-10-10T13:12:34,20261010-123015-bcab7f,feedback,,,,,,,,known,Cruella,
2026-10-10T13:12:36,20261010-123018-4eddd7,feedback,,,,,,,,known,Cruella,
2026-10-10T13:12:37,20261010-123020-93be3b,feedback,,,,,,,,known,Cruella,
2026-10-10T13:12:39,20261010-123023-cefc54,feedback,,,,,,,,known,Cruella,
2026-10-10T13:12:41,20261010-123027-4f8365,feedback,,,,,,,,known,Cruella,
2026-10-10T13:12:43,20261010-123031-88e00f,feedback,,,,,,,,known,Cruella,
2026-10-10T13:13:18,20261010-123034-438c15,feedback,,,,,,,,new_turtle,,
2026-10-10T13:13:21,20261010-123038-2285da,feedback,,,,,,,,new_turtle,,
2026-10-10T13:13:22,20261010-123041-aa7684,feedback,,,,,,,,new_turtle,,
2026-10-10T13:13:24,20261010-123044-784312,feedback,,,,,,,,new_turtle,,
2026-10-10T13:13:28,20261010-123047-b3d7f7,feedback,,,,,,,,new_turtle,,
2026-10-10T13:13:30,20261010-123051-a1840e,feedback,,,,,,,,new_turtle,,
2026-10-10T13:13:34,20261010-123054-e66377,feedback,,,,,,,,new_turtle,,
2026-10-10T13:14:01,20261010-123056-9612b9,feedback,,,,,,,,known,Cruella,
2026-10-10T13:14:03,20261010-123058-a90a47,feedback,,,,,,,,known,Cruella,
2026-10-10T13:14:05,20261010-123101-18502b,feedback,,,,,,,,known,Cruella,
2026-10-10T13:14:14,20261010-123103-6d717f,feedback,,,,,,,,known,Faded_Flower,
2026-10-10T13:14:16,20261010-123106-2327a7,feedback,,,,,,,,known,Faded_Flower,
2026-10-10T13:14:17,20261010-114522-115cf2,feedback,,,,,,,,known,Faded_Flower,
2026-10-10T13:14:40,20261010-123109-7b2a05,feedback,,,,,,,,new_turtle,,
2026-10-10T13:14:43,20261010-123111-383777,feedback,,,,,,,,new_turtle,,
2026-10-10T13:14:44,20261010-123115-572d51,feedback,,,,,,,,new_turtle,,
2026-10-10T13:14:46,20261010-123118-8b695e,feedback,,,,,,,,new_turtle,,
2026-10-10T13:14:49,20261010-123122-74dff1,feedback,,,,,,,,new_turtle,,
2026-10-10T13:15:00,20261010-123125-ff6931,feedback,,,,,,,,new_turtle,,
2026-10-10T13:15:15,20261010-123128-0d67f3,feedback,,,,,,,,new_turtle,,
2026-10-10T13:15:49,20261010-123131-c82fbd,feedback,,,,,,,,new_turtle,,
2026-10-10T13:17:13,20261010-123134-20c089,feedback,,,,,,,,known,Faded_Flower,
2026-10-10T13:17:14,20261010-114606-8acf49,feedback,,,,,,,,known,Faded_Flower,
2026-10-10T13:17:16,20261010-123137-7f193c,feedback,,,,,,,,known,Faded_Flower,
2026-10-10T13:17:17,20261010-123139-791782,feedback,,,,,,,,known,Faded_Flower,
2026-10-10T13:17:27,20261010-123143-641149,feedback,,,,,,,,known,Compass,
2026-10-10T13:17:28,20261010-123145-934300,feedback,,,,,,,,known,Compass,
2026-10-10T13:17:30,20261010-123148-10f072,feedback,,,,,,,,known,Compass,
2026-10-10T13:17:33,20261010-123150-e15a6a,feedback,,,,,,,,known,Compass,
2026-10-10T13:17:34,20261010-115604-920515,feedback,,,,,,,,known,Compass,
2026-10-10T13:17:43,20261010-123154-f361fb,feedback,,,,,,,,known,Compass,
2026-10-10T13:18:21,20261010-123157-8e84f5,feedback,,,,,,,,new_turtle,,
2026-10-10T13:18:22,20261010-123200-faf2ea,feedback,,,,,,,,new_turtle,,
2026-10-10T13:18:24,20261010-123203-80b55b,feedback,,,,,,,,new_turtle,,
2026-10-10T13:18:27,20261010-123206-801fc0,feedback,,,,,,,,new_turtle,,
2026-10-10T13:18:30,20261010-123209-8e43cf,feedback,,,,,,,,bad_photo,,
2026-10-10T13:18:36,20261010-123221-69687f,feedback,,,,,,,,known,Cruella,
2026-10-10T13:18:38,20261010-123224-565e06,feedback,,,,,,,,known,Cruella,
2026-10-10T13:18:40,20261010-123227-f0ea34,feedback,,,,,,,,known,Cruella,
2026-10-10T13:18:44,20261010-123231-2e1a98,feedback,,,,,,,,known,Cruella,
2026-10-10T13:18:51,20261010-123234-4aaaaa,feedback,,,,,,,,known,Compass,
2026-10-10T13:18:55,20261010-123240-c0173a,feedback,,,,,,,,known,Compass,
2026-10-10T13:19:18,20261010-123242-700cbb,feedback,,,,,,,,known,Sunflower,
2026-10-10T13:19:20,20261010-123245-4176d3,feedback,,,,,,,,known,Sunflower,
2026-10-10T13:19:21,20261010-123248-6830da,feedback,,,,,,,,known,Sunflower,
2026-10-10T13:19:23,20261010-123251-01219d,feedback,,,,,,,,known,Sunflower,
2026-10-10T13:19:25,20261010-123255-3d2edd,feedback,,,,,,,,known,Sunflower,
2026-10-10T13:19:51,20261010-123300-6da569,feedback,,,,,,,,known,Lotus,
2026-10-10T13:19:52,20261010-123302-e0e202,feedback,,,,,,,,known,Lotus,
2026-10-10T13:19:54,20261010-123305-5e7a2e,feedback,,,,,,,,known,Lotus,
2026-10-10T13:19:56,20261010-123308-7cbb22,feedback,,,,,,,,known,Lotus,
2026-10-10T13:20:03,20261010-123311-6b2f35,feedback,,,,,,,,known,Chopsticks,
2026-10-10T13:20:14,20261010-123311-6b2f35,feedback,,,,,,,,known,Lotus,
2026-10-10T13:20:17,20261010-113754-2ee2f3,feedback,,,,,,,,known,Lotus,
2026-10-10T13:20:34,20261010-123316-083075,feedback,,,,,,,,known,Jigsaw,
2026-10-10T13:20:36,20261010-123319-7f7c43,feedback,,,,,,,,known,Jigsaw,
2026-10-10T13:20:39,20261010-123313-b37b43,feedback,,,,,,,,known,Jigsaw,
2026-10-10T13:20:43,20261010-123322-3e49d7,feedback,,,,,,,,known,Jigsaw,
2026-10-10T13:20:46,20261010-123325-e48342,feedback,,,,,,,,known,Jigsaw,
2026-10-10T13:21:00,20261010-123328-e882ef,feedback,,,,,,,,new_turtle,,
2026-10-10T13:21:01,20261010-123331-bb1973,feedback,,,,,,,,new_turtle,,
2026-10-10T13:21:04,20261010-123333-509ebb,feedback,,,,,,,,new_turtle,,
2026-10-10T13:21:09,20261010-123336-6ce11a,feedback,,,,,,,,new_turtle,,
2026-10-10T13:21:22,20261010-123339-65e72d,feedback,,,,,,,,bad_photo,,
2026-10-10T13:21:24,20261010-123344-00ba57,feedback,,,,,,,,known,Spikey,
2026-10-10T13:21:26,20261010-123346-5603eb,feedback,,,,,,,,known,Spikey,
2026-10-10T13:21:46,20261010-123349-079c24,feedback,,,,,,,,known,T117,
2026-10-10T13:21:49,20261010-123352-932a2d,feedback,,,,,,,,known,T117,
2026-10-10T13:21:51,20261010-123355-80784a,feedback,,,,,,,,known,T117,
2026-10-10T13:21:52,20261010-123400-f7de4c,feedback,,,,,,,,known,T117,
2026-10-10T13:22:04,20261010-123402-792ae9,feedback,,,,,,,,known,Compass,
2026-10-10T13:22:05,20261010-123405-54a775,feedback,,,,,,,,known,Compass,
2026-10-10T13:22:10,20261010-123409-9172e9,feedback,,,,,,,,known,T117,
2026-10-10T13:22:12,20261010-123412-b991bb,feedback,,,,,,,,known,T117,
2026-10-10T13:22:13,20261010-123415-b1ea86,feedback,,,,,,,,known,T117,
2026-10-10T13:22:17,20261010-123417-2dd931,feedback,,,,,,,,bad_photo,,
2026-10-10T13:22:36,20261010-123419-2de3c9,feedback,,,,,,,,known,Spikey,
2026-10-10T13:22:38,20261010-123422-a4b1c9,feedback,,,,,,,,known,Spikey,
2026-10-10T13:22:40,20261010-123426-e95a56,feedback,,,,,,,,known,Spikey,
2026-10-10T13:22:41,20261010-123429-e3b938,feedback,,,,,,,,known,Spikey,
2026-10-10T13:22:43,20261010-123431-e686a7,feedback,,,,,,,,known,Spikey,
2026-10-10T13:22:45,20261010-123433-5721e4,feedback,,,,,,,,known,Spikey,
2026-10-10T13:22:46,20261010-123438-979ed7,feedback,,,,,,,,bad_photo,,
2026-10-10T13:22:49,20261010-123440-f19fdf,feedback,,,,,,,,known,Spikey,
2026-10-10T13:22:53,20261010-123446-354aed,feedback,,,,,,,,known,Compass,
2026-10-10T13:22:54,20261010-123448-f88956,feedback,,,,,,,,known,Compass,
2026-10-10T13:22:57,20261010-123451-6150da,feedback,,,,,,,,bad_photo,,
2026-10-10T13:23:10,20261010-123454-d898e4,feedback,,,,,,,,new_turtle,,
2026-10-10T13:23:11,20261010-123456-686c59,feedback,,,,,,,,new_turtle,,
2026-10-10T13:23:13,20261010-123458-3c39f0,feedback,,,,,,,,new_turtle,,
2026-10-10T13:23:15,20261010-120814-088e42,feedback,,,,,,,,new_turtle,,
2026-10-10T13:23:24,20261010-120348-f84e3d,feedback,,,,,,,,known,Spikey,
2026-10-10T13:23:27,20261010-115354-e84069,feedback,,,,,,,,known,Spikey,
2026-10-10T13:23:32,20261010-123501-b3b570,feedback,,,,,,,,known,Emoji,
2026-10-10T13:23:34,20261010-123504-e08964,feedback,,,,,,,,known,Emoji,
2026-10-10T13:23:36,20261010-123507-52194c,feedback,,,,,,,,known,Emoji,
2026-10-10T13:23:49,20261010-123509-17dbd7,feedback,,,,,,,,known,Emoji,
2026-10-10T13:24:02,20261010-123512-066b38,feedback,,,,,,,,known,T117,
2026-10-10T13:24:03,20261010-123515-5a029f,feedback,,,,,,,,known,T117,
2026-10-10T13:24:05,20261010-123518-09203c,feedback,,,,,,,,known,T117,
2026-10-10T13:24:07,20261010-123521-aa531f,feedback,,,,,,,,known,T117,
2026-10-10T13:24:22,20261010-123524-d9aaa3,feedback,,,,,,,,known,T117,
2026-10-10T13:24:27,20261010-123527-73e1fa,feedback,,,,,,,,known,T117,
2026-10-10T13:24:36,20261010-123530-1e9490,feedback,,,,,,,,known,T117,
2026-10-10T13:24:44,20261010-123533-59f131,feedback,,,,,,,,bad_photo,,
2026-10-10T13:24:51,20261010-123533-59f131,feedback,,,,,,,,known,T117,
2026-10-10T13:24:58,20261010-123536-cb32fa,feedback,,,,,,,,known,T117,
2026-10-10T13:24:59,20261010-123539-5a8158,feedback,,,,,,,,known,T117,
2026-10-10T13:25:29,20261010-123541-fc9deb,feedback,,,,,,,,known,Emoji,
2026-10-10T13:25:31,20261010-123815-60e78c,feedback,,,,,,,,known,Emoji,
2026-10-10T13:25:32,20261010-123818-3dd8f6,feedback,,,,,,,,known,Emoji,
2026-10-10T13:25:35,20261010-123821-c38658,feedback,,,,,,,,known,Emoji,
2026-10-10T13:25:37,20261010-123826-52928b,feedback,,,,,,,,known,Shingles,
2026-10-10T13:26:07,20261010-123829-e698e4,feedback,,,,,,,,known,Emoji,
2026-10-10T13:26:31,20261010-122237-f78783,feedback,,,,,,,,new_turtle,,
2026-10-10T13:26:33,20261010-122241-706cad,feedback,,,,,,,,new_turtle,,
2026-10-10T13:26:35,20261010-122243-035a63,feedback,,,,,,,,new_turtle,,
2026-10-10T13:26:38,20261010-122246-4eaa8d,feedback,,,,,,,,new_turtle,,
2026-10-10T13:26:40,20261010-122249-11c82c,feedback,,,,,,,,new_turtle,,
2026-10-10T13:26:50,20261010-123833-b1ddc8,feedback,,,,,,,,known,T122,
2026-10-10T13:26:53,20261010-123837-1f4136,feedback,,,,,,,,known,T122,
2026-10-10T13:26:55,20261010-123840-a2ac3f,feedback,,,,,,,,known,T122,
2026-10-10T13:26:57,20261010-123842-1ef9a4,feedback,,,,,,,,known,T122,
2026-10-10T13:26:58,20261010-123845-16de37,feedback,,,,,,,,known,T122,
2026-10-10T13:27:00,20261010-123854-b4ab24,feedback,,,,,,,,known,T122,
2026-10-10T13:27:01,20261010-123851-f548d0,feedback,,,,,,,,known,T122,
2026-10-10T13:27:06,20261010-123857-889b92,feedback,,,,,,,,bad_photo,,
2026-10-10T13:27:11,20261010-123918-a17b2a,feedback,,,,,,,,known,Shingles,
2026-10-10T13:27:15,20261010-123859-af061f,feedback,,,,,,,,known,Shingles,
2026-10-10T13:27:17,20261010-123941-41ca86,feedback,,,,,,,,known,Shingles,
2026-10-10T13:27:18,20261010-123945-e09084,feedback,,,,,,,,known,Shingles,
2026-10-10T13:27:20,20261010-123948-732453,feedback,,,,,,,,known,Shingles,
2026-10-10T13:27:22,20261010-123952-e443c2,feedback,,,,,,,,known,Shingles,
2026-10-10T13:27:28,20261010-123955-e4170b,feedback,,,,,,,,bad_photo,,
2026-10-10T13:27:38,20261010-123958-0ee0a5,feedback,,,,,,,,known,Shingles,
2026-10-10T13:27:47,20261010-124001-18de9e,feedback,,,,,,,,new_turtle,,
2026-10-10T13:27:48,20261010-124005-5da635,feedback,,,,,,,,new_turtle,,
2026-10-10T13:27:49,20261010-124008-511383,feedback,,,,,,,,new_turtle,,
2026-10-10T13:27:51,20261010-124011-31086b,feedback,,,,,,,,new_turtle,,
2026-10-10T13:27:52,20261010-124015-ead905,feedback,,,,,,,,new_turtle,,
2026-10-10T13:27:54,20261010-124018-9f9274,feedback,,,,,,,,new_turtle,,
2026-10-10T13:27:59,20261010-123626-0f17f6,feedback,,,,,,,,new_turtle,,
2026-10-10T13:28:01,20261010-123629-a2cbf6,feedback,,,,,,,,new_turtle,,
2026-10-10T13:28:02,20261010-123616-8e25a4,feedback,,,,,,,,new_turtle,,
2026-10-10T13:28:03,20261010-123619-2b666c,feedback,,,,,,,,new_turtle,,
2026-10-10T13:28:05,20261010-123623-d937c2,feedback,,,,,,,,new_turtle,,
2026-10-10T13:28:08,20261010-123544-2ab878,feedback,,,,,,,,new_turtle,,
2026-10-10T13:28:09,20261010-123548-eb11cf,feedback,,,,,,,,new_turtle,,
2026-10-10T13:28:11,20261010-123551-27ff9d,feedback,,,,,,,,new_turtle,,
2026-10-10T13:28:12,20261010-123553-91c3de,feedback,,,,,,,,new_turtle,,
2026-10-10T13:28:13,20261010-123555-ee481d,feedback,,,,,,,,new_turtle,,
2026-10-10T13:28:15,20261010-123558-26d3f6,feedback,,,,,,,,new_turtle,,
2026-10-10T13:28:32,20261010-123601-c89b10,feedback,,,,,,,,bad_photo,,
2026-10-10T13:28:35,20261010-123603-55ad01,feedback,,,,,,,,new_turtle,,
2026-10-10T13:28:37,20261010-123606-b27ce5,feedback,,,,,,,,new_turtle,,
2026-10-10T13:28:39,20261010-123608-3de66d,feedback,,,,,,,,new_turtle,,
2026-10-10T13:28:41,20261010-123611-5a37d2,feedback,,,,,,,,bad_photo,,
2026-10-10T13:28:43,20261010-123613-3b0d0c,feedback,,,,,,,,new_turtle,,
2026-10-10T13:28:51,20261010-123632-9b74d7,feedback,,,,,,,,bad_photo,,
2026-10-10T13:28:59,20261010-123634-490b79,feedback,,,,,,,,known,Glyph,
2026-10-10T13:29:00,20261010-123637-1f43b8,feedback,,,,,,,,known,Glyph,
2026-10-10T13:29:01,20261010-123639-13220a,feedback,,,,,,,,known,Glyph,
2026-10-10T13:29:02,20261010-123643-6c23b8,feedback,,,,,,,,known,Glyph,
2026-10-10T13:29:03,20261010-123645-0d38c5,feedback,,,,,,,,known,Glyph,
2026-10-10T13:29:05,20261010-123649-d77584,feedback,,,,,,,,known,Glyph,
2026-10-10T13:29:15,20261010-123651-1c2f33,feedback,,,,,,,,known,Glyph,
2026-10-10T13:29:21,20261010-123654-b4a89e,feedback,,,,,,,,known,Glyph,
2026-10-10T13:29:24,20261010-123656-bdfc31,feedback,,,,,,,,bad_photo,,
2026-10-10T13:29:26,20261010-123658-4192c8,feedback,,,,,,,,bad_photo,,
2026-10-10T13:29:40,20261010-123700-a73adc,feedback,,,,,,,,known,Glyph,
2026-10-10T13:29:41,20261010-123703-5b8d7b,feedback,,,,,,,,known,Glyph,
2026-10-10T13:29:43,20261010-123705-8bcc2c,feedback,,,,,,,,known,Glyph,
2026-10-10T13:29:48,20261010-123708-031a7c,feedback,,,,,,,,bad_photo,,
2026-10-10T13:29:57,20261010-123710-1d9c5b,feedback,,,,,,,,new_turtle,,
2026-10-10T13:29:59,20261010-123713-2b45c4,feedback,,,,,,,,new_turtle,,
2026-10-10T13:30:00,20261010-123717-df6bb5,feedback,,,,,,,,new_turtle,,
2026-10-10T13:30:01,20261010-123720-555e17,feedback,,,,,,,,new_turtle,,
2026-10-10T13:30:02,20261010-123724-9c4bb4,feedback,,,,,,,,new_turtle,,
2026-10-10T13:30:03,20261010-123727-f62f2c,feedback,,,,,,,,new_turtle,,
2026-10-10T13:30:04,20261010-123730-a8d1bd,feedback,,,,,,,,new_turtle,,
2026-10-10T13:30:08,20261010-123257-b29518,feedback,,,,,,,,new_turtle,,
2026-10-10T13:30:12,20261010-120431-724e88,feedback,,,,,,,,new_turtle,,
2026-10-10T13:30:15,20261010-122745-4017ac,feedback,,,,,,,,bad_photo,,
2026-10-10T13:30:16,20261010-122749-457aad,feedback,,,,,,,,bad_photo,,
2026-10-10T13:30:18,20261010-122752-01aaf6,feedback,,,,,,,,bad_photo,,
2026-10-10T13:30:20,20261010-123004-37f00b,feedback,,,,,,,,known,Jazzy,
2026-10-10T13:30:21,20261010-123006-58385d,feedback,,,,,,,,known,Jazzy,
2026-10-10T13:30:26,20261010-123805-7ca52a,feedback,,,,,,,,new_turtle,,
2026-10-10T13:30:29,20261010-123809-ab67ac,feedback,,,,,,,,new_turtle,,
2026-10-10T13:30:31,20261010-123812-3c929c,feedback,,,,,,,,new_turtle,,
2026-10-10T13:30:33,20261010-124025-3959e1,feedback,,,,,,,,bad_photo,,
2026-10-10T13:30:52,20261010-122253-e0cd06,feedback,,,,,,,,bad_photo,,
2026-10-10T13:31:00,20261010-122323-a9f20a,feedback,,,,,,,,bad_photo,,
2026-10-10T13:31:05,20261010-122323-a9f20a,feedback,,,,,,,,known,Cruella,
2026-10-10T13:31:24,20261010-122407-3ccb29,feedback,,,,,,,,bad_photo,,
2026-10-10T13:31:26,20261010-122409-2fd084,feedback,,,,,,,,bad_photo,,
2026-10-10T13:31:27,20261010-122412-1ab4a1,feedback,,,,,,,,bad_photo,,
2026-10-10T13:31:29,20261010-122415-61dd3b,feedback,,,,,,,,bad_photo,,
2026-10-10T13:31:43,20261010-122417-5fddef,feedback,,,,,,,,bad_photo,,
2026-10-10T13:31:53,20261010-122404-4bfdc3,feedback,,,,,,,,bad_photo,,
2026-10-10T13:32:05,20261010-122511-3d5776,feedback,,,,,,,,bad_photo,,
2026-10-10T13:32:22,20261010-122755-7407e7,feedback,,,,,,,,bad_photo,,
2026-10-10T13:32:23,20261010-122757-747958,feedback,,,,,,,,bad_photo,,
2026-10-10T13:32:41,20261010-122910-c64a0a,feedback,,,,,,,,bad_photo,,
2026-10-10T13:32:45,20261010-122910-c64a0a,feedback,,,,,,,,known,Flower,
2026-10-10T13:32:51,20261010-122917-1a3b2e,feedback,,,,,,,,bad_photo,,
2026-10-10T13:32:53,20261010-122920-c68d90,feedback,,,,,,,,bad_photo,,
2026-10-10T13:33:09,20261010-123743-de142d,feedback,,,,,,,,bad_photo,,
2026-10-10T13:33:14,20261010-123747-87208c,feedback,,,,,,,,bad_photo,,
2026-10-10T13:33:16,20261010-123749-8bf1e9,feedback,,,,,,,,bad_photo,,
2026-10-10T13:33:18,20261010-123752-c914cd,feedback,,,,,,,,bad_photo,,
2026-10-10T13:33:24,20261010-123754-d243dc,feedback,,,,,,,,bad_photo,,
2026-10-10T13:33:51,20261010-123131-c82fbd,feedback,,,,,,,,bad_photo,,
2026-10-10T13:34:00,20261010-123154-f361fb,feedback,,,,,,,,bad_photo,,
2026-10-10T13:34:11,20261010-123154-f361fb,feedback,,,,,,,,known,Compass,
2026-10-10T13:34:18,20261010-123206-801fc0,feedback,,,,,,,,bad_photo,,
2026-10-10T13:34:34,20261010-123242-700cbb,feedback,,,,,,,,bad_photo,,
2026-10-10T13:34:40,20261010-123300-6da569,feedback,,,,,,,,bad_photo,,
2026-10-10T13:34:47,20261010-123313-b37b43,feedback,,,,,,,,bad_photo,,
2026-10-10T13:34:59,20261010-123349-079c24,feedback,,,,,,,,bad_photo,,
2026-10-10T13:35:19,20261010-123456-686c59,feedback,,,,,,,,bad_photo,,
2026-10-10T13:35:28,20261010-123512-066b38,feedback,,,,,,,,bad_photo,,
2026-10-10T13:35:34,20261010-123533-59f131,feedback,,,,,,,,bad_photo,,
2026-10-10T13:35:41,20261010-123829-e698e4,feedback,,,,,,,,bad_photo,,
2026-10-10T13:35:48,20261010-122246-4eaa8d,feedback,,,,,,,,bad_photo,,
